bubble,150,1000,1,19354, 0
bubble,150,1000,1,15015, 1008
bubble,150,1000,1,19150, 1024
bubble,150,1000,1,14387, 1040
bubble,150,1000,1,15101, 1056
bubble,150,1000,1,18919, 1072
bubble,150,1000,1,14475, 1088
bubble,150,1000,1,15749, 1104
bubble,150,1000,1,14431, 1120
bubble,150,1000,1,14568, 112
bubble,150,1000,1,14652, 1136
bubble,150,1000,1,14578, 1152
bubble,150,1000,1,17755, 1168
bubble,150,1000,1,13307, 1184
bubble,150,1000,1,27330, 1200
bubble,150,1000,1,17405, 1216
bubble,150,1000,1,16213, 1232
bubble,150,1000,1,19612, 1248
bubble,150,1000,1,17924, 1264
bubble,150,1000,1,15004, 1280
bubble,150,1000,1,15268, 128
bubble,150,1000,1,17326, 1296
bubble,150,1000,1,16065, 1312
bubble,150,1000,1,16021, 1328
bubble,150,1000,1,15800, 1344
bubble,150,1000,1,16036, 1360
bubble,150,1000,1,13415, 1376
bubble,150,1000,1,13120, 1392
bubble,150,1000,1,15059, 1408
bubble,150,1000,1,13633, 1424
bubble,150,1000,1,20231, 1440
bubble,150,1000,1,14667, 144
bubble,150,1000,1,29455, 1456
bubble,150,1000,1,15370, 1472
bubble,150,1000,1,15766, 1488
bubble,150,1000,1,15273, 1504
bubble,150,1000,1,14710, 1520
bubble,150,1000,1,25101, 1536
bubble,150,1000,1,19865, 1552
bubble,150,1000,1,15307, 1568
bubble,150,1000,1,16225, 1584
bubble,150,1000,1,19675, 1600
bubble,150,1000,1,39198, 160
bubble,150,1000,1,16533, 1616
bubble,150,1000,1,15772, 1632
bubble,150,1000,1,14943, 1648
bubble,150,1000,1,22142, 1664
bubble,150,1000,1,15835, 1680
bubble,150,1000,1,16144, 1696
bubble,150,1000,1,21321, 16
bubble,150,1000,1,15422, 1712
bubble,150,1000,1,15023, 1728
bubble,150,1000,1,18312, 1744
bubble,150,1000,1,17920, 1760
bubble,150,1000,1,14743, 176
bubble,150,1000,1,20875, 1776
bubble,150,1000,1,16119, 1792
bubble,150,1000,1,15861, 1808
bubble,150,1000,1,14699, 1824
bubble,150,1000,1,14706, 1840
bubble,150,1000,1,15339, 1856
bubble,150,1000,1,15775, 1872
bubble,150,1000,1,13993, 1888
bubble,150,1000,1,14540, 1904
bubble,150,1000,1,19609, 1920
bubble,150,1000,1,14076, 192
bubble,150,1000,1,20186, 1936
bubble,150,1000,1,27197, 1952
bubble,150,1000,1,14580, 1968
bubble,150,1000,1,32730, 1984
bubble,150,1000,1,15967, 2000
bubble,150,1000,1,12870, 2016
bubble,150,1000,1,15466, 2032
bubble,150,1000,1,15416, 2048
bubble,150,1000,1,14530, 2064
bubble,150,1000,1,15421, 2080
bubble,150,1000,1,20807, 208
bubble,150,1000,1,16352, 2096
bubble,150,1000,1,13257, 2112
bubble,150,1000,1,13553, 2128
bubble,150,1000,1,13685, 2144
bubble,150,1000,1,14047, 2160
bubble,150,1000,1,15389, 2176
bubble,150,1000,1,14844, 2192
bubble,150,1000,1,20722, 2208
bubble,150,1000,1,19218, 2224
bubble,150,1000,1,17574, 2240
bubble,150,1000,1,25854, 224
bubble,150,1000,1,15274, 2256
bubble,150,1000,1,14867, 2272
bubble,150,1000,1,18449, 2288
bubble,150,1000,1,14586, 2304
bubble,150,1000,1,14593, 2320
bubble,150,1000,1,17431, 2336
bubble,150,1000,1,14519, 2352
bubble,150,1000,1,14084, 2368
bubble,150,1000,1,14395, 2384
bubble,150,1000,1,18246, 2400
bubble,150,1000,1,15156, 240
bubble,150,1000,1,14488, 2416
bubble,150,1000,1,14520, 2432
bubble,150,1000,1,13689, 2448
bubble,150,1000,1,13906, 2464
bubble,150,1000,1,18654, 2480
bubble,150,1000,1,13469, 2496
bubble,150,1000,1,12912, 2512
bubble,150,1000,1,24306, 2528
bubble,150,1000,1,19934, 2544
bubble,150,1000,1,14158, 2560
bubble,150,1000,1,15878, 256
bubble,150,1000,1,28253, 2576
bubble,150,1000,1,19461, 2592
bubble,150,1000,1,15162, 2608
bubble,150,1000,1,18826, 2624
bubble,150,1000,1,16230, 2640
bubble,150,1000,1,15156, 2656
bubble,150,1000,1,20901, 2672
bubble,150,1000,1,18949, 2688
bubble,150,1000,1,19963, 2704
bubble,150,1000,1,16114, 2720
bubble,150,1000,1,14703, 272
bubble,150,1000,1,16384, 2736
bubble,150,1000,1,15181, 2752
bubble,150,1000,1,15133, 2768
bubble,150,1000,1,15769, 2784
bubble,150,1000,1,17971, 2800
bubble,150,1000,1,21892, 2816
bubble,150,1000,1,15452, 2832
bubble,150,1000,1,14880, 2848
bubble,150,1000,1,15392, 2864
bubble,150,1000,1,19900, 2880
bubble,150,1000,1,14256, 288
bubble,150,1000,1,24455, 2896
bubble,150,1000,1,19632, 2912
bubble,150,1000,1,26462, 2928
bubble,150,1000,1,32639, 2944
bubble,150,1000,1,38474, 2960
bubble,150,1000,1,19673, 2976
bubble,150,1000,1,15343, 2992
bubble,150,1000,1,14993, 3008
bubble,150,1000,1,15944, 3024
bubble,150,1000,1,15355, 3040
bubble,150,1000,1,15855, 304
bubble,150,1000,1,16926, 3056
bubble,150,1000,1,20924, 3072
bubble,150,1000,1,15014, 3088
bubble,150,1000,1,19280, 3104
bubble,150,1000,1,14018, 3120
bubble,150,1000,1,17199, 3136
bubble,150,1000,1,26535, 3152
bubble,150,1000,1,18068, 3168
bubble,150,1000,1,19526, 3184
bubble,150,1000,1,12285, 3200
bubble,150,1000,1,16696, 320
bubble,150,1000,1,15635, 3216
bubble,150,1000,1,19001, 3232
bubble,150,1000,1,20860, 3248
bubble,150,1000,1,14438, 3264
bubble,150,1000,1,14490, 3280
bubble,150,1000,1,17963, 3296
bubble,150,1000,1,15863, 32
bubble,150,1000,1,14999, 3312
bubble,150,1000,1,15607, 3328
bubble,150,1000,1,15458, 3344
bubble,150,1000,1,16598, 3360
bubble,150,1000,1,13840, 336
bubble,150,1000,1,19703, 3376
bubble,150,1000,1,14412, 3392
bubble,150,1000,1,13916, 3408
bubble,150,1000,1,14541, 3424
bubble,150,1000,1,42189, 3440
bubble,150,1000,1,15311, 3456
bubble,150,1000,1,20029, 3472
bubble,150,1000,1,14923, 3488
bubble,150,1000,1,27357, 3504
bubble,150,1000,1,16027, 3520
bubble,150,1000,1,14588, 352
bubble,150,1000,1,20462, 3536
bubble,150,1000,1,15607, 3552
bubble,150,1000,1,18634, 3568
bubble,150,1000,1,14851, 3584
bubble,150,1000,1,15183, 3600
bubble,150,1000,1,19686, 3616
bubble,150,1000,1,21674, 3632
bubble,150,1000,1,25784, 3648
bubble,150,1000,1,19306, 3664
bubble,150,1000,1,14734, 3680
bubble,150,1000,1,15777, 368
bubble,150,1000,1,14816, 3696
bubble,150,1000,1,16139, 3712
bubble,150,1000,1,14932, 3728
bubble,150,1000,1,15993, 3744
bubble,150,1000,1,22071, 3760
bubble,150,1000,1,16648, 3776
bubble,150,1000,1,19484, 3792
bubble,150,1000,1,15870, 3808
bubble,150,1000,1,16272, 3824
bubble,150,1000,1,19558, 3840
bubble,150,1000,1,15189, 384
bubble,150,1000,1,15956, 3856
bubble,150,1000,1,16390, 3872
bubble,150,1000,1,14294, 3888
bubble,150,1000,1,14721, 3904
bubble,150,1000,1,13807, 3920
bubble,150,1000,1,16192, 3936
bubble,150,1000,1,14247, 3952
bubble,150,1000,1,28600, 3968
bubble,150,1000,1,18068, 3984
bubble,150,1000,1,18789, 4000
bubble,150,1000,1,20249, 400
bubble,150,1000,1,15108, 4016
bubble,150,1000,1,17047, 4032
bubble,150,1000,1,21542, 4048
bubble,150,1000,1,15505, 4064
bubble,150,1000,1,17190, 4080
bubble,150,1000,1,13780, 4096
bubble,150,1000,1,15782, 416
bubble,150,1000,1,32037, 432
bubble,150,1000,1,16480, 448
bubble,150,1000,1,18699, 464
bubble,150,1000,1,15733, 480
bubble,150,1000,1,15424, 48
bubble,150,1000,1,15861, 496
bubble,150,1000,1,16416, 512
bubble,150,1000,1,23249, 528
bubble,150,1000,1,15876, 544
bubble,150,1000,1,15807, 560
bubble,150,1000,1,19448, 576
bubble,150,1000,1,27561, 592
bubble,150,1000,1,14495, 608
bubble,150,1000,1,14928, 624
bubble,150,1000,1,15033, 640
bubble,150,1000,1,14827, 64
bubble,150,1000,1,16594, 656
bubble,150,1000,1,15601, 672
bubble,150,1000,1,18030, 688
bubble,150,1000,1,20725, 704
bubble,150,1000,1,19771, 720
bubble,150,1000,1,21210, 736
bubble,150,1000,1,17865, 752
bubble,150,1000,1,17872, 768
bubble,150,1000,1,16209, 784
bubble,150,1000,1,15732, 800
bubble,150,1000,1,14594, 80
bubble,150,1000,1,14817, 816
bubble,150,1000,1,27253, 832
bubble,150,1000,1,15037, 848
bubble,150,1000,1,14940, 864
bubble,150,1000,1,18579, 880
bubble,150,1000,1,15232, 896
bubble,150,1000,1,14910, 912
bubble,150,1000,1,15093, 928
bubble,150,1000,1,15010, 944
bubble,150,1000,1,14250, 960
bubble,150,1000,1,21385, 96
bubble,150,1000,1,17744, 976
bubble,150,1000,1,27550, 992
bubble,250,1000,1,42522, 0
bubble,250,1000,1,37223, 1008
bubble,250,1000,1,43186, 1024
bubble,250,1000,1,52154, 1040
bubble,250,1000,1,42097, 1056
bubble,250,1000,1,51545, 1072
bubble,250,1000,1,38785, 1088
bubble,250,1000,1,51196, 1104
bubble,250,1000,1,48899, 1120
bubble,250,1000,1,39563, 112
bubble,250,1000,1,55171, 1136
bubble,250,1000,1,38532, 1152
bubble,250,1000,1,40305, 1168
bubble,250,1000,1,40999, 1184
bubble,250,1000,1,50122, 1200
bubble,250,1000,1,37608, 1216
bubble,250,1000,1,36972, 1232
bubble,250,1000,1,37077, 1248
bubble,250,1000,1,37195, 1264
bubble,250,1000,1,38396, 1280
bubble,250,1000,1,52064, 128
bubble,250,1000,1,51423, 1296
bubble,250,1000,1,36992, 1312
bubble,250,1000,1,40217, 1328
bubble,250,1000,1,38145, 1344
bubble,250,1000,1,38963, 1360
bubble,250,1000,1,36865, 1376
bubble,250,1000,1,38830, 1392
bubble,250,1000,1,38557, 1408
bubble,250,1000,1,38848, 1424
bubble,250,1000,1,49554, 1440
bubble,250,1000,1,39249, 144
bubble,250,1000,1,37131, 1456
bubble,250,1000,1,37541, 1472
bubble,250,1000,1,37744, 1488
bubble,250,1000,1,39122, 1504
bubble,250,1000,1,37631, 1520
bubble,250,1000,1,36502, 1536
bubble,250,1000,1,37635, 1552
bubble,250,1000,1,47540, 1568
bubble,250,1000,1,53622, 1584
bubble,250,1000,1,47338, 1600
bubble,250,1000,1,40546, 160
bubble,250,1000,1,51420, 1616
bubble,250,1000,1,52232, 1632
bubble,250,1000,1,38808, 1648
bubble,250,1000,1,51964, 1664
bubble,250,1000,1,38541, 1680
bubble,250,1000,1,51157, 1696
bubble,250,1000,1,38115, 16
bubble,250,1000,1,37731, 1712
bubble,250,1000,1,36460, 1728
bubble,250,1000,1,58574, 1744
bubble,250,1000,1,38636, 1760
bubble,250,1000,1,39575, 176
bubble,250,1000,1,51305, 1776
bubble,250,1000,1,37144, 1792
bubble,250,1000,1,41409, 1808
bubble,250,1000,1,37417, 1824
bubble,250,1000,1,35865, 1840
bubble,250,1000,1,40714, 1856
bubble,250,1000,1,40535, 1872
bubble,250,1000,1,41017, 1888
bubble,250,1000,1,52361, 1904
bubble,250,1000,1,50170, 1920
bubble,250,1000,1,48295, 192
bubble,250,1000,1,37324, 1936
bubble,250,1000,1,37837, 1952
bubble,250,1000,1,37283, 1968
bubble,250,1000,1,35546, 1984
bubble,250,1000,1,37052, 2000
bubble,250,1000,1,47102, 2016
bubble,250,1000,1,40054, 2032
bubble,250,1000,1,49302, 2048
bubble,250,1000,1,35532, 2064
bubble,250,1000,1,36996, 2080
bubble,250,1000,1,39467, 208
bubble,250,1000,1,38293, 2096
bubble,250,1000,1,37197, 2112
bubble,250,1000,1,49840, 2128
bubble,250,1000,1,37736, 2144
bubble,250,1000,1,41745, 2160
bubble,250,1000,1,39698, 2176
bubble,250,1000,1,36665, 2192
bubble,250,1000,1,49369, 2208
bubble,250,1000,1,36724, 2224
bubble,250,1000,1,41108, 2240
bubble,250,1000,1,40188, 224
bubble,250,1000,1,49457, 2256
bubble,250,1000,1,39620, 2272
bubble,250,1000,1,37128, 2288
bubble,250,1000,1,41460, 2304
bubble,250,1000,1,38830, 2320
bubble,250,1000,1,39249, 2336
bubble,250,1000,1,40102, 2352
bubble,250,1000,1,39519, 2368
bubble,250,1000,1,45226, 2384
bubble,250,1000,1,37276, 2400
bubble,250,1000,1,51670, 240
bubble,250,1000,1,40443, 2416
bubble,250,1000,1,42813, 2432
bubble,250,1000,1,38171, 2448
bubble,250,1000,1,39545, 2464
bubble,250,1000,1,37821, 2480
bubble,250,1000,1,57967, 2496
bubble,250,1000,1,73362, 2512
bubble,250,1000,1,39300, 2528
bubble,250,1000,1,39269, 2544
bubble,250,1000,1,50487, 2560
bubble,250,1000,1,41362, 256
bubble,250,1000,1,38392, 2576
bubble,250,1000,1,57466, 2592
bubble,250,1000,1,59420, 2608
bubble,250,1000,1,44255, 2624
bubble,250,1000,1,44551, 2640
bubble,250,1000,1,45395, 2656
bubble,250,1000,1,39728, 2672
bubble,250,1000,1,41466, 2688
bubble,250,1000,1,39616, 2704
bubble,250,1000,1,53100, 2720
bubble,250,1000,1,38932, 272
bubble,250,1000,1,39623, 2736
bubble,250,1000,1,38965, 2752
bubble,250,1000,1,51382, 2768
bubble,250,1000,1,42625, 2784
bubble,250,1000,1,40816, 2800
bubble,250,1000,1,41080, 2816
bubble,250,1000,1,39866, 2832
bubble,250,1000,1,53853, 2848
bubble,250,1000,1,39760, 2864
bubble,250,1000,1,39294, 2880
bubble,250,1000,1,44799, 288
bubble,250,1000,1,36262, 2896
bubble,250,1000,1,38795, 2912
bubble,250,1000,1,37118, 2928
bubble,250,1000,1,39081, 2944
bubble,250,1000,1,39371, 2960
bubble,250,1000,1,40791, 2976
bubble,250,1000,1,39685, 2992
bubble,250,1000,1,48171, 3008
bubble,250,1000,1,39510, 3024
bubble,250,1000,1,40762, 3040
bubble,250,1000,1,38970, 304
bubble,250,1000,1,40111, 3056
bubble,250,1000,1,43440, 3072
bubble,250,1000,1,50463, 3088
bubble,250,1000,1,38841, 3104
bubble,250,1000,1,39342, 3120
bubble,250,1000,1,62324, 3136
bubble,250,1000,1,40085, 3152
bubble,250,1000,1,36958, 3168
bubble,250,1000,1,37102, 3184
bubble,250,1000,1,53470, 3200
bubble,250,1000,1,49924, 320
bubble,250,1000,1,39291, 3216
bubble,250,1000,1,40007, 3232
bubble,250,1000,1,38266, 3248
bubble,250,1000,1,41300, 3264
bubble,250,1000,1,42004, 3280
bubble,250,1000,1,40822, 3296
bubble,250,1000,1,41338, 32
bubble,250,1000,1,37957, 3312
bubble,250,1000,1,38599, 3328
bubble,250,1000,1,41711, 3344
bubble,250,1000,1,57071, 3360
bubble,250,1000,1,52231, 336
bubble,250,1000,1,51424, 3376
bubble,250,1000,1,40315, 3392
bubble,250,1000,1,41610, 3408
bubble,250,1000,1,38664, 3424
bubble,250,1000,1,38685, 3440
bubble,250,1000,1,41976, 3456
bubble,250,1000,1,39443, 3472
bubble,250,1000,1,51957, 3488
bubble,250,1000,1,40897, 3504
bubble,250,1000,1,38218, 3520
bubble,250,1000,1,38331, 352
bubble,250,1000,1,38647, 3536
bubble,250,1000,1,38755, 3552
bubble,250,1000,1,44439, 3568
bubble,250,1000,1,53357, 3584
bubble,250,1000,1,54340, 3600
bubble,250,1000,1,40666, 3616
bubble,250,1000,1,51449, 3632
bubble,250,1000,1,38216, 3648
bubble,250,1000,1,41444, 3664
bubble,250,1000,1,36526, 3680
bubble,250,1000,1,39286, 368
bubble,250,1000,1,36313, 3696
bubble,250,1000,1,36708, 3712
bubble,250,1000,1,40795, 3728
bubble,250,1000,1,41291, 3744
bubble,250,1000,1,39155, 3760
bubble,250,1000,1,38998, 3776
bubble,250,1000,1,39705, 3792
bubble,250,1000,1,35368, 3808
bubble,250,1000,1,38533, 3824
bubble,250,1000,1,55002, 3840
bubble,250,1000,1,39703, 384
bubble,250,1000,1,38993, 3856
bubble,250,1000,1,49839, 3872
bubble,250,1000,1,36979, 3888
bubble,250,1000,1,46220, 3904
bubble,250,1000,1,38834, 3920
bubble,250,1000,1,38240, 3936
bubble,250,1000,1,38516, 3952
bubble,250,1000,1,40312, 3968
bubble,250,1000,1,39968, 3984
bubble,250,1000,1,39596, 4000
bubble,250,1000,1,40996, 400
bubble,250,1000,1,42284, 4016
bubble,250,1000,1,39181, 4032
bubble,250,1000,1,42069, 4048
bubble,250,1000,1,38010, 4064
bubble,250,1000,1,40689, 4080
bubble,250,1000,1,38600, 4096
bubble,250,1000,1,37005, 416
bubble,250,1000,1,35867, 432
bubble,250,1000,1,40997, 448
bubble,250,1000,1,51850, 464
bubble,250,1000,1,48070, 480
bubble,250,1000,1,38046, 48
bubble,250,1000,1,53642, 496
bubble,250,1000,1,57848, 512
bubble,250,1000,1,37684, 528
bubble,250,1000,1,54114, 544
bubble,250,1000,1,37907, 560
bubble,250,1000,1,38776, 576
bubble,250,1000,1,39660, 592
bubble,250,1000,1,38155, 608
bubble,250,1000,1,39916, 624
bubble,250,1000,1,41963, 640
bubble,250,1000,1,37668, 64
bubble,250,1000,1,42878, 656
bubble,250,1000,1,52332, 672
bubble,250,1000,1,38445, 688
bubble,250,1000,1,39565, 704
bubble,250,1000,1,40811, 720
bubble,250,1000,1,38160, 736
bubble,250,1000,1,59527, 752
bubble,250,1000,1,54205, 768
bubble,250,1000,1,49916, 784
bubble,250,1000,1,59493, 800
bubble,250,1000,1,43650, 80
bubble,250,1000,1,49117, 816
bubble,250,1000,1,39767, 832
bubble,250,1000,1,55212, 848
bubble,250,1000,1,43257, 864
bubble,250,1000,1,49149, 880
bubble,250,1000,1,38013, 896
bubble,250,1000,1,52538, 912
bubble,250,1000,1,37996, 928
bubble,250,1000,1,36850, 944
bubble,250,1000,1,58254, 960
bubble,250,1000,1,40226, 96
bubble,250,1000,1,42173, 976
bubble,250,1000,1,40331, 992
bubble,350,1000,1,100114, 0
bubble,350,1000,1,75546, 1008
bubble,350,1000,1,96477, 1024
bubble,350,1000,1,79546, 1040
bubble,350,1000,1,74239, 1056
bubble,350,1000,1,70326, 1072
bubble,350,1000,1,106939, 1088
bubble,350,1000,1,98894, 1104
bubble,350,1000,1,93536, 1120
bubble,350,1000,1,75545, 112
bubble,350,1000,1,69763, 1136
bubble,350,1000,1,76882, 1152
bubble,350,1000,1,70534, 1168
bubble,350,1000,1,85953, 1184
bubble,350,1000,1,114530, 1200
bubble,350,1000,1,91140, 1216
bubble,350,1000,1,95935, 1232
bubble,350,1000,1,76900, 1248
bubble,350,1000,1,72979, 1264
bubble,350,1000,1,80267, 1280
bubble,350,1000,1,89605, 128
bubble,350,1000,1,83229, 1296
bubble,350,1000,1,80774, 1312
bubble,350,1000,1,74110, 1328
bubble,350,1000,1,81026, 1344
bubble,350,1000,1,73337, 1360
bubble,350,1000,1,68446, 1376
bubble,350,1000,1,71727, 1392
bubble,350,1000,1,95648, 1408
bubble,350,1000,1,72444, 1424
bubble,350,1000,1,85620, 1440
bubble,350,1000,1,69618, 144
bubble,350,1000,1,74298, 1456
bubble,350,1000,1,72754, 1472
bubble,350,1000,1,75055, 1488
bubble,350,1000,1,122595, 1504
bubble,350,1000,1,85278, 1520
bubble,350,1000,1,89643, 1536
bubble,350,1000,1,72097, 1552
bubble,350,1000,1,72198, 1568
bubble,350,1000,1,74812, 1584
bubble,350,1000,1,71824, 1600
bubble,350,1000,1,69656, 160
bubble,350,1000,1,77872, 1616
bubble,350,1000,1,74763, 1632
bubble,350,1000,1,85837, 1648
bubble,350,1000,1,77643, 1664
bubble,350,1000,1,77266, 1680
bubble,350,1000,1,100322, 1696
bubble,350,1000,1,75090, 16
bubble,350,1000,1,88443, 1712
bubble,350,1000,1,99475, 1728
bubble,350,1000,1,94147, 1744
bubble,350,1000,1,72008, 1760
bubble,350,1000,1,77766, 176
bubble,350,1000,1,92874, 1776
bubble,350,1000,1,77046, 1792
bubble,350,1000,1,74189, 1808
bubble,350,1000,1,78709, 1824
bubble,350,1000,1,89089, 1840
bubble,350,1000,1,74943, 1856
bubble,350,1000,1,72100, 1872
bubble,350,1000,1,94057, 1888
bubble,350,1000,1,88344, 1904
bubble,350,1000,1,74041, 1920
bubble,350,1000,1,74261, 192
bubble,350,1000,1,74031, 1936
bubble,350,1000,1,71786, 1952
bubble,350,1000,1,74249, 1968
bubble,350,1000,1,67331, 1984
bubble,350,1000,1,70068, 2000
bubble,350,1000,1,94379, 2016
bubble,350,1000,1,70234, 2032
bubble,350,1000,1,70666, 2048
bubble,350,1000,1,74863, 2064
bubble,350,1000,1,75081, 2080
bubble,350,1000,1,72671, 208
bubble,350,1000,1,76962, 2096
bubble,350,1000,1,73992, 2112
bubble,350,1000,1,85119, 2128
bubble,350,1000,1,86350, 2144
bubble,350,1000,1,85033, 2160
bubble,350,1000,1,99905, 2176
bubble,350,1000,1,77159, 2192
bubble,350,1000,1,69438, 2208
bubble,350,1000,1,97046, 2224
bubble,350,1000,1,68066, 2240
bubble,350,1000,1,90983, 224
bubble,350,1000,1,79045, 2256
bubble,350,1000,1,78649, 2272
bubble,350,1000,1,75853, 2288
bubble,350,1000,1,85590, 2304
bubble,350,1000,1,73427, 2320
bubble,350,1000,1,72033, 2336
bubble,350,1000,1,74716, 2352
bubble,350,1000,1,97599, 2368
bubble,350,1000,1,88602, 2384
bubble,350,1000,1,96996, 2400
bubble,350,1000,1,71493, 240
bubble,350,1000,1,71119, 2416
bubble,350,1000,1,71930, 2432
bubble,350,1000,1,92716, 2448
bubble,350,1000,1,80811, 2464
bubble,350,1000,1,78816, 2480
bubble,350,1000,1,98278, 2496
bubble,350,1000,1,104555, 2512
bubble,350,1000,1,74839, 2528
bubble,350,1000,1,77033, 2544
bubble,350,1000,1,78793, 2560
bubble,350,1000,1,73267, 256
bubble,350,1000,1,102626, 2576
bubble,350,1000,1,75872, 2592
bubble,350,1000,1,100456, 2608
bubble,350,1000,1,77183, 2624
bubble,350,1000,1,98033, 2640
bubble,350,1000,1,70874, 2656
bubble,350,1000,1,66307, 2672
bubble,350,1000,1,77229, 2688
bubble,350,1000,1,98527, 2704
bubble,350,1000,1,92168, 2720
bubble,350,1000,1,69529, 272
bubble,350,1000,1,70475, 2736
bubble,350,1000,1,69145, 2752
bubble,350,1000,1,78251, 2768
bubble,350,1000,1,78857, 2784
bubble,350,1000,1,78906, 2800
bubble,350,1000,1,69583, 2816
bubble,350,1000,1,72511, 2832
bubble,350,1000,1,94801, 2848
bubble,350,1000,1,124312, 2864
bubble,350,1000,1,102951, 2880
bubble,350,1000,1,74665, 288
bubble,350,1000,1,67928, 2896
bubble,350,1000,1,81001, 2912
bubble,350,1000,1,98019, 2928
bubble,350,1000,1,86652, 2944
bubble,350,1000,1,71838, 2960
bubble,350,1000,1,78812, 2976
bubble,350,1000,1,76959, 2992
bubble,350,1000,1,82909, 3008
bubble,350,1000,1,77826, 3024
bubble,350,1000,1,71460, 3040
bubble,350,1000,1,76360, 304
bubble,350,1000,1,89398, 3056
bubble,350,1000,1,99920, 3072
bubble,350,1000,1,69120, 3088
bubble,350,1000,1,77768, 3104
bubble,350,1000,1,81077, 3120
bubble,350,1000,1,68820, 3136
bubble,350,1000,1,92638, 3152
bubble,350,1000,1,75609, 3168
bubble,350,1000,1,93490, 3184
bubble,350,1000,1,73114, 3200
bubble,350,1000,1,97481, 320
bubble,350,1000,1,75639, 3216
bubble,350,1000,1,94699, 3232
bubble,350,1000,1,108511, 3248
bubble,350,1000,1,74152, 3264
bubble,350,1000,1,95589, 3280
bubble,350,1000,1,113560, 3296
bubble,350,1000,1,74607, 32
bubble,350,1000,1,80581, 3312
bubble,350,1000,1,99345, 3328
bubble,350,1000,1,78351, 3344
bubble,350,1000,1,72041, 3360
bubble,350,1000,1,96957, 336
bubble,350,1000,1,73313, 3376
bubble,350,1000,1,76721, 3392
bubble,350,1000,1,78326, 3408
bubble,350,1000,1,98699, 3424
bubble,350,1000,1,71536, 3440
bubble,350,1000,1,98085, 3456
bubble,350,1000,1,77470, 3472
bubble,350,1000,1,76137, 3488
bubble,350,1000,1,70784, 3504
bubble,350,1000,1,115440, 3520
bubble,350,1000,1,79521, 352
bubble,350,1000,1,74607, 3536
bubble,350,1000,1,108360, 3552
bubble,350,1000,1,88779, 3568
bubble,350,1000,1,78424, 3584
bubble,350,1000,1,101074, 3600
bubble,350,1000,1,71810, 3616
bubble,350,1000,1,102698, 3632
bubble,350,1000,1,72241, 3648
bubble,350,1000,1,75041, 3664
bubble,350,1000,1,74080, 3680
bubble,350,1000,1,74288, 368
bubble,350,1000,1,73011, 3696
bubble,350,1000,1,71412, 3712
bubble,350,1000,1,97413, 3728
bubble,350,1000,1,70550, 3744
bubble,350,1000,1,73384, 3760
bubble,350,1000,1,70230, 3776
bubble,350,1000,1,86117, 3792
bubble,350,1000,1,74889, 3808
bubble,350,1000,1,72319, 3824
bubble,350,1000,1,74476, 3840
bubble,350,1000,1,92875, 384
bubble,350,1000,1,74607, 3856
bubble,350,1000,1,70392, 3872
bubble,350,1000,1,69997, 3888
bubble,350,1000,1,75978, 3904
bubble,350,1000,1,90979, 3920
bubble,350,1000,1,88270, 3936
bubble,350,1000,1,97522, 3952
bubble,350,1000,1,89775, 3968
bubble,350,1000,1,106677, 3984
bubble,350,1000,1,86569, 4000
bubble,350,1000,1,69766, 400
bubble,350,1000,1,74197, 4016
bubble,350,1000,1,71655, 4032
bubble,350,1000,1,106200, 4048
bubble,350,1000,1,97727, 4064
bubble,350,1000,1,77948, 4080
bubble,350,1000,1,80457, 4096
bubble,350,1000,1,75963, 416
bubble,350,1000,1,113217, 432
bubble,350,1000,1,70498, 448
bubble,350,1000,1,102260, 464
bubble,350,1000,1,92980, 480
bubble,350,1000,1,76321, 48
bubble,350,1000,1,72111, 496
bubble,350,1000,1,92483, 512
bubble,350,1000,1,90449, 528
bubble,350,1000,1,84673, 544
bubble,350,1000,1,68298, 560
bubble,350,1000,1,72860, 576
bubble,350,1000,1,96902, 592
bubble,350,1000,1,73192, 608
bubble,350,1000,1,82966, 624
bubble,350,1000,1,73900, 640
bubble,350,1000,1,79590, 64
bubble,350,1000,1,71050, 656
bubble,350,1000,1,71700, 672
bubble,350,1000,1,89197, 688
bubble,350,1000,1,105933, 704
bubble,350,1000,1,79200, 720
bubble,350,1000,1,72853, 736
bubble,350,1000,1,72554, 752
bubble,350,1000,1,71996, 768
bubble,350,1000,1,76159, 784
bubble,350,1000,1,71691, 800
bubble,350,1000,1,73531, 80
bubble,350,1000,1,74816, 816
bubble,350,1000,1,87151, 832
bubble,350,1000,1,74970, 848
bubble,350,1000,1,73652, 864
bubble,350,1000,1,74088, 880
bubble,350,1000,1,101849, 896
bubble,350,1000,1,93567, 912
bubble,350,1000,1,71113, 928
bubble,350,1000,1,85494, 944
bubble,350,1000,1,75888, 960
bubble,350,1000,1,80574, 96
bubble,350,1000,1,76077, 976
bubble,350,1000,1,89697, 992
bubble,450,1000,1,126668, 0
bubble,450,1000,1,125335, 1008
bubble,450,1000,1,117851, 1024
bubble,450,1000,1,123338, 1040
bubble,450,1000,1,117192, 1056
bubble,450,1000,1,128131, 1072
bubble,450,1000,1,118496, 1088
bubble,450,1000,1,116748, 1104
bubble,450,1000,1,139450, 1120
bubble,450,1000,1,120674, 112
bubble,450,1000,1,123982, 1136
bubble,450,1000,1,176191, 1152
bubble,450,1000,1,119627, 1168
bubble,450,1000,1,120622, 1184
bubble,450,1000,1,146996, 1200
bubble,450,1000,1,167324, 1216
bubble,450,1000,1,135682, 1232
bubble,450,1000,1,158340, 1248
bubble,450,1000,1,116097, 1264
bubble,450,1000,1,115138, 1280
bubble,450,1000,1,114167, 128
bubble,450,1000,1,115853, 1296
bubble,450,1000,1,141790, 1312
bubble,450,1000,1,117401, 1328
bubble,450,1000,1,147916, 1344
bubble,450,1000,1,121041, 1360
bubble,450,1000,1,161478, 1376
bubble,450,1000,1,161806, 1392
bubble,450,1000,1,193135, 1408
bubble,450,1000,1,129890, 1424
bubble,450,1000,1,126245, 1440
bubble,450,1000,1,116719, 144
bubble,450,1000,1,123401, 1456
bubble,450,1000,1,118078, 1472
bubble,450,1000,1,120181, 1488
bubble,450,1000,1,176820, 1504
bubble,450,1000,1,120295, 1520
bubble,450,1000,1,155208, 1536
bubble,450,1000,1,151362, 1552
bubble,450,1000,1,159716, 1568
bubble,450,1000,1,126615, 1584
bubble,450,1000,1,121465, 1600
bubble,450,1000,1,157691, 160
bubble,450,1000,1,134490, 1616
bubble,450,1000,1,118073, 1632
bubble,450,1000,1,125319, 1648
bubble,450,1000,1,124660, 1664
bubble,450,1000,1,126316, 1680
bubble,450,1000,1,167963, 1696
bubble,450,1000,1,113168, 16
bubble,450,1000,1,173327, 1712
bubble,450,1000,1,147489, 1728
bubble,450,1000,1,115306, 1744
bubble,450,1000,1,148290, 1760
bubble,450,1000,1,138352, 176
bubble,450,1000,1,153105, 1776
bubble,450,1000,1,116241, 1792
bubble,450,1000,1,114006, 1808
bubble,450,1000,1,119816, 1824
bubble,450,1000,1,133264, 1840
bubble,450,1000,1,118284, 1856
bubble,450,1000,1,121305, 1872
bubble,450,1000,1,113988, 1888
bubble,450,1000,1,124885, 1904
bubble,450,1000,1,115509, 1920
bubble,450,1000,1,116355, 192
bubble,450,1000,1,113952, 1936
bubble,450,1000,1,124040, 1952
bubble,450,1000,1,117547, 1968
bubble,450,1000,1,158016, 1984
bubble,450,1000,1,124527, 2000
bubble,450,1000,1,112133, 2016
bubble,450,1000,1,115654, 2032
bubble,450,1000,1,111216, 2048
bubble,450,1000,1,146918, 2064
bubble,450,1000,1,194776, 2080
bubble,450,1000,1,143519, 208
bubble,450,1000,1,167921, 2096
bubble,450,1000,1,115033, 2112
bubble,450,1000,1,203685, 2128
bubble,450,1000,1,163462, 2144
bubble,450,1000,1,120136, 2160
bubble,450,1000,1,115013, 2176
bubble,450,1000,1,129932, 2192
bubble,450,1000,1,141346, 2208
bubble,450,1000,1,156673, 2224
bubble,450,1000,1,116419, 2240
bubble,450,1000,1,113218, 224
bubble,450,1000,1,111891, 2256
bubble,450,1000,1,135912, 2272
bubble,450,1000,1,151878, 2288
bubble,450,1000,1,126809, 2304
bubble,450,1000,1,120587, 2320
bubble,450,1000,1,121026, 2336
bubble,450,1000,1,143509, 2352
bubble,450,1000,1,175034, 2368
bubble,450,1000,1,130423, 2384
bubble,450,1000,1,116247, 2400
bubble,450,1000,1,121295, 240
bubble,450,1000,1,120470, 2416
bubble,450,1000,1,147188, 2432
bubble,450,1000,1,152003, 2448
bubble,450,1000,1,113904, 2464
bubble,450,1000,1,123489, 2480
bubble,450,1000,1,132838, 2496
bubble,450,1000,1,114797, 2512
bubble,450,1000,1,127328, 2528
bubble,450,1000,1,131907, 2544
bubble,450,1000,1,158317, 2560
bubble,450,1000,1,152882, 256
bubble,450,1000,1,139212, 2576
bubble,450,1000,1,133954, 2592
bubble,450,1000,1,116407, 2608
bubble,450,1000,1,129732, 2624
bubble,450,1000,1,150825, 2640
bubble,450,1000,1,125526, 2656
bubble,450,1000,1,159967, 2672
bubble,450,1000,1,153208, 2688
bubble,450,1000,1,142962, 2704
bubble,450,1000,1,137243, 2720
bubble,450,1000,1,110692, 272
bubble,450,1000,1,117238, 2736
bubble,450,1000,1,117564, 2752
bubble,450,1000,1,169507, 2768
bubble,450,1000,1,139487, 2784
bubble,450,1000,1,140246, 2800
bubble,450,1000,1,172328, 2816
bubble,450,1000,1,119844, 2832
bubble,450,1000,1,156307, 2848
bubble,450,1000,1,143199, 2864
bubble,450,1000,1,119314, 2880
bubble,450,1000,1,146962, 288
bubble,450,1000,1,146515, 2896
bubble,450,1000,1,117458, 2912
bubble,450,1000,1,113777, 2928
bubble,450,1000,1,135970, 2944
bubble,450,1000,1,116975, 2960
bubble,450,1000,1,120051, 2976
bubble,450,1000,1,158616, 2992
bubble,450,1000,1,135775, 3008
bubble,450,1000,1,119010, 3024
bubble,450,1000,1,159637, 3040
bubble,450,1000,1,157993, 304
bubble,450,1000,1,120315, 3056
bubble,450,1000,1,127994, 3072
bubble,450,1000,1,114099, 3088
bubble,450,1000,1,116719, 3104
bubble,450,1000,1,139903, 3120
bubble,450,1000,1,116149, 3136
bubble,450,1000,1,158036, 3152
bubble,450,1000,1,124425, 3168
bubble,450,1000,1,123677, 3184
bubble,450,1000,1,117376, 3200
bubble,450,1000,1,122642, 320
bubble,450,1000,1,122569, 3216
bubble,450,1000,1,126650, 3232
bubble,450,1000,1,151288, 3248
bubble,450,1000,1,119013, 3264
bubble,450,1000,1,117617, 3280
bubble,450,1000,1,128034, 3296
bubble,450,1000,1,114116, 32
bubble,450,1000,1,152088, 3312
bubble,450,1000,1,129644, 3328
bubble,450,1000,1,131488, 3344
bubble,450,1000,1,127502, 3360
bubble,450,1000,1,119440, 336
bubble,450,1000,1,118446, 3376
bubble,450,1000,1,130970, 3392
bubble,450,1000,1,122603, 3408
bubble,450,1000,1,127053, 3424
bubble,450,1000,1,123500, 3440
bubble,450,1000,1,139330, 3456
bubble,450,1000,1,161256, 3472
bubble,450,1000,1,125966, 3488
bubble,450,1000,1,116430, 3504
bubble,450,1000,1,152283, 3520
bubble,450,1000,1,119587, 352
bubble,450,1000,1,130278, 3536
bubble,450,1000,1,119371, 3552
bubble,450,1000,1,197080, 3568
bubble,450,1000,1,126026, 3584
bubble,450,1000,1,185259, 3600
bubble,450,1000,1,120355, 3616
bubble,450,1000,1,118451, 3632
bubble,450,1000,1,126638, 3648
bubble,450,1000,1,126239, 3664
bubble,450,1000,1,123953, 3680
bubble,450,1000,1,180645, 368
bubble,450,1000,1,126041, 3696
bubble,450,1000,1,117273, 3712
bubble,450,1000,1,149690, 3728
bubble,450,1000,1,121178, 3744
bubble,450,1000,1,147047, 3760
bubble,450,1000,1,124246, 3776
bubble,450,1000,1,118224, 3792
bubble,450,1000,1,122852, 3808
bubble,450,1000,1,116317, 3824
bubble,450,1000,1,121243, 3840
bubble,450,1000,1,118226, 384
bubble,450,1000,1,160294, 3856
bubble,450,1000,1,176974, 3872
bubble,450,1000,1,124256, 3888
bubble,450,1000,1,116442, 3904
bubble,450,1000,1,115274, 3920
bubble,450,1000,1,127481, 3936
bubble,450,1000,1,193702, 3952
bubble,450,1000,1,115296, 3968
bubble,450,1000,1,123211, 3984
bubble,450,1000,1,114537, 4000
bubble,450,1000,1,118634, 400
bubble,450,1000,1,119581, 4016
bubble,450,1000,1,122221, 4032
bubble,450,1000,1,120197, 4048
bubble,450,1000,1,122765, 4064
bubble,450,1000,1,122988, 4080
bubble,450,1000,1,154628, 4096
bubble,450,1000,1,120270, 416
bubble,450,1000,1,154147, 432
bubble,450,1000,1,119726, 448
bubble,450,1000,1,162804, 464
bubble,450,1000,1,110459, 480
bubble,450,1000,1,142786, 48
bubble,450,1000,1,130739, 496
bubble,450,1000,1,134146, 512
bubble,450,1000,1,123506, 528
bubble,450,1000,1,154123, 544
bubble,450,1000,1,115921, 560
bubble,450,1000,1,118805, 576
bubble,450,1000,1,144396, 592
bubble,450,1000,1,124626, 608
bubble,450,1000,1,117653, 624
bubble,450,1000,1,110978, 640
bubble,450,1000,1,124844, 64
bubble,450,1000,1,114667, 656
bubble,450,1000,1,119355, 672
bubble,450,1000,1,128670, 688
bubble,450,1000,1,162873, 704
bubble,450,1000,1,157435, 720
bubble,450,1000,1,113158, 736
bubble,450,1000,1,140180, 752
bubble,450,1000,1,122624, 768
bubble,450,1000,1,123888, 784
bubble,450,1000,1,161087, 800
bubble,450,1000,1,168145, 80
bubble,450,1000,1,116067, 816
bubble,450,1000,1,153894, 832
bubble,450,1000,1,111471, 848
bubble,450,1000,1,119573, 864
bubble,450,1000,1,120400, 880
bubble,450,1000,1,126763, 896
bubble,450,1000,1,141801, 912
bubble,450,1000,1,156870, 928
bubble,450,1000,1,121895, 944
bubble,450,1000,1,117111, 960
bubble,450,1000,1,132198, 96
bubble,450,1000,1,115828, 976
bubble,450,1000,1,127473, 992
bubble,50,1000,1,2850, 0
bubble,50,1000,1,3092, 1008
bubble,50,1000,1,2352, 1024
bubble,50,1000,1,3120, 1040
bubble,50,1000,1,2836, 1056
bubble,50,1000,1,2993, 1072
bubble,50,1000,1,2682, 1088
bubble,50,1000,1,3002, 1104
bubble,50,1000,1,2916, 1120
bubble,50,1000,1,3050, 112
bubble,50,1000,1,3168, 1136
bubble,50,1000,1,3486, 1152
bubble,50,1000,1,2989, 1168
bubble,50,1000,1,4060, 1184
bubble,50,1000,1,2965, 1200
bubble,50,1000,1,3315, 1216
bubble,50,1000,1,3232, 1232
bubble,50,1000,1,2887, 1248
bubble,50,1000,1,3187, 1264
bubble,50,1000,1,3245, 1280
bubble,50,1000,1,3104, 128
bubble,50,1000,1,3768, 1296
bubble,50,1000,1,2866, 1312
bubble,50,1000,1,2956, 1328
bubble,50,1000,1,3117, 1344
bubble,50,1000,1,3192, 1360
bubble,50,1000,1,2951, 1376
bubble,50,1000,1,3168, 1392
bubble,50,1000,1,3159, 1408
bubble,50,1000,1,3143, 1424
bubble,50,1000,1,3790, 1440
bubble,50,1000,1,3699, 144
bubble,50,1000,1,2764, 1456
bubble,50,1000,1,3164, 1472
bubble,50,1000,1,3742, 1488
bubble,50,1000,1,2849, 1504
bubble,50,1000,1,3444, 1520
bubble,50,1000,1,2935, 1536
bubble,50,1000,1,3096, 1552
bubble,50,1000,1,2910, 1568
bubble,50,1000,1,2856, 1584
bubble,50,1000,1,2835, 1600
bubble,50,1000,1,2804, 160
bubble,50,1000,1,3336, 1616
bubble,50,1000,1,3009, 1632
bubble,50,1000,1,4145, 1648
bubble,50,1000,1,3126, 1664
bubble,50,1000,1,3440, 1680
bubble,50,1000,1,3648, 1696
bubble,50,1000,1,2872, 16
bubble,50,1000,1,2867, 1712
bubble,50,1000,1,2922, 1728
bubble,50,1000,1,15931, 1744
bubble,50,1000,1,4006, 1760
bubble,50,1000,1,2648, 176
bubble,50,1000,1,2879, 1776
bubble,50,1000,1,2788, 1792
bubble,50,1000,1,3154, 1808
bubble,50,1000,1,2925, 1824
bubble,50,1000,1,2796, 1840
bubble,50,1000,1,2669, 1856
bubble,50,1000,1,3985, 1872
bubble,50,1000,1,2988, 1888
bubble,50,1000,1,2994, 1904
bubble,50,1000,1,2854, 1920
bubble,50,1000,1,3651, 192
bubble,50,1000,1,3448, 1936
bubble,50,1000,1,3032, 1952
bubble,50,1000,1,2730, 1968
bubble,50,1000,1,3690, 1984
bubble,50,1000,1,2825, 2000
bubble,50,1000,1,2532, 2016
bubble,50,1000,1,2940, 2032
bubble,50,1000,1,3660, 2048
bubble,50,1000,1,3870, 2064
bubble,50,1000,1,3622, 2080
bubble,50,1000,1,4031, 208
bubble,50,1000,1,3151, 2096
bubble,50,1000,1,3626, 2112
bubble,50,1000,1,2895, 2128
bubble,50,1000,1,2886, 2144
bubble,50,1000,1,2669, 2160
bubble,50,1000,1,3300, 2176
bubble,50,1000,1,3068, 2192
bubble,50,1000,1,3068, 2208
bubble,50,1000,1,2726, 2224
bubble,50,1000,1,3476, 2240
bubble,50,1000,1,3148, 224
bubble,50,1000,1,2936, 2256
bubble,50,1000,1,2978, 2272
bubble,50,1000,1,2738, 2288
bubble,50,1000,1,2831, 2304
bubble,50,1000,1,4112, 2320
bubble,50,1000,1,2351, 2336
bubble,50,1000,1,4578, 2352
bubble,50,1000,1,3915, 2368
bubble,50,1000,1,3039, 2384
bubble,50,1000,1,4079, 2400
bubble,50,1000,1,3917, 240
bubble,50,1000,1,3148, 2416
bubble,50,1000,1,3543, 2432
bubble,50,1000,1,3498, 2448
bubble,50,1000,1,2897, 2464
bubble,50,1000,1,2520, 2480
bubble,50,1000,1,2936, 2496
bubble,50,1000,1,3869, 2512
bubble,50,1000,1,3260, 2528
bubble,50,1000,1,2966, 2544
bubble,50,1000,1,2947, 2560
bubble,50,1000,1,2863, 256
bubble,50,1000,1,3160, 2576
bubble,50,1000,1,2883, 2592
bubble,50,1000,1,3585, 2608
bubble,50,1000,1,3026, 2624
bubble,50,1000,1,3421, 2640
bubble,50,1000,1,3380, 2656
bubble,50,1000,1,2914, 2672
bubble,50,1000,1,2986, 2688
bubble,50,1000,1,2918, 2704
bubble,50,1000,1,2955, 2720
bubble,50,1000,1,3638, 272
bubble,50,1000,1,3312, 2736
bubble,50,1000,1,4254, 2752
bubble,50,1000,1,2944, 2768
bubble,50,1000,1,2822, 2784
bubble,50,1000,1,2928, 2800
bubble,50,1000,1,3838, 2816
bubble,50,1000,1,3114, 2832
bubble,50,1000,1,2899, 2848
bubble,50,1000,1,3544, 2864
bubble,50,1000,1,3487, 2880
bubble,50,1000,1,2838, 288
bubble,50,1000,1,2975, 2896
bubble,50,1000,1,3405, 2912
bubble,50,1000,1,2696, 2928
bubble,50,1000,1,3053, 2944
bubble,50,1000,1,2801, 2960
bubble,50,1000,1,2851, 2976
bubble,50,1000,1,3230, 2992
bubble,50,1000,1,4176, 3008
bubble,50,1000,1,4211, 3024
bubble,50,1000,1,2905, 3040
bubble,50,1000,1,2687, 304
bubble,50,1000,1,2999, 3056
bubble,50,1000,1,3297, 3072
bubble,50,1000,1,3846, 3088
bubble,50,1000,1,3095, 3104
bubble,50,1000,1,3068, 3120
bubble,50,1000,1,2725, 3136
bubble,50,1000,1,2635, 3152
bubble,50,1000,1,3177, 3168
bubble,50,1000,1,2654, 3184
bubble,50,1000,1,2733, 3200
bubble,50,1000,1,3006, 320
bubble,50,1000,1,2770, 3216
bubble,50,1000,1,2561, 3232
bubble,50,1000,1,4222, 3248
bubble,50,1000,1,2932, 3264
bubble,50,1000,1,3159, 3280
bubble,50,1000,1,2770, 3296
bubble,50,1000,1,2633, 32
bubble,50,1000,1,3094, 3312
bubble,50,1000,1,3733, 3328
bubble,50,1000,1,3159, 3344
bubble,50,1000,1,3021, 3360
bubble,50,1000,1,2591, 336
bubble,50,1000,1,3497, 3376
bubble,50,1000,1,4225, 3392
bubble,50,1000,1,2953, 3408
bubble,50,1000,1,3088, 3424
bubble,50,1000,1,4207, 3440
bubble,50,1000,1,2970, 3456
bubble,50,1000,1,2972, 3472
bubble,50,1000,1,3105, 3488
bubble,50,1000,1,2716, 3504
bubble,50,1000,1,2847, 3520
bubble,50,1000,1,3030, 352
bubble,50,1000,1,3817, 3536
bubble,50,1000,1,2855, 3552
bubble,50,1000,1,2962, 3568
bubble,50,1000,1,2831, 3584
bubble,50,1000,1,3579, 3600
bubble,50,1000,1,3572, 3616
bubble,50,1000,1,3168, 3632
bubble,50,1000,1,3744, 3648
bubble,50,1000,1,2877, 3664
bubble,50,1000,1,3112, 3680
bubble,50,1000,1,3241, 368
bubble,50,1000,1,2750, 3696
bubble,50,1000,1,2771, 3712
bubble,50,1000,1,3070, 3728
bubble,50,1000,1,2941, 3744
bubble,50,1000,1,2983, 3760
bubble,50,1000,1,3101, 3776
bubble,50,1000,1,2964, 3792
bubble,50,1000,1,14061, 3808
bubble,50,1000,1,2889, 3824
bubble,50,1000,1,2840, 3840
bubble,50,1000,1,2784, 384
bubble,50,1000,1,3036, 3856
bubble,50,1000,1,3056, 3872
bubble,50,1000,1,3369, 3888
bubble,50,1000,1,2624, 3904
bubble,50,1000,1,3754, 3920
bubble,50,1000,1,2723, 3936
bubble,50,1000,1,2745, 3952
bubble,50,1000,1,2701, 3968
bubble,50,1000,1,3015, 3984
bubble,50,1000,1,3027, 4000
bubble,50,1000,1,3084, 400
bubble,50,1000,1,2882, 4016
bubble,50,1000,1,2885, 4032
bubble,50,1000,1,2612, 4048
bubble,50,1000,1,3768, 4064
bubble,50,1000,1,2923, 4080
bubble,50,1000,1,2846, 4096
bubble,50,1000,1,3839, 416
bubble,50,1000,1,2953, 432
bubble,50,1000,1,3414, 448
bubble,50,1000,1,3555, 464
bubble,50,1000,1,2860, 480
bubble,50,1000,1,2776, 48
bubble,50,1000,1,3224, 496
bubble,50,1000,1,3383, 512
bubble,50,1000,1,3041, 528
bubble,50,1000,1,3057, 544
bubble,50,1000,1,3180, 560
bubble,50,1000,1,2655, 576
bubble,50,1000,1,2976, 592
bubble,50,1000,1,3049, 608
bubble,50,1000,1,4257, 624
bubble,50,1000,1,3890, 640
bubble,50,1000,1,2705, 64
bubble,50,1000,1,3006, 656
bubble,50,1000,1,3146, 672
bubble,50,1000,1,3780, 688
bubble,50,1000,1,3435, 704
bubble,50,1000,1,2984, 720
bubble,50,1000,1,2617, 736
bubble,50,1000,1,2698, 752
bubble,50,1000,1,3475, 768
bubble,50,1000,1,3633, 784
bubble,50,1000,1,3844, 800
bubble,50,1000,1,3277, 80
bubble,50,1000,1,3018, 816
bubble,50,1000,1,2892, 832
bubble,50,1000,1,2797, 848
bubble,50,1000,1,3376, 864
bubble,50,1000,1,3195, 880
bubble,50,1000,1,3593, 896
bubble,50,1000,1,3668, 912
bubble,50,1000,1,2695, 928
bubble,50,1000,1,2917, 944
bubble,50,1000,1,3123, 960
bubble,50,1000,1,2780, 96
bubble,50,1000,1,2889, 976
bubble,50,1000,1,3114, 992
bubble,550,1000,1,189297, 0
bubble,550,1000,1,205116, 1008
bubble,550,1000,1,217257, 1024
bubble,550,1000,1,184936, 1040
bubble,550,1000,1,235796, 1056
bubble,550,1000,1,243399, 1072
bubble,550,1000,1,246466, 1088
bubble,550,1000,1,226115, 1104
bubble,550,1000,1,175432, 1120
bubble,550,1000,1,185580, 112
bubble,550,1000,1,181178, 1136
bubble,550,1000,1,209570, 1152
bubble,550,1000,1,183828, 1168
bubble,550,1000,1,208306, 1184
bubble,550,1000,1,176186, 1200
bubble,550,1000,1,227348, 1216
bubble,550,1000,1,207105, 1232
bubble,550,1000,1,217341, 1248
bubble,550,1000,1,178420, 1264
bubble,550,1000,1,168512, 1280
bubble,550,1000,1,226072, 128
bubble,550,1000,1,171456, 1296
bubble,550,1000,1,170295, 1312
bubble,550,1000,1,186507, 1328
bubble,550,1000,1,239300, 1344
bubble,550,1000,1,185078, 1360
bubble,550,1000,1,274998, 1376
bubble,550,1000,1,177835, 1392
bubble,550,1000,1,228606, 1408
bubble,550,1000,1,179655, 1424
bubble,550,1000,1,172659, 1440
bubble,550,1000,1,195807, 144
bubble,550,1000,1,177949, 1456
bubble,550,1000,1,172513, 1472
bubble,550,1000,1,179433, 1488
bubble,550,1000,1,195050, 1504
bubble,550,1000,1,198533, 1520
bubble,550,1000,1,200545, 1536
bubble,550,1000,1,177252, 1552
bubble,550,1000,1,191243, 1568
bubble,550,1000,1,231106, 1584
bubble,550,1000,1,235942, 1600
bubble,550,1000,1,176589, 160
bubble,550,1000,1,197404, 1616
bubble,550,1000,1,177194, 1632
bubble,550,1000,1,246468, 1648
bubble,550,1000,1,195894, 1664
bubble,550,1000,1,177739, 1680
bubble,550,1000,1,167649, 1696
bubble,550,1000,1,181119, 16
bubble,550,1000,1,189605, 1712
bubble,550,1000,1,211419, 1728
bubble,550,1000,1,175943, 1744
bubble,550,1000,1,171614, 1760
bubble,550,1000,1,176922, 176
bubble,550,1000,1,173975, 1776
bubble,550,1000,1,174478, 1792
bubble,550,1000,1,175439, 1808
bubble,550,1000,1,222002, 1824
bubble,550,1000,1,238434, 1840
bubble,550,1000,1,206107, 1856
bubble,550,1000,1,262276, 1872
bubble,550,1000,1,233681, 1888
bubble,550,1000,1,183607, 1904
bubble,550,1000,1,266313, 1920
bubble,550,1000,1,180776, 192
bubble,550,1000,1,189933, 1936
bubble,550,1000,1,187980, 1952
bubble,550,1000,1,258428, 1968
bubble,550,1000,1,253657, 1984
bubble,550,1000,1,200092, 2000
bubble,550,1000,1,178073, 2016
bubble,550,1000,1,181027, 2032
bubble,550,1000,1,183274, 2048
bubble,550,1000,1,221786, 2064
bubble,550,1000,1,229480, 2080
bubble,550,1000,1,178034, 208
bubble,550,1000,1,188374, 2096
bubble,550,1000,1,181246, 2112
bubble,550,1000,1,194905, 2128
bubble,550,1000,1,230930, 2144
bubble,550,1000,1,215181, 2160
bubble,550,1000,1,206826, 2176
bubble,550,1000,1,179261, 2192
bubble,550,1000,1,229473, 2208
bubble,550,1000,1,187954, 2224
bubble,550,1000,1,190213, 2240
bubble,550,1000,1,174878, 224
bubble,550,1000,1,210145, 2256
bubble,550,1000,1,178226, 2272
bubble,550,1000,1,176057, 2288
bubble,550,1000,1,204096, 2304
bubble,550,1000,1,194709, 2320
bubble,550,1000,1,175231, 2336
bubble,550,1000,1,186076, 2352
bubble,550,1000,1,179026, 2368
bubble,550,1000,1,229124, 2384
bubble,550,1000,1,181806, 2400
bubble,550,1000,1,188183, 240
bubble,550,1000,1,237042, 2416
bubble,550,1000,1,191303, 2432
bubble,550,1000,1,221025, 2448
bubble,550,1000,1,181211, 2464
bubble,550,1000,1,181526, 2480
bubble,550,1000,1,239088, 2496
bubble,550,1000,1,177149, 2512
bubble,550,1000,1,181701, 2528
bubble,550,1000,1,254845, 2544
bubble,550,1000,1,217532, 2560
bubble,550,1000,1,175822, 256
bubble,550,1000,1,179272, 2576
bubble,550,1000,1,193445, 2592
bubble,550,1000,1,184040, 2608
bubble,550,1000,1,190451, 2624
bubble,550,1000,1,170044, 2640
bubble,550,1000,1,178342, 2656
bubble,550,1000,1,169967, 2672
bubble,550,1000,1,191557, 2688
bubble,550,1000,1,243099, 2704
bubble,550,1000,1,212654, 2720
bubble,550,1000,1,168546, 272
bubble,550,1000,1,228633, 2736
bubble,550,1000,1,212976, 2752
bubble,550,1000,1,181898, 2768
bubble,550,1000,1,177021, 2784
bubble,550,1000,1,205080, 2800
bubble,550,1000,1,216748, 2816
bubble,550,1000,1,195326, 2832
bubble,550,1000,1,183165, 2848
bubble,550,1000,1,176249, 2864
bubble,550,1000,1,225537, 2880
bubble,550,1000,1,177203, 288
bubble,550,1000,1,241771, 2896
bubble,550,1000,1,176607, 2912
bubble,550,1000,1,172305, 2928
bubble,550,1000,1,186614, 2944
bubble,550,1000,1,184510, 2960
bubble,550,1000,1,175526, 2976
bubble,550,1000,1,170570, 2992
bubble,550,1000,1,211341, 3008
bubble,550,1000,1,197433, 3024
bubble,550,1000,1,179888, 3040
bubble,550,1000,1,172040, 304
bubble,550,1000,1,190597, 3056
bubble,550,1000,1,179829, 3072
bubble,550,1000,1,180882, 3088
bubble,550,1000,1,169556, 3104
bubble,550,1000,1,180546, 3120
bubble,550,1000,1,229927, 3136
bubble,550,1000,1,204110, 3152
bubble,550,1000,1,190952, 3168
bubble,550,1000,1,261013, 3184
bubble,550,1000,1,169143, 3200
bubble,550,1000,1,222393, 320
bubble,550,1000,1,172392, 3216
bubble,550,1000,1,183380, 3232
bubble,550,1000,1,181369, 3248
bubble,550,1000,1,177969, 3264
bubble,550,1000,1,183934, 3280
bubble,550,1000,1,221998, 3296
bubble,550,1000,1,173280, 32
bubble,550,1000,1,182951, 3312
bubble,550,1000,1,207977, 3328
bubble,550,1000,1,189972, 3344
bubble,550,1000,1,198142, 3360
bubble,550,1000,1,171391, 336
bubble,550,1000,1,173450, 3376
bubble,550,1000,1,209284, 3392
bubble,550,1000,1,180619, 3408
bubble,550,1000,1,192240, 3424
bubble,550,1000,1,167489, 3440
bubble,550,1000,1,267774, 3456
bubble,550,1000,1,220722, 3472
bubble,550,1000,1,187882, 3488
bubble,550,1000,1,196520, 3504
bubble,550,1000,1,180383, 3520
bubble,550,1000,1,179469, 352
bubble,550,1000,1,174469, 3536
bubble,550,1000,1,195585, 3552
bubble,550,1000,1,215566, 3568
bubble,550,1000,1,199257, 3584
bubble,550,1000,1,178477, 3600
bubble,550,1000,1,176934, 3616
bubble,550,1000,1,174344, 3632
bubble,550,1000,1,201020, 3648
bubble,550,1000,1,182235, 3664
bubble,550,1000,1,176392, 3680
bubble,550,1000,1,177789, 368
bubble,550,1000,1,227439, 3696
bubble,550,1000,1,199339, 3712
bubble,550,1000,1,175701, 3728
bubble,550,1000,1,191628, 3744
bubble,550,1000,1,176431, 3760
bubble,550,1000,1,198012, 3776
bubble,550,1000,1,207286, 3792
bubble,550,1000,1,171705, 3808
bubble,550,1000,1,176151, 3824
bubble,550,1000,1,177448, 3840
bubble,550,1000,1,175228, 384
bubble,550,1000,1,185975, 3856
bubble,550,1000,1,172242, 3872
bubble,550,1000,1,171791, 3888
bubble,550,1000,1,264332, 3904
bubble,550,1000,1,176285, 3920
bubble,550,1000,1,225368, 3936
bubble,550,1000,1,166796, 3952
bubble,550,1000,1,173837, 3968
bubble,550,1000,1,165176, 3984
bubble,550,1000,1,166640, 4000
bubble,550,1000,1,177569, 400
bubble,550,1000,1,187340, 4016
bubble,550,1000,1,179755, 4032
bubble,550,1000,1,200468, 4048
bubble,550,1000,1,250465, 4064
bubble,550,1000,1,177711, 4080
bubble,550,1000,1,176978, 4096
bubble,550,1000,1,174731, 416
bubble,550,1000,1,173192, 432
bubble,550,1000,1,171019, 448
bubble,550,1000,1,170804, 464
bubble,550,1000,1,171213, 480
bubble,550,1000,1,183279, 48
bubble,550,1000,1,211209, 496
bubble,550,1000,1,191467, 512
bubble,550,1000,1,175063, 528
bubble,550,1000,1,247198, 544
bubble,550,1000,1,245015, 560
bubble,550,1000,1,238908, 576
bubble,550,1000,1,169221, 592
bubble,550,1000,1,185343, 608
bubble,550,1000,1,228147, 624
bubble,550,1000,1,245076, 640
bubble,550,1000,1,239510, 64
bubble,550,1000,1,208384, 656
bubble,550,1000,1,207026, 672
bubble,550,1000,1,200742, 688
bubble,550,1000,1,181546, 704
bubble,550,1000,1,174289, 720
bubble,550,1000,1,186533, 736
bubble,550,1000,1,169124, 752
bubble,550,1000,1,169730, 768
bubble,550,1000,1,174165, 784
bubble,550,1000,1,190540, 800
bubble,550,1000,1,171770, 80
bubble,550,1000,1,261848, 816
bubble,550,1000,1,176777, 832
bubble,550,1000,1,179034, 848
bubble,550,1000,1,178032, 864
bubble,550,1000,1,195411, 880
bubble,550,1000,1,240736, 896
bubble,550,1000,1,183765, 912
bubble,550,1000,1,207390, 928
bubble,550,1000,1,216903, 944
bubble,550,1000,1,173656, 960
bubble,550,1000,1,208907, 96
bubble,550,1000,1,170284, 976
bubble,550,1000,1,167722, 992
bubble,650,1000,1,243578, 0
bubble,650,1000,1,251678, 1008
bubble,650,1000,1,245460, 1024
bubble,650,1000,1,279822, 1040
bubble,650,1000,1,256404, 1056
bubble,650,1000,1,316302, 1072
bubble,650,1000,1,247520, 1088
bubble,650,1000,1,289927, 1104
bubble,650,1000,1,251268, 1120
bubble,650,1000,1,310266, 112
bubble,650,1000,1,267439, 1136
bubble,650,1000,1,276417, 1152
bubble,650,1000,1,268161, 1168
bubble,650,1000,1,236841, 1184
bubble,650,1000,1,264058, 1200
bubble,650,1000,1,285066, 1216
bubble,650,1000,1,281887, 1232
bubble,650,1000,1,276676, 1248
bubble,650,1000,1,273665, 1264
bubble,650,1000,1,237180, 1280
bubble,650,1000,1,272524, 128
bubble,650,1000,1,237983, 1296
bubble,650,1000,1,241307, 1312
bubble,650,1000,1,321080, 1328
bubble,650,1000,1,287212, 1344
bubble,650,1000,1,243460, 1360
bubble,650,1000,1,284731, 1376
bubble,650,1000,1,240092, 1392
bubble,650,1000,1,271585, 1408
bubble,650,1000,1,351588, 1424
bubble,650,1000,1,298287, 1440
bubble,650,1000,1,244869, 144
bubble,650,1000,1,248289, 1456
bubble,650,1000,1,252779, 1472
bubble,650,1000,1,247636, 1488
bubble,650,1000,1,248587, 1504
bubble,650,1000,1,243183, 1520
bubble,650,1000,1,240474, 1536
bubble,650,1000,1,253870, 1552
bubble,650,1000,1,312281, 1568
bubble,650,1000,1,249907, 1584
bubble,650,1000,1,248060, 1600
bubble,650,1000,1,238790, 160
bubble,650,1000,1,284409, 1616
bubble,650,1000,1,303165, 1632
bubble,650,1000,1,319070, 1648
bubble,650,1000,1,250613, 1664
bubble,650,1000,1,265071, 1680
bubble,650,1000,1,354396, 1696
bubble,650,1000,1,280252, 16
bubble,650,1000,1,265769, 1712
bubble,650,1000,1,249680, 1728
bubble,650,1000,1,255134, 1744
bubble,650,1000,1,250597, 1760
bubble,650,1000,1,328290, 176
bubble,650,1000,1,273731, 1776
bubble,650,1000,1,297699, 1792
bubble,650,1000,1,244851, 1808
bubble,650,1000,1,267908, 1824
bubble,650,1000,1,250563, 1840
bubble,650,1000,1,263204, 1856
bubble,650,1000,1,267960, 1872
bubble,650,1000,1,272549, 1888
bubble,650,1000,1,280254, 1904
bubble,650,1000,1,278801, 1920
bubble,650,1000,1,273317, 192
bubble,650,1000,1,237909, 1936
bubble,650,1000,1,247964, 1952
bubble,650,1000,1,291615, 1968
bubble,650,1000,1,264458, 1984
bubble,650,1000,1,263768, 2000
bubble,650,1000,1,286033, 2016
bubble,650,1000,1,250067, 2032
bubble,650,1000,1,248740, 2048
bubble,650,1000,1,248422, 2064
bubble,650,1000,1,246197, 2080
bubble,650,1000,1,254251, 208
bubble,650,1000,1,239646, 2096
bubble,650,1000,1,365360, 2112
bubble,650,1000,1,303073, 2128
bubble,650,1000,1,242628, 2144
bubble,650,1000,1,248953, 2160
bubble,650,1000,1,243170, 2176
bubble,650,1000,1,271632, 2192
bubble,650,1000,1,249373, 2208
bubble,650,1000,1,243317, 2224
bubble,650,1000,1,252905, 2240
bubble,650,1000,1,254467, 224
bubble,650,1000,1,243951, 2256
bubble,650,1000,1,241979, 2272
bubble,650,1000,1,249514, 2288
bubble,650,1000,1,310499, 2304
bubble,650,1000,1,255882, 2320
bubble,650,1000,1,312963, 2336
bubble,650,1000,1,259697, 2352
bubble,650,1000,1,330350, 2368
bubble,650,1000,1,276787, 2384
bubble,650,1000,1,296245, 2400
bubble,650,1000,1,269911, 240
bubble,650,1000,1,260610, 2416
bubble,650,1000,1,242047, 2432
bubble,650,1000,1,281314, 2448
bubble,650,1000,1,241141, 2464
bubble,650,1000,1,233909, 2480
bubble,650,1000,1,244678, 2496
bubble,650,1000,1,263038, 2512
bubble,650,1000,1,255750, 2528
bubble,650,1000,1,258882, 2544
bubble,650,1000,1,262332, 2560
bubble,650,1000,1,292256, 256
bubble,650,1000,1,279463, 2576
bubble,650,1000,1,263679, 2592
bubble,650,1000,1,446914, 2608
bubble,650,1000,1,264815, 2624
bubble,650,1000,1,233925, 2640
bubble,650,1000,1,339394, 2656
bubble,650,1000,1,236463, 2672
bubble,650,1000,1,236991, 2688
bubble,650,1000,1,250572, 2704
bubble,650,1000,1,254015, 2720
bubble,650,1000,1,261751, 272
bubble,650,1000,1,248517, 2736
bubble,650,1000,1,252549, 2752
bubble,650,1000,1,267380, 2768
bubble,650,1000,1,244136, 2784
bubble,650,1000,1,235445, 2800
bubble,650,1000,1,235785, 2816
bubble,650,1000,1,314552, 2832
bubble,650,1000,1,244452, 2848
bubble,650,1000,1,240680, 2864
bubble,650,1000,1,241930, 2880
bubble,650,1000,1,253322, 288
bubble,650,1000,1,266089, 2896
bubble,650,1000,1,249613, 2912
bubble,650,1000,1,340846, 2928
bubble,650,1000,1,248858, 2944
bubble,650,1000,1,320139, 2960
bubble,650,1000,1,306870, 2976
bubble,650,1000,1,326714, 2992
bubble,650,1000,1,254492, 3008
bubble,650,1000,1,254723, 3024
bubble,650,1000,1,256549, 3040
bubble,650,1000,1,295323, 304
bubble,650,1000,1,354763, 3056
bubble,650,1000,1,262784, 3072
bubble,650,1000,1,243237, 3088
bubble,650,1000,1,246247, 3104
bubble,650,1000,1,245873, 3120
bubble,650,1000,1,247241, 3136
bubble,650,1000,1,262827, 3152
bubble,650,1000,1,252683, 3168
bubble,650,1000,1,309469, 3184
bubble,650,1000,1,320346, 3200
bubble,650,1000,1,254864, 320
bubble,650,1000,1,299699, 3216
bubble,650,1000,1,261578, 3232
bubble,650,1000,1,292040, 3248
bubble,650,1000,1,246729, 3264
bubble,650,1000,1,235049, 3280
bubble,650,1000,1,339922, 3296
bubble,650,1000,1,331753, 32
bubble,650,1000,1,251910, 3312
bubble,650,1000,1,254087, 3328
bubble,650,1000,1,269184, 3344
bubble,650,1000,1,306499, 3360
bubble,650,1000,1,265672, 336
bubble,650,1000,1,243274, 3376
bubble,650,1000,1,354622, 3392
bubble,650,1000,1,342521, 3408
bubble,650,1000,1,253332, 3424
bubble,650,1000,1,294738, 3440
bubble,650,1000,1,361987, 3456
bubble,650,1000,1,331684, 3472
bubble,650,1000,1,273722, 3488
bubble,650,1000,1,304881, 3504
bubble,650,1000,1,353269, 3520
bubble,650,1000,1,305325, 352
bubble,650,1000,1,349416, 3536
bubble,650,1000,1,255937, 3552
bubble,650,1000,1,313272, 3568
bubble,650,1000,1,264365, 3584
bubble,650,1000,1,265726, 3600
bubble,650,1000,1,252861, 3616
bubble,650,1000,1,242596, 3632
bubble,650,1000,1,249271, 3648
bubble,650,1000,1,236087, 3664
bubble,650,1000,1,247800, 3680
bubble,650,1000,1,237491, 368
bubble,650,1000,1,261319, 3696
bubble,650,1000,1,254568, 3712
bubble,650,1000,1,358315, 3728
bubble,650,1000,1,251871, 3744
bubble,650,1000,1,271631, 3760
bubble,650,1000,1,245396, 3776
bubble,650,1000,1,264251, 3792
bubble,650,1000,1,276877, 3808
bubble,650,1000,1,233391, 3824
bubble,650,1000,1,236151, 3840
bubble,650,1000,1,231134, 384
bubble,650,1000,1,252399, 3856
bubble,650,1000,1,245723, 3872
bubble,650,1000,1,344069, 3888
bubble,650,1000,1,251405, 3904
bubble,650,1000,1,250902, 3920
bubble,650,1000,1,244130, 3936
bubble,650,1000,1,262936, 3952
bubble,650,1000,1,306439, 3968
bubble,650,1000,1,248978, 3984
bubble,650,1000,1,250647, 4000
bubble,650,1000,1,231773, 400
bubble,650,1000,1,311539, 4016
bubble,650,1000,1,237399, 4032
bubble,650,1000,1,278010, 4048
bubble,650,1000,1,381507, 4064
bubble,650,1000,1,398290, 4080
bubble,650,1000,1,313566, 4096
bubble,650,1000,1,241395, 416
bubble,650,1000,1,230576, 432
bubble,650,1000,1,230229, 448
bubble,650,1000,1,322864, 464
bubble,650,1000,1,239866, 480
bubble,650,1000,1,281728, 48
bubble,650,1000,1,230062, 496
bubble,650,1000,1,248659, 512
bubble,650,1000,1,251008, 528
bubble,650,1000,1,332561, 544
bubble,650,1000,1,244345, 560
bubble,650,1000,1,334919, 576
bubble,650,1000,1,332824, 592
bubble,650,1000,1,249970, 608
bubble,650,1000,1,243709, 624
bubble,650,1000,1,235842, 640
bubble,650,1000,1,255928, 64
bubble,650,1000,1,243234, 656
bubble,650,1000,1,275291, 672
bubble,650,1000,1,352005, 688
bubble,650,1000,1,244907, 704
bubble,650,1000,1,337060, 720
bubble,650,1000,1,329051, 736
bubble,650,1000,1,265231, 752
bubble,650,1000,1,345407, 768
bubble,650,1000,1,270031, 784
bubble,650,1000,1,235141, 800
bubble,650,1000,1,265233, 80
bubble,650,1000,1,242365, 816
bubble,650,1000,1,252947, 832
bubble,650,1000,1,296781, 848
bubble,650,1000,1,246819, 864
bubble,650,1000,1,347041, 880
bubble,650,1000,1,245104, 896
bubble,650,1000,1,239536, 912
bubble,650,1000,1,238878, 928
bubble,650,1000,1,239555, 944
bubble,650,1000,1,276729, 960
bubble,650,1000,1,285329, 96
bubble,650,1000,1,248856, 976
bubble,650,1000,1,298324, 992
bubble,750,1000,1,330427, 0
bubble,750,1000,1,385767, 1008
bubble,750,1000,1,410334, 1024
bubble,750,1000,1,323465, 1040
bubble,750,1000,1,328164, 1056
bubble,750,1000,1,456424, 1072
bubble,750,1000,1,371781, 1088
bubble,750,1000,1,355382, 1104
bubble,750,1000,1,353474, 1120
bubble,750,1000,1,437681, 112
bubble,750,1000,1,326140, 1136
bubble,750,1000,1,327868, 1152
bubble,750,1000,1,333717, 1168
bubble,750,1000,1,321281, 1184
bubble,750,1000,1,331821, 1200
bubble,750,1000,1,328386, 1216
bubble,750,1000,1,371331, 1232
bubble,750,1000,1,456857, 1248
bubble,750,1000,1,322599, 1264
bubble,750,1000,1,421655, 1280
bubble,750,1000,1,319629, 128
bubble,750,1000,1,419223, 1296
bubble,750,1000,1,344578, 1312
bubble,750,1000,1,339618, 1328
bubble,750,1000,1,343279, 1344
bubble,750,1000,1,401863, 1360
bubble,750,1000,1,315749, 1376
bubble,750,1000,1,321310, 1392
bubble,750,1000,1,333043, 1408
bubble,750,1000,1,321279, 1424
bubble,750,1000,1,405365, 1440
bubble,750,1000,1,433188, 144
bubble,750,1000,1,320601, 1456
bubble,750,1000,1,386695, 1472
bubble,750,1000,1,358685, 1488
bubble,750,1000,1,370038, 1504
bubble,750,1000,1,389848, 1520
bubble,750,1000,1,316874, 1536
bubble,750,1000,1,364989, 1552
bubble,750,1000,1,333705, 1568
bubble,750,1000,1,316120, 1584
bubble,750,1000,1,334953, 1600
bubble,750,1000,1,334965, 160
bubble,750,1000,1,349698, 1616
bubble,750,1000,1,494981, 1632
bubble,750,1000,1,324100, 1648
bubble,750,1000,1,352315, 1664
bubble,750,1000,1,327439, 1680
bubble,750,1000,1,399968, 1696
bubble,750,1000,1,346260, 16
bubble,750,1000,1,314583, 1712
bubble,750,1000,1,355631, 1728
bubble,750,1000,1,354645, 1744
bubble,750,1000,1,437126, 1760
bubble,750,1000,1,425266, 176
bubble,750,1000,1,317114, 1776
bubble,750,1000,1,364470, 1792
bubble,750,1000,1,334491, 1808
bubble,750,1000,1,333173, 1824
bubble,750,1000,1,375577, 1840
bubble,750,1000,1,337956, 1856
bubble,750,1000,1,341086, 1872
bubble,750,1000,1,316962, 1888
bubble,750,1000,1,493058, 1904
bubble,750,1000,1,321498, 1920
bubble,750,1000,1,350648, 192
bubble,750,1000,1,414683, 1936
bubble,750,1000,1,373078, 1952
bubble,750,1000,1,432828, 1968
bubble,750,1000,1,366194, 1984
bubble,750,1000,1,350660, 2000
bubble,750,1000,1,376466, 2016
bubble,750,1000,1,487529, 2032
bubble,750,1000,1,439334, 2048
bubble,750,1000,1,344375, 2064
bubble,750,1000,1,330462, 2080
bubble,750,1000,1,424456, 208
bubble,750,1000,1,388643, 2096
bubble,750,1000,1,410927, 2112
bubble,750,1000,1,350426, 2128
bubble,750,1000,1,328751, 2144
bubble,750,1000,1,318282, 2160
bubble,750,1000,1,410021, 2176
bubble,750,1000,1,334724, 2192
bubble,750,1000,1,350996, 2208
bubble,750,1000,1,340475, 2224
bubble,750,1000,1,320766, 2240
bubble,750,1000,1,314429, 224
bubble,750,1000,1,363865, 2256
bubble,750,1000,1,368402, 2272
bubble,750,1000,1,446643, 2288
bubble,750,1000,1,333777, 2304
bubble,750,1000,1,312636, 2320
bubble,750,1000,1,426725, 2336
bubble,750,1000,1,317117, 2352
bubble,750,1000,1,463641, 2368
bubble,750,1000,1,381675, 2384
bubble,750,1000,1,346412, 2400
bubble,750,1000,1,342203, 240
bubble,750,1000,1,430479, 2416
bubble,750,1000,1,405747, 2432
bubble,750,1000,1,337633, 2448
bubble,750,1000,1,375283, 2464
bubble,750,1000,1,414767, 2480
bubble,750,1000,1,318363, 2496
bubble,750,1000,1,330154, 2512
bubble,750,1000,1,421446, 2528
bubble,750,1000,1,419026, 2544
bubble,750,1000,1,319716, 2560
bubble,750,1000,1,330665, 256
bubble,750,1000,1,319019, 2576
bubble,750,1000,1,321405, 2592
bubble,750,1000,1,359551, 2608
bubble,750,1000,1,384492, 2624
bubble,750,1000,1,449057, 2640
bubble,750,1000,1,335577, 2656
bubble,750,1000,1,411602, 2672
bubble,750,1000,1,422099, 2688
bubble,750,1000,1,307993, 2704
bubble,750,1000,1,362736, 2720
bubble,750,1000,1,367314, 272
bubble,750,1000,1,438553, 2736
bubble,750,1000,1,363779, 2752
bubble,750,1000,1,337009, 2768
bubble,750,1000,1,324916, 2784
bubble,750,1000,1,334743, 2800
bubble,750,1000,1,321013, 2816
bubble,750,1000,1,331800, 2832
bubble,750,1000,1,318142, 2848
bubble,750,1000,1,320923, 2864
bubble,750,1000,1,323068, 2880
bubble,750,1000,1,333259, 288
bubble,750,1000,1,339168, 2896
bubble,750,1000,1,338483, 2912
bubble,750,1000,1,339514, 2928
bubble,750,1000,1,336278, 2944
bubble,750,1000,1,335105, 2960
bubble,750,1000,1,452449, 2976
bubble,750,1000,1,320910, 2992
bubble,750,1000,1,398364, 3008
bubble,750,1000,1,462456, 3024
bubble,750,1000,1,325536, 3040
bubble,750,1000,1,424357, 304
bubble,750,1000,1,374091, 3056
bubble,750,1000,1,319487, 3072
bubble,750,1000,1,316961, 3088
bubble,750,1000,1,335372, 3104
bubble,750,1000,1,332154, 3120
bubble,750,1000,1,343534, 3136
bubble,750,1000,1,335268, 3152
bubble,750,1000,1,315864, 3168
bubble,750,1000,1,424756, 3184
bubble,750,1000,1,316535, 3200
bubble,750,1000,1,335056, 320
bubble,750,1000,1,320067, 3216
bubble,750,1000,1,305928, 3232
bubble,750,1000,1,418777, 3248
bubble,750,1000,1,338478, 3264
bubble,750,1000,1,399474, 3280
bubble,750,1000,1,462217, 3296
bubble,750,1000,1,328761, 32
bubble,750,1000,1,333491, 3312
bubble,750,1000,1,334879, 3328
bubble,750,1000,1,471258, 3344
bubble,750,1000,1,358426, 3360
bubble,750,1000,1,414144, 336
bubble,750,1000,1,339277, 3376
bubble,750,1000,1,318445, 3392
bubble,750,1000,1,328099, 3408
bubble,750,1000,1,380572, 3424
bubble,750,1000,1,441877, 3440
bubble,750,1000,1,486044, 3456
bubble,750,1000,1,326136, 3472
bubble,750,1000,1,328869, 3488
bubble,750,1000,1,316651, 3504
bubble,750,1000,1,340392, 3520
bubble,750,1000,1,386904, 352
bubble,750,1000,1,322655, 3536
bubble,750,1000,1,381514, 3552
bubble,750,1000,1,326728, 3568
bubble,750,1000,1,343758, 3584
bubble,750,1000,1,335660, 3600
bubble,750,1000,1,342762, 3616
bubble,750,1000,1,336116, 3632
bubble,750,1000,1,332008, 3648
bubble,750,1000,1,324602, 3664
bubble,750,1000,1,329327, 3680
bubble,750,1000,1,336037, 368
bubble,750,1000,1,319664, 3696
bubble,750,1000,1,474794, 3712
bubble,750,1000,1,341013, 3728
bubble,750,1000,1,429739, 3744
bubble,750,1000,1,322559, 3760
bubble,750,1000,1,321312, 3776
bubble,750,1000,1,324547, 3792
bubble,750,1000,1,357246, 3808
bubble,750,1000,1,328260, 3824
bubble,750,1000,1,331033, 3840
bubble,750,1000,1,333713, 384
bubble,750,1000,1,319076, 3856
bubble,750,1000,1,317298, 3872
bubble,750,1000,1,433251, 3888
bubble,750,1000,1,389003, 3904
bubble,750,1000,1,404315, 3920
bubble,750,1000,1,320154, 3936
bubble,750,1000,1,314104, 3952
bubble,750,1000,1,364897, 3968
bubble,750,1000,1,336167, 3984
bubble,750,1000,1,312448, 4000
bubble,750,1000,1,457893, 400
bubble,750,1000,1,377601, 4016
bubble,750,1000,1,329943, 4032
bubble,750,1000,1,337429, 4048
bubble,750,1000,1,351530, 4064
bubble,750,1000,1,356844, 4080
bubble,750,1000,1,319693, 4096
bubble,750,1000,1,380388, 416
bubble,750,1000,1,337066, 432
bubble,750,1000,1,360284, 448
bubble,750,1000,1,325566, 464
bubble,750,1000,1,330495, 480
bubble,750,1000,1,340803, 48
bubble,750,1000,1,486085, 496
bubble,750,1000,1,333163, 512
bubble,750,1000,1,333666, 528
bubble,750,1000,1,332679, 544
bubble,750,1000,1,321618, 560
bubble,750,1000,1,319388, 576
bubble,750,1000,1,329199, 592
bubble,750,1000,1,430342, 608
bubble,750,1000,1,326560, 624
bubble,750,1000,1,312953, 640
bubble,750,1000,1,327046, 64
bubble,750,1000,1,432732, 656
bubble,750,1000,1,427313, 672
bubble,750,1000,1,332139, 688
bubble,750,1000,1,354000, 704
bubble,750,1000,1,554234, 720
bubble,750,1000,1,330783, 736
bubble,750,1000,1,374165, 752
bubble,750,1000,1,426745, 768
bubble,750,1000,1,334633, 784
bubble,750,1000,1,463572, 800
bubble,750,1000,1,441871, 80
bubble,750,1000,1,354642, 816
bubble,750,1000,1,347198, 832
bubble,750,1000,1,323148, 848
bubble,750,1000,1,318086, 864
bubble,750,1000,1,338707, 880
bubble,750,1000,1,435960, 896
bubble,750,1000,1,307201, 912
bubble,750,1000,1,319061, 928
bubble,750,1000,1,395312, 944
bubble,750,1000,1,375308, 960
bubble,750,1000,1,327216, 96
bubble,750,1000,1,326784, 976
bubble,750,1000,1,329496, 992
