merge,150,1000,1,53363, 0
merge,150,1000,1,52776, 1008
merge,150,1000,1,77455, 1024
merge,150,1000,1,52635, 1040
merge,150,1000,1,55432, 1056
merge,150,1000,1,65836, 1072
merge,150,1000,1,62126, 1088
merge,150,1000,1,59754, 1104
merge,150,1000,1,56903, 1120
merge,150,1000,1,54689, 112
merge,150,1000,1,55509, 1136
merge,150,1000,1,52660, 1152
merge,150,1000,1,52795, 1168
merge,150,1000,1,53290, 1184
merge,150,1000,1,54233, 1200
merge,150,1000,1,72342, 1216
merge,150,1000,1,53403, 1232
merge,150,1000,1,54625, 1248
merge,150,1000,1,64250, 1264
merge,150,1000,1,53212, 1280
merge,150,1000,1,56495, 128
merge,150,1000,1,52845, 1296
merge,150,1000,1,76696, 1312
merge,150,1000,1,53231, 1328
merge,150,1000,1,55877, 1344
merge,150,1000,1,53620, 1360
merge,150,1000,1,88328, 1376
merge,150,1000,1,54607, 1392
merge,150,1000,1,77253, 1408
merge,150,1000,1,54674, 1424
merge,150,1000,1,53375, 1440
merge,150,1000,1,76068, 144
merge,150,1000,1,54042, 1456
merge,150,1000,1,70050, 1472
merge,150,1000,1,71318, 1488
merge,150,1000,1,54244, 1504
merge,150,1000,1,53000, 1520
merge,150,1000,1,76508, 1536
merge,150,1000,1,52634, 1552
merge,150,1000,1,52659, 1568
merge,150,1000,1,52943, 1584
merge,150,1000,1,54344, 1600
merge,150,1000,1,54121, 160
merge,150,1000,1,68315, 1616
merge,150,1000,1,51881, 1632
merge,150,1000,1,55097, 1648
merge,150,1000,1,53201, 1664
merge,150,1000,1,56340, 1680
merge,150,1000,1,51750, 1696
merge,150,1000,1,77351, 16
merge,150,1000,1,53081, 1712
merge,150,1000,1,77220, 1728
merge,150,1000,1,73479, 1744
merge,150,1000,1,61779, 1760
merge,150,1000,1,58062, 176
merge,150,1000,1,55571, 1776
merge,150,1000,1,67224, 1792
merge,150,1000,1,69657, 1808
merge,150,1000,1,52842, 1824
merge,150,1000,1,53942, 1840
merge,150,1000,1,55395, 1856
merge,150,1000,1,73272, 1872
merge,150,1000,1,52952, 1888
merge,150,1000,1,77105, 1904
merge,150,1000,1,69898, 1920
merge,150,1000,1,72249, 192
merge,150,1000,1,53027, 1936
merge,150,1000,1,70475, 1952
merge,150,1000,1,55294, 1968
merge,150,1000,1,56558, 1984
merge,150,1000,1,63417, 2000
merge,150,1000,1,54524, 2016
merge,150,1000,1,52909, 2032
merge,150,1000,1,54972, 2048
merge,150,1000,1,53440, 2064
merge,150,1000,1,53847, 2080
merge,150,1000,1,71493, 208
merge,150,1000,1,53309, 2096
merge,150,1000,1,54908, 2112
merge,150,1000,1,97196, 2128
merge,150,1000,1,54111, 2144
merge,150,1000,1,54811, 2160
merge,150,1000,1,68671, 2176
merge,150,1000,1,52446, 2192
merge,150,1000,1,53169, 2208
merge,150,1000,1,56454, 2224
merge,150,1000,1,61211, 2240
merge,150,1000,1,69043, 224
merge,150,1000,1,51242, 2256
merge,150,1000,1,74149, 2272
merge,150,1000,1,53743, 2288
merge,150,1000,1,52763, 2304
merge,150,1000,1,53589, 2320
merge,150,1000,1,53476, 2336
merge,150,1000,1,80085, 2352
merge,150,1000,1,54629, 2368
merge,150,1000,1,52612, 2384
merge,150,1000,1,62500, 2400
merge,150,1000,1,52066, 240
merge,150,1000,1,52956, 2416
merge,150,1000,1,79344, 2432
merge,150,1000,1,54889, 2448
merge,150,1000,1,53366, 2464
merge,150,1000,1,53256, 2480
merge,150,1000,1,55486, 2496
merge,150,1000,1,55402, 2512
merge,150,1000,1,55412, 2528
merge,150,1000,1,54896, 2544
merge,150,1000,1,67119, 2560
merge,150,1000,1,57617, 256
merge,150,1000,1,95066, 2576
merge,150,1000,1,82397, 2592
merge,150,1000,1,52826, 2608
merge,150,1000,1,73846, 2624
merge,150,1000,1,96992, 2640
merge,150,1000,1,60975, 2656
merge,150,1000,1,52690, 2672
merge,150,1000,1,53717, 2688
merge,150,1000,1,75761, 2704
merge,150,1000,1,55728, 2720
merge,150,1000,1,55273, 272
merge,150,1000,1,60073, 2736
merge,150,1000,1,54443, 2752
merge,150,1000,1,55516, 2768
merge,150,1000,1,73378, 2784
merge,150,1000,1,53891, 2800
merge,150,1000,1,54521, 2816
merge,150,1000,1,51464, 2832
merge,150,1000,1,52607, 2848
merge,150,1000,1,87427, 2864
merge,150,1000,1,53663, 2880
merge,150,1000,1,69575, 288
merge,150,1000,1,73384, 2896
merge,150,1000,1,63376, 2912
merge,150,1000,1,54656, 2928
merge,150,1000,1,51185, 2944
merge,150,1000,1,80797, 2960
merge,150,1000,1,62896, 2976
merge,150,1000,1,54847, 2992
merge,150,1000,1,54219, 3008
merge,150,1000,1,74717, 3024
merge,150,1000,1,70694, 3040
merge,150,1000,1,55049, 304
merge,150,1000,1,52450, 3056
merge,150,1000,1,53747, 3072
merge,150,1000,1,83117, 3088
merge,150,1000,1,55123, 3104
merge,150,1000,1,69230, 3120
merge,150,1000,1,82875, 3136
merge,150,1000,1,57404, 3152
merge,150,1000,1,54230, 3168
merge,150,1000,1,72624, 3184
merge,150,1000,1,56574, 3200
merge,150,1000,1,73928, 320
merge,150,1000,1,55327, 3216
merge,150,1000,1,58816, 3232
merge,150,1000,1,55791, 3248
merge,150,1000,1,57233, 3264
merge,150,1000,1,58399, 3280
merge,150,1000,1,57818, 3296
merge,150,1000,1,53007, 32
merge,150,1000,1,52700, 3312
merge,150,1000,1,53120, 3328
merge,150,1000,1,72258, 3344
merge,150,1000,1,50592, 3360
merge,150,1000,1,75655, 336
merge,150,1000,1,54948, 3376
merge,150,1000,1,53687, 3392
merge,150,1000,1,68588, 3408
merge,150,1000,1,65568, 3424
merge,150,1000,1,53885, 3440
merge,150,1000,1,89233, 3456
merge,150,1000,1,55842, 3472
merge,150,1000,1,57382, 3488
merge,150,1000,1,59983, 3504
merge,150,1000,1,53014, 3520
merge,150,1000,1,55842, 352
merge,150,1000,1,53024, 3536
merge,150,1000,1,77218, 3552
merge,150,1000,1,54179, 3568
merge,150,1000,1,52859, 3584
merge,150,1000,1,53729, 3600
merge,150,1000,1,68620, 3616
merge,150,1000,1,54796, 3632
merge,150,1000,1,53794, 3648
merge,150,1000,1,75211, 3664
merge,150,1000,1,54409, 3680
merge,150,1000,1,95909, 368
merge,150,1000,1,54593, 3696
merge,150,1000,1,55981, 3712
merge,150,1000,1,63297, 3728
merge,150,1000,1,53581, 3744
merge,150,1000,1,71725, 3760
merge,150,1000,1,53188, 3776
merge,150,1000,1,52888, 3792
merge,150,1000,1,73337, 3808
merge,150,1000,1,76281, 3824
merge,150,1000,1,73277, 3840
merge,150,1000,1,57627, 384
merge,150,1000,1,53309, 3856
merge,150,1000,1,71141, 3872
merge,150,1000,1,92899, 3888
merge,150,1000,1,53307, 3904
merge,150,1000,1,52303, 3920
merge,150,1000,1,77425, 3936
merge,150,1000,1,54132, 3952
merge,150,1000,1,55001, 3968
merge,150,1000,1,77649, 3984
merge,150,1000,1,53273, 4000
merge,150,1000,1,70072, 400
merge,150,1000,1,70377, 4016
merge,150,1000,1,52743, 4032
merge,150,1000,1,52603, 4048
merge,150,1000,1,54501, 4064
merge,150,1000,1,53203, 4080
merge,150,1000,1,53021, 4096
merge,150,1000,1,52864, 416
merge,150,1000,1,54676, 432
merge,150,1000,1,55091, 448
merge,150,1000,1,53972, 464
merge,150,1000,1,71284, 480
merge,150,1000,1,54559, 48
merge,150,1000,1,59954, 496
merge,150,1000,1,54880, 512
merge,150,1000,1,53455, 528
merge,150,1000,1,61387, 544
merge,150,1000,1,54928, 560
merge,150,1000,1,55610, 576
merge,150,1000,1,51707, 592
merge,150,1000,1,56369, 608
merge,150,1000,1,73853, 624
merge,150,1000,1,51900, 640
merge,150,1000,1,56019, 64
merge,150,1000,1,56058, 656
merge,150,1000,1,54550, 672
merge,150,1000,1,53252, 688
merge,150,1000,1,52786, 704
merge,150,1000,1,53202, 720
merge,150,1000,1,54940, 736
merge,150,1000,1,53309, 752
merge,150,1000,1,69146, 768
merge,150,1000,1,56163, 784
merge,150,1000,1,60578, 800
merge,150,1000,1,54792, 80
merge,150,1000,1,80405, 816
merge,150,1000,1,54166, 832
merge,150,1000,1,62498, 848
merge,150,1000,1,64866, 864
merge,150,1000,1,75382, 880
merge,150,1000,1,53025, 896
merge,150,1000,1,53745, 912
merge,150,1000,1,54428, 928
merge,150,1000,1,55397, 944
merge,150,1000,1,82744, 960
merge,150,1000,1,54331, 96
merge,150,1000,1,54262, 976
merge,150,1000,1,52253, 992
merge,250,1000,1,66701, 0
merge,250,1000,1,95969, 1008
merge,250,1000,1,66039, 1024
merge,250,1000,1,64741, 1040
merge,250,1000,1,66385, 1056
merge,250,1000,1,65221, 1072
merge,250,1000,1,105007, 1088
merge,250,1000,1,66068, 1104
merge,250,1000,1,64538, 1120
merge,250,1000,1,80561, 112
merge,250,1000,1,70654, 1136
merge,250,1000,1,64098, 1152
merge,250,1000,1,86420, 1168
merge,250,1000,1,67330, 1184
merge,250,1000,1,64672, 1200
merge,250,1000,1,64550, 1216
merge,250,1000,1,69592, 1232
merge,250,1000,1,76673, 1248
merge,250,1000,1,72840, 1264
merge,250,1000,1,64214, 1280
merge,250,1000,1,91712, 128
merge,250,1000,1,67439, 1296
merge,250,1000,1,71123, 1312
merge,250,1000,1,64310, 1328
merge,250,1000,1,67002, 1344
merge,250,1000,1,73977, 1360
merge,250,1000,1,97018, 1376
merge,250,1000,1,90366, 1392
merge,250,1000,1,77157, 1408
merge,250,1000,1,110434, 1424
merge,250,1000,1,66926, 1440
merge,250,1000,1,68571, 144
merge,250,1000,1,64962, 1456
merge,250,1000,1,66790, 1472
merge,250,1000,1,65615, 1488
merge,250,1000,1,68441, 1504
merge,250,1000,1,86419, 1520
merge,250,1000,1,66321, 1536
merge,250,1000,1,66679, 1552
merge,250,1000,1,67598, 1568
merge,250,1000,1,101089, 1584
merge,250,1000,1,65293, 1600
merge,250,1000,1,74508, 160
merge,250,1000,1,70681, 1616
merge,250,1000,1,64491, 1632
merge,250,1000,1,68026, 1648
merge,250,1000,1,64685, 1664
merge,250,1000,1,95799, 1680
merge,250,1000,1,64374, 1696
merge,250,1000,1,65782, 16
merge,250,1000,1,69382, 1712
merge,250,1000,1,87131, 1728
merge,250,1000,1,73730, 1744
merge,250,1000,1,64341, 1760
merge,250,1000,1,67856, 176
merge,250,1000,1,65544, 1776
merge,250,1000,1,65604, 1792
merge,250,1000,1,65079, 1808
merge,250,1000,1,86456, 1824
merge,250,1000,1,67078, 1840
merge,250,1000,1,66866, 1856
merge,250,1000,1,67007, 1872
merge,250,1000,1,66896, 1888
merge,250,1000,1,66152, 1904
merge,250,1000,1,66607, 1920
merge,250,1000,1,68802, 192
merge,250,1000,1,65915, 1936
merge,250,1000,1,69248, 1952
merge,250,1000,1,67409, 1968
merge,250,1000,1,67419, 1984
merge,250,1000,1,83793, 2000
merge,250,1000,1,88992, 2016
merge,250,1000,1,66989, 2032
merge,250,1000,1,64770, 2048
merge,250,1000,1,94910, 2064
merge,250,1000,1,70140, 2080
merge,250,1000,1,72338, 208
merge,250,1000,1,75121, 2096
merge,250,1000,1,63625, 2112
merge,250,1000,1,67846, 2128
merge,250,1000,1,94361, 2144
merge,250,1000,1,66295, 2160
merge,250,1000,1,65889, 2176
merge,250,1000,1,68243, 2192
merge,250,1000,1,67881, 2208
merge,250,1000,1,66052, 2224
merge,250,1000,1,81958, 2240
merge,250,1000,1,96731, 224
merge,250,1000,1,67351, 2256
merge,250,1000,1,66273, 2272
merge,250,1000,1,100785, 2288
merge,250,1000,1,104874, 2304
merge,250,1000,1,92828, 2320
merge,250,1000,1,67659, 2336
merge,250,1000,1,68293, 2352
merge,250,1000,1,66030, 2368
merge,250,1000,1,80835, 2384
merge,250,1000,1,68570, 2400
merge,250,1000,1,90960, 240
merge,250,1000,1,93999, 2416
merge,250,1000,1,82452, 2432
merge,250,1000,1,63942, 2448
merge,250,1000,1,91554, 2464
merge,250,1000,1,92502, 2480
merge,250,1000,1,66135, 2496
merge,250,1000,1,79336, 2512
merge,250,1000,1,93138, 2528
merge,250,1000,1,66239, 2544
merge,250,1000,1,66503, 2560
merge,250,1000,1,68197, 256
merge,250,1000,1,67766, 2576
merge,250,1000,1,70922, 2592
merge,250,1000,1,101222, 2608
merge,250,1000,1,93922, 2624
merge,250,1000,1,64707, 2640
merge,250,1000,1,98806, 2656
merge,250,1000,1,65719, 2672
merge,250,1000,1,69988, 2688
merge,250,1000,1,68895, 2704
merge,250,1000,1,64842, 2720
merge,250,1000,1,64648, 272
merge,250,1000,1,97540, 2736
merge,250,1000,1,65712, 2752
merge,250,1000,1,96104, 2768
merge,250,1000,1,84426, 2784
merge,250,1000,1,71943, 2800
merge,250,1000,1,65069, 2816
merge,250,1000,1,72302, 2832
merge,250,1000,1,64157, 2848
merge,250,1000,1,65099, 2864
merge,250,1000,1,127722, 2880
merge,250,1000,1,70030, 288
merge,250,1000,1,106265, 2896
merge,250,1000,1,66665, 2912
merge,250,1000,1,67106, 2928
merge,250,1000,1,72816, 2944
merge,250,1000,1,63691, 2960
merge,250,1000,1,65568, 2976
merge,250,1000,1,76505, 2992
merge,250,1000,1,68120, 3008
merge,250,1000,1,91403, 3024
merge,250,1000,1,91560, 3040
merge,250,1000,1,69364, 304
merge,250,1000,1,66856, 3056
merge,250,1000,1,66522, 3072
merge,250,1000,1,67902, 3088
merge,250,1000,1,110203, 3104
merge,250,1000,1,68207, 3120
merge,250,1000,1,65606, 3136
merge,250,1000,1,89239, 3152
merge,250,1000,1,67342, 3168
merge,250,1000,1,68092, 3184
merge,250,1000,1,89820, 3200
merge,250,1000,1,67118, 320
merge,250,1000,1,68098, 3216
merge,250,1000,1,67863, 3232
merge,250,1000,1,65746, 3248
merge,250,1000,1,74559, 3264
merge,250,1000,1,78756, 3280
merge,250,1000,1,89298, 3296
merge,250,1000,1,92045, 32
merge,250,1000,1,65465, 3312
merge,250,1000,1,64359, 3328
merge,250,1000,1,65757, 3344
merge,250,1000,1,71114, 3360
merge,250,1000,1,69213, 336
merge,250,1000,1,98140, 3376
merge,250,1000,1,67664, 3392
merge,250,1000,1,114804, 3408
merge,250,1000,1,115362, 3424
merge,250,1000,1,66235, 3440
merge,250,1000,1,93434, 3456
merge,250,1000,1,86017, 3472
merge,250,1000,1,94943, 3488
merge,250,1000,1,77047, 3504
merge,250,1000,1,66049, 3520
merge,250,1000,1,80138, 352
merge,250,1000,1,96873, 3536
merge,250,1000,1,97599, 3552
merge,250,1000,1,74165, 3568
merge,250,1000,1,66393, 3584
merge,250,1000,1,71553, 3600
merge,250,1000,1,101081, 3616
merge,250,1000,1,121036, 3632
merge,250,1000,1,65702, 3648
merge,250,1000,1,67015, 3664
merge,250,1000,1,82374, 3680
merge,250,1000,1,66791, 368
merge,250,1000,1,84797, 3696
merge,250,1000,1,111552, 3712
merge,250,1000,1,76107, 3728
merge,250,1000,1,71537, 3744
merge,250,1000,1,65741, 3760
merge,250,1000,1,71928, 3776
merge,250,1000,1,92609, 3792
merge,250,1000,1,66703, 3808
merge,250,1000,1,70346, 3824
merge,250,1000,1,93707, 3840
merge,250,1000,1,67914, 384
merge,250,1000,1,66592, 3856
merge,250,1000,1,82151, 3872
merge,250,1000,1,81054, 3888
merge,250,1000,1,82657, 3904
merge,250,1000,1,95123, 3920
merge,250,1000,1,64874, 3936
merge,250,1000,1,92441, 3952
merge,250,1000,1,102807, 3968
merge,250,1000,1,69740, 3984
merge,250,1000,1,67198, 4000
merge,250,1000,1,84303, 400
merge,250,1000,1,65388, 4016
merge,250,1000,1,80910, 4032
merge,250,1000,1,93671, 4048
merge,250,1000,1,65052, 4064
merge,250,1000,1,69549, 4080
merge,250,1000,1,66177, 4096
merge,250,1000,1,66075, 416
merge,250,1000,1,65027, 432
merge,250,1000,1,65273, 448
merge,250,1000,1,81297, 464
merge,250,1000,1,66693, 480
merge,250,1000,1,66080, 48
merge,250,1000,1,68622, 496
merge,250,1000,1,68919, 512
merge,250,1000,1,71140, 528
merge,250,1000,1,66944, 544
merge,250,1000,1,76705, 560
merge,250,1000,1,63805, 576
merge,250,1000,1,62443, 592
merge,250,1000,1,86224, 608
merge,250,1000,1,65668, 624
merge,250,1000,1,65810, 640
merge,250,1000,1,99889, 64
merge,250,1000,1,95678, 656
merge,250,1000,1,64930, 672
merge,250,1000,1,78525, 688
merge,250,1000,1,65113, 704
merge,250,1000,1,64407, 720
merge,250,1000,1,67416, 736
merge,250,1000,1,93326, 752
merge,250,1000,1,85064, 768
merge,250,1000,1,95485, 784
merge,250,1000,1,80283, 800
merge,250,1000,1,71468, 80
merge,250,1000,1,89333, 816
merge,250,1000,1,66544, 832
merge,250,1000,1,91227, 848
merge,250,1000,1,70785, 864
merge,250,1000,1,94924, 880
merge,250,1000,1,66278, 896
merge,250,1000,1,66331, 912
merge,250,1000,1,68298, 928
merge,250,1000,1,66048, 944
merge,250,1000,1,120108, 960
merge,250,1000,1,96299, 96
merge,250,1000,1,88756, 976
merge,250,1000,1,85442, 992
merge,350,1000,1,79760, 0
merge,350,1000,1,109945, 1008
merge,350,1000,1,76637, 1024
merge,350,1000,1,79536, 1040
merge,350,1000,1,97029, 1056
merge,350,1000,1,76934, 1072
merge,350,1000,1,80108, 1088
merge,350,1000,1,76451, 1104
merge,350,1000,1,79227, 1120
merge,350,1000,1,81569, 112
merge,350,1000,1,117791, 1136
merge,350,1000,1,77020, 1152
merge,350,1000,1,80124, 1168
merge,350,1000,1,110361, 1184
merge,350,1000,1,78714, 1200
merge,350,1000,1,80065, 1216
merge,350,1000,1,81167, 1232
merge,350,1000,1,107827, 1248
merge,350,1000,1,77442, 1264
merge,350,1000,1,114805, 1280
merge,350,1000,1,113264, 128
merge,350,1000,1,79663, 1296
merge,350,1000,1,92050, 1312
merge,350,1000,1,92283, 1328
merge,350,1000,1,78648, 1344
merge,350,1000,1,77557, 1360
merge,350,1000,1,91165, 1376
merge,350,1000,1,92122, 1392
merge,350,1000,1,82358, 1408
merge,350,1000,1,77148, 1424
merge,350,1000,1,136220, 1440
merge,350,1000,1,77813, 144
merge,350,1000,1,119643, 1456
merge,350,1000,1,108223, 1472
merge,350,1000,1,137756, 1488
merge,350,1000,1,79241, 1504
merge,350,1000,1,83222, 1520
merge,350,1000,1,79478, 1536
merge,350,1000,1,79140, 1552
merge,350,1000,1,117625, 1568
merge,350,1000,1,79357, 1584
merge,350,1000,1,78977, 1600
merge,350,1000,1,118236, 160
merge,350,1000,1,79176, 1616
merge,350,1000,1,119881, 1632
merge,350,1000,1,85807, 1648
merge,350,1000,1,113102, 1664
merge,350,1000,1,79325, 1680
merge,350,1000,1,90767, 1696
merge,350,1000,1,96160, 16
merge,350,1000,1,109980, 1712
merge,350,1000,1,108844, 1728
merge,350,1000,1,78721, 1744
merge,350,1000,1,75671, 1760
merge,350,1000,1,106552, 176
merge,350,1000,1,77460, 1776
merge,350,1000,1,77864, 1792
merge,350,1000,1,76980, 1808
merge,350,1000,1,76629, 1824
merge,350,1000,1,99076, 1840
merge,350,1000,1,105001, 1856
merge,350,1000,1,79070, 1872
merge,350,1000,1,122708, 1888
merge,350,1000,1,79137, 1904
merge,350,1000,1,80678, 1920
merge,350,1000,1,82844, 192
merge,350,1000,1,79466, 1936
merge,350,1000,1,79800, 1952
merge,350,1000,1,77539, 1968
merge,350,1000,1,80133, 1984
merge,350,1000,1,79881, 2000
merge,350,1000,1,78238, 2016
merge,350,1000,1,78884, 2032
merge,350,1000,1,105189, 2048
merge,350,1000,1,79561, 2064
merge,350,1000,1,103908, 2080
merge,350,1000,1,89029, 208
merge,350,1000,1,81171, 2096
merge,350,1000,1,103966, 2112
merge,350,1000,1,102275, 2128
merge,350,1000,1,78833, 2144
merge,350,1000,1,79756, 2160
merge,350,1000,1,78875, 2176
merge,350,1000,1,93425, 2192
merge,350,1000,1,111697, 2208
merge,350,1000,1,88532, 2224
merge,350,1000,1,80513, 2240
merge,350,1000,1,84441, 224
merge,350,1000,1,90602, 2256
merge,350,1000,1,104948, 2272
merge,350,1000,1,92435, 2288
merge,350,1000,1,85994, 2304
merge,350,1000,1,97731, 2320
merge,350,1000,1,92997, 2336
merge,350,1000,1,94803, 2352
merge,350,1000,1,117850, 2368
merge,350,1000,1,88299, 2384
merge,350,1000,1,82380, 2400
merge,350,1000,1,79909, 240
merge,350,1000,1,134590, 2416
merge,350,1000,1,78913, 2432
merge,350,1000,1,77463, 2448
merge,350,1000,1,83473, 2464
merge,350,1000,1,77921, 2480
merge,350,1000,1,82060, 2496
merge,350,1000,1,84309, 2512
merge,350,1000,1,166235, 2528
merge,350,1000,1,78970, 2544
merge,350,1000,1,102495, 2560
merge,350,1000,1,76933, 256
merge,350,1000,1,77065, 2576
merge,350,1000,1,89200, 2592
merge,350,1000,1,80863, 2608
merge,350,1000,1,78088, 2624
merge,350,1000,1,81707, 2640
merge,350,1000,1,78339, 2656
merge,350,1000,1,77422, 2672
merge,350,1000,1,79756, 2688
merge,350,1000,1,77285, 2704
merge,350,1000,1,79191, 2720
merge,350,1000,1,79163, 272
merge,350,1000,1,116460, 2736
merge,350,1000,1,78665, 2752
merge,350,1000,1,84146, 2768
merge,350,1000,1,82241, 2784
merge,350,1000,1,82307, 2800
merge,350,1000,1,79256, 2816
merge,350,1000,1,117267, 2832
merge,350,1000,1,79838, 2848
merge,350,1000,1,77979, 2864
merge,350,1000,1,98393, 2880
merge,350,1000,1,80927, 288
merge,350,1000,1,112172, 2896
merge,350,1000,1,84561, 2912
merge,350,1000,1,127173, 2928
merge,350,1000,1,81264, 2944
merge,350,1000,1,89989, 2960
merge,350,1000,1,79280, 2976
merge,350,1000,1,85471, 2992
merge,350,1000,1,79258, 3008
merge,350,1000,1,77279, 3024
merge,350,1000,1,85415, 3040
merge,350,1000,1,78794, 304
merge,350,1000,1,137507, 3056
merge,350,1000,1,76321, 3072
merge,350,1000,1,79886, 3088
merge,350,1000,1,82886, 3104
merge,350,1000,1,78514, 3120
merge,350,1000,1,80991, 3136
merge,350,1000,1,115598, 3152
merge,350,1000,1,77000, 3168
merge,350,1000,1,119308, 3184
merge,350,1000,1,79126, 3200
merge,350,1000,1,78129, 320
merge,350,1000,1,115474, 3216
merge,350,1000,1,116800, 3232
merge,350,1000,1,79122, 3248
merge,350,1000,1,79702, 3264
merge,350,1000,1,79098, 3280
merge,350,1000,1,80133, 3296
merge,350,1000,1,78515, 32
merge,350,1000,1,90992, 3312
merge,350,1000,1,130877, 3328
merge,350,1000,1,76497, 3344
merge,350,1000,1,119684, 3360
merge,350,1000,1,77961, 336
merge,350,1000,1,80838, 3376
merge,350,1000,1,77148, 3392
merge,350,1000,1,124526, 3408
merge,350,1000,1,118158, 3424
merge,350,1000,1,76610, 3440
merge,350,1000,1,134165, 3456
merge,350,1000,1,100963, 3472
merge,350,1000,1,141488, 3488
merge,350,1000,1,79525, 3504
merge,350,1000,1,79248, 3520
merge,350,1000,1,80927, 352
merge,350,1000,1,87641, 3536
merge,350,1000,1,79999, 3552
merge,350,1000,1,76466, 3568
merge,350,1000,1,80308, 3584
merge,350,1000,1,77992, 3600
merge,350,1000,1,116283, 3616
merge,350,1000,1,79960, 3632
merge,350,1000,1,82740, 3648
merge,350,1000,1,113510, 3664
merge,350,1000,1,79808, 3680
merge,350,1000,1,119740, 368
merge,350,1000,1,80705, 3696
merge,350,1000,1,81451, 3712
merge,350,1000,1,80464, 3728
merge,350,1000,1,84043, 3744
merge,350,1000,1,77722, 3760
merge,350,1000,1,78455, 3776
merge,350,1000,1,94814, 3792
merge,350,1000,1,107253, 3808
merge,350,1000,1,77268, 3824
merge,350,1000,1,80233, 3840
merge,350,1000,1,94289, 384
merge,350,1000,1,129073, 3856
merge,350,1000,1,126515, 3872
merge,350,1000,1,81332, 3888
merge,350,1000,1,76937, 3904
merge,350,1000,1,93368, 3920
merge,350,1000,1,81949, 3936
merge,350,1000,1,89423, 3952
merge,350,1000,1,100327, 3968
merge,350,1000,1,87528, 3984
merge,350,1000,1,80571, 4000
merge,350,1000,1,76806, 400
merge,350,1000,1,116856, 4016
merge,350,1000,1,78545, 4032
merge,350,1000,1,78704, 4048
merge,350,1000,1,113680, 4064
merge,350,1000,1,75730, 4080
merge,350,1000,1,90910, 4096
merge,350,1000,1,77621, 416
merge,350,1000,1,79733, 432
merge,350,1000,1,77308, 448
merge,350,1000,1,80294, 464
merge,350,1000,1,79347, 480
merge,350,1000,1,83606, 48
merge,350,1000,1,78932, 496
merge,350,1000,1,107543, 512
merge,350,1000,1,77015, 528
merge,350,1000,1,78495, 544
merge,350,1000,1,106141, 560
merge,350,1000,1,139549, 576
merge,350,1000,1,83778, 592
merge,350,1000,1,78216, 608
merge,350,1000,1,76807, 624
merge,350,1000,1,124099, 640
merge,350,1000,1,126389, 64
merge,350,1000,1,83195, 656
merge,350,1000,1,76960, 672
merge,350,1000,1,117731, 688
merge,350,1000,1,78395, 704
merge,350,1000,1,79469, 720
merge,350,1000,1,110585, 736
merge,350,1000,1,116237, 752
merge,350,1000,1,77414, 768
merge,350,1000,1,82885, 784
merge,350,1000,1,77397, 800
merge,350,1000,1,79535, 80
merge,350,1000,1,78692, 816
merge,350,1000,1,77617, 832
merge,350,1000,1,125787, 848
merge,350,1000,1,76420, 864
merge,350,1000,1,115143, 880
merge,350,1000,1,76326, 896
merge,350,1000,1,85855, 912
merge,350,1000,1,80132, 928
merge,350,1000,1,83640, 944
merge,350,1000,1,80505, 960
merge,350,1000,1,80696, 96
merge,350,1000,1,118102, 976
merge,350,1000,1,103944, 992
merge,450,1000,1,117561, 0
merge,450,1000,1,91591, 1008
merge,450,1000,1,118010, 1024
merge,450,1000,1,99204, 1040
merge,450,1000,1,95476, 1056
merge,450,1000,1,92155, 1072
merge,450,1000,1,92527, 1088
merge,450,1000,1,89527, 1104
merge,450,1000,1,129864, 1120
merge,450,1000,1,140442, 112
merge,450,1000,1,91558, 1136
merge,450,1000,1,154511, 1152
merge,450,1000,1,92887, 1168
merge,450,1000,1,89412, 1184
merge,450,1000,1,92018, 1200
merge,450,1000,1,91317, 1216
merge,450,1000,1,88769, 1232
merge,450,1000,1,94236, 1248
merge,450,1000,1,96362, 1264
merge,450,1000,1,87935, 1280
merge,450,1000,1,112496, 128
merge,450,1000,1,93584, 1296
merge,450,1000,1,99442, 1312
merge,450,1000,1,94870, 1328
merge,450,1000,1,89670, 1344
merge,450,1000,1,106432, 1360
merge,450,1000,1,93309, 1376
merge,450,1000,1,88627, 1392
merge,450,1000,1,115821, 1408
merge,450,1000,1,88511, 1424
merge,450,1000,1,108386, 1440
merge,450,1000,1,117412, 144
merge,450,1000,1,88970, 1456
merge,450,1000,1,97358, 1472
merge,450,1000,1,161192, 1488
merge,450,1000,1,97754, 1504
merge,450,1000,1,117526, 1520
merge,450,1000,1,99935, 1536
merge,450,1000,1,91540, 1552
merge,450,1000,1,91040, 1568
merge,450,1000,1,132647, 1584
merge,450,1000,1,118091, 1600
merge,450,1000,1,116904, 160
merge,450,1000,1,91398, 1616
merge,450,1000,1,154149, 1632
merge,450,1000,1,91150, 1648
merge,450,1000,1,114630, 1664
merge,450,1000,1,125199, 1680
merge,450,1000,1,128141, 1696
merge,450,1000,1,116846, 16
merge,450,1000,1,92652, 1712
merge,450,1000,1,129745, 1728
merge,450,1000,1,94767, 1744
merge,450,1000,1,136284, 1760
merge,450,1000,1,152791, 176
merge,450,1000,1,89730, 1776
merge,450,1000,1,139019, 1792
merge,450,1000,1,88248, 1808
merge,450,1000,1,88558, 1824
merge,450,1000,1,88810, 1840
merge,450,1000,1,106540, 1856
merge,450,1000,1,91253, 1872
merge,450,1000,1,94579, 1888
merge,450,1000,1,139612, 1904
merge,450,1000,1,89625, 1920
merge,450,1000,1,91463, 192
merge,450,1000,1,93604, 1936
merge,450,1000,1,101421, 1952
merge,450,1000,1,108446, 1968
merge,450,1000,1,141487, 1984
merge,450,1000,1,104356, 2000
merge,450,1000,1,91640, 2016
merge,450,1000,1,94313, 2032
merge,450,1000,1,89246, 2048
merge,450,1000,1,93186, 2064
merge,450,1000,1,92392, 2080
merge,450,1000,1,91929, 208
merge,450,1000,1,134082, 2096
merge,450,1000,1,88199, 2112
merge,450,1000,1,102710, 2128
merge,450,1000,1,91468, 2144
merge,450,1000,1,91738, 2160
merge,450,1000,1,152686, 2176
merge,450,1000,1,106837, 2192
merge,450,1000,1,88946, 2208
merge,450,1000,1,89899, 2224
merge,450,1000,1,92188, 2240
merge,450,1000,1,89351, 224
merge,450,1000,1,92126, 2256
merge,450,1000,1,110250, 2272
merge,450,1000,1,92982, 2288
merge,450,1000,1,94602, 2304
merge,450,1000,1,91226, 2320
merge,450,1000,1,102721, 2336
merge,450,1000,1,93222, 2352
merge,450,1000,1,144213, 2368
merge,450,1000,1,128440, 2384
merge,450,1000,1,92386, 2400
merge,450,1000,1,93013, 240
merge,450,1000,1,126707, 2416
merge,450,1000,1,94727, 2432
merge,450,1000,1,142595, 2448
merge,450,1000,1,135874, 2464
merge,450,1000,1,99837, 2480
merge,450,1000,1,91842, 2496
merge,450,1000,1,95699, 2512
merge,450,1000,1,89394, 2528
merge,450,1000,1,102390, 2544
merge,450,1000,1,93907, 2560
merge,450,1000,1,92571, 256
merge,450,1000,1,88273, 2576
merge,450,1000,1,91389, 2592
merge,450,1000,1,96904, 2608
merge,450,1000,1,121105, 2624
merge,450,1000,1,90940, 2640
merge,450,1000,1,95377, 2656
merge,450,1000,1,93193, 2672
merge,450,1000,1,90945, 2688
merge,450,1000,1,121170, 2704
merge,450,1000,1,97498, 2720
merge,450,1000,1,168956, 272
merge,450,1000,1,90043, 2736
merge,450,1000,1,110328, 2752
merge,450,1000,1,89361, 2768
merge,450,1000,1,113043, 2784
merge,450,1000,1,110160, 2800
merge,450,1000,1,88512, 2816
merge,450,1000,1,115581, 2832
merge,450,1000,1,140537, 2848
merge,450,1000,1,92504, 2864
merge,450,1000,1,158614, 2880
merge,450,1000,1,96226, 288
merge,450,1000,1,100713, 2896
merge,450,1000,1,150394, 2912
merge,450,1000,1,91631, 2928
merge,450,1000,1,93222, 2944
merge,450,1000,1,88128, 2960
merge,450,1000,1,88386, 2976
merge,450,1000,1,102353, 2992
merge,450,1000,1,92455, 3008
merge,450,1000,1,102718, 3024
merge,450,1000,1,139383, 3040
merge,450,1000,1,91177, 304
merge,450,1000,1,124115, 3056
merge,450,1000,1,91280, 3072
merge,450,1000,1,132421, 3088
merge,450,1000,1,95767, 3104
merge,450,1000,1,95830, 3120
merge,450,1000,1,89007, 3136
merge,450,1000,1,105912, 3152
merge,450,1000,1,118100, 3168
merge,450,1000,1,134254, 3184
merge,450,1000,1,92389, 3200
merge,450,1000,1,92213, 320
merge,450,1000,1,95495, 3216
merge,450,1000,1,92725, 3232
merge,450,1000,1,92847, 3248
merge,450,1000,1,105995, 3264
merge,450,1000,1,92383, 3280
merge,450,1000,1,120333, 3296
merge,450,1000,1,96230, 32
merge,450,1000,1,88456, 3312
merge,450,1000,1,102515, 3328
merge,450,1000,1,88424, 3344
merge,450,1000,1,110874, 3360
merge,450,1000,1,92695, 336
merge,450,1000,1,137957, 3376
merge,450,1000,1,90549, 3392
merge,450,1000,1,94158, 3408
merge,450,1000,1,127374, 3424
merge,450,1000,1,93832, 3440
merge,450,1000,1,104992, 3456
merge,450,1000,1,102336, 3472
merge,450,1000,1,89091, 3488
merge,450,1000,1,91934, 3504
merge,450,1000,1,97091, 3520
merge,450,1000,1,91010, 352
merge,450,1000,1,90882, 3536
merge,450,1000,1,139621, 3552
merge,450,1000,1,137524, 3568
merge,450,1000,1,131202, 3584
merge,450,1000,1,94973, 3600
merge,450,1000,1,89120, 3616
merge,450,1000,1,111653, 3632
merge,450,1000,1,101580, 3648
merge,450,1000,1,115409, 3664
merge,450,1000,1,137500, 3680
merge,450,1000,1,96942, 368
merge,450,1000,1,91768, 3696
merge,450,1000,1,90857, 3712
merge,450,1000,1,93747, 3728
merge,450,1000,1,89257, 3744
merge,450,1000,1,91820, 3760
merge,450,1000,1,93096, 3776
merge,450,1000,1,88821, 3792
merge,450,1000,1,91154, 3808
merge,450,1000,1,96493, 3824
merge,450,1000,1,99769, 3840
merge,450,1000,1,94744, 384
merge,450,1000,1,119855, 3856
merge,450,1000,1,95440, 3872
merge,450,1000,1,111091, 3888
merge,450,1000,1,92894, 3904
merge,450,1000,1,102324, 3920
merge,450,1000,1,131251, 3936
merge,450,1000,1,93450, 3952
merge,450,1000,1,89502, 3968
merge,450,1000,1,90675, 3984
merge,450,1000,1,95777, 4000
merge,450,1000,1,104722, 400
merge,450,1000,1,106010, 4016
merge,450,1000,1,95143, 4032
merge,450,1000,1,117566, 4048
merge,450,1000,1,133152, 4064
merge,450,1000,1,132434, 4080
merge,450,1000,1,134053, 4096
merge,450,1000,1,118023, 416
merge,450,1000,1,91828, 432
merge,450,1000,1,87979, 448
merge,450,1000,1,87775, 464
merge,450,1000,1,88126, 480
merge,450,1000,1,90855, 48
merge,450,1000,1,95507, 496
merge,450,1000,1,87482, 512
merge,450,1000,1,92062, 528
merge,450,1000,1,87891, 544
merge,450,1000,1,91564, 560
merge,450,1000,1,133152, 576
merge,450,1000,1,100450, 592
merge,450,1000,1,132909, 608
merge,450,1000,1,91520, 624
merge,450,1000,1,94048, 640
merge,450,1000,1,96878, 64
merge,450,1000,1,96519, 656
merge,450,1000,1,96875, 672
merge,450,1000,1,89484, 688
merge,450,1000,1,161266, 704
merge,450,1000,1,89690, 720
merge,450,1000,1,100231, 736
merge,450,1000,1,89380, 752
merge,450,1000,1,91444, 768
merge,450,1000,1,92058, 784
merge,450,1000,1,88706, 800
merge,450,1000,1,135647, 80
merge,450,1000,1,92500, 816
merge,450,1000,1,91927, 832
merge,450,1000,1,94875, 848
merge,450,1000,1,88246, 864
merge,450,1000,1,112435, 880
merge,450,1000,1,131335, 896
merge,450,1000,1,89633, 912
merge,450,1000,1,125737, 928
merge,450,1000,1,127285, 944
merge,450,1000,1,92070, 960
merge,450,1000,1,92136, 96
merge,450,1000,1,93738, 976
merge,450,1000,1,88304, 992
merge,50,1000,1,46008, 0
merge,50,1000,1,40219, 1008
merge,50,1000,1,47706, 1024
merge,50,1000,1,50974, 1040
merge,50,1000,1,58592, 1056
merge,50,1000,1,42220, 1072
merge,50,1000,1,53510, 1088
merge,50,1000,1,41168, 1104
merge,50,1000,1,55155, 1120
merge,50,1000,1,55910, 112
merge,50,1000,1,45822, 1136
merge,50,1000,1,40417, 1152
merge,50,1000,1,58606, 1168
merge,50,1000,1,55732, 1184
merge,50,1000,1,41693, 1200
merge,50,1000,1,44407, 1216
merge,50,1000,1,54613, 1232
merge,50,1000,1,39186, 1248
merge,50,1000,1,40912, 1264
merge,50,1000,1,39532, 1280
merge,50,1000,1,62024, 128
merge,50,1000,1,40813, 1296
merge,50,1000,1,41948, 1312
merge,50,1000,1,43809, 1328
merge,50,1000,1,48036, 1344
merge,50,1000,1,40462, 1360
merge,50,1000,1,41178, 1376
merge,50,1000,1,42828, 1392
merge,50,1000,1,41298, 1408
merge,50,1000,1,52104, 1424
merge,50,1000,1,42111, 1440
merge,50,1000,1,58692, 144
merge,50,1000,1,71309, 1456
merge,50,1000,1,40180, 1472
merge,50,1000,1,43838, 1488
merge,50,1000,1,58712, 1504
merge,50,1000,1,40563, 1520
merge,50,1000,1,42662, 1536
merge,50,1000,1,42770, 1552
merge,50,1000,1,40040, 1568
merge,50,1000,1,58666, 1584
merge,50,1000,1,42418, 1600
merge,50,1000,1,40607, 160
merge,50,1000,1,72587, 1616
merge,50,1000,1,40507, 1632
merge,50,1000,1,39196, 1648
merge,50,1000,1,51860, 1664
merge,50,1000,1,53861, 1680
merge,50,1000,1,41372, 1696
merge,50,1000,1,46194, 16
merge,50,1000,1,55517, 1712
merge,50,1000,1,55569, 1728
merge,50,1000,1,40322, 1744
merge,50,1000,1,40743, 1760
merge,50,1000,1,41878, 176
merge,50,1000,1,43520, 1776
merge,50,1000,1,40805, 1792
merge,50,1000,1,49543, 1808
merge,50,1000,1,58200, 1824
merge,50,1000,1,40100, 1840
merge,50,1000,1,42390, 1856
merge,50,1000,1,41506, 1872
merge,50,1000,1,47414, 1888
merge,50,1000,1,46971, 1904
merge,50,1000,1,42212, 1920
merge,50,1000,1,41165, 192
merge,50,1000,1,42136, 1936
merge,50,1000,1,44999, 1952
merge,50,1000,1,40581, 1968
merge,50,1000,1,42607, 1984
merge,50,1000,1,41451, 2000
merge,50,1000,1,49499, 2016
merge,50,1000,1,41671, 2032
merge,50,1000,1,43176, 2048
merge,50,1000,1,55917, 2064
merge,50,1000,1,53468, 2080
merge,50,1000,1,42892, 208
merge,50,1000,1,43987, 2096
merge,50,1000,1,53791, 2112
merge,50,1000,1,41037, 2128
merge,50,1000,1,56722, 2144
merge,50,1000,1,42356, 2160
merge,50,1000,1,40214, 2176
merge,50,1000,1,55688, 2192
merge,50,1000,1,56888, 2208
merge,50,1000,1,39581, 2224
merge,50,1000,1,40267, 2240
merge,50,1000,1,51808, 224
merge,50,1000,1,42434, 2256
merge,50,1000,1,41189, 2272
merge,50,1000,1,39496, 2288
merge,50,1000,1,58595, 2304
merge,50,1000,1,43175, 2320
merge,50,1000,1,41067, 2336
merge,50,1000,1,53081, 2352
merge,50,1000,1,42220, 2368
merge,50,1000,1,41282, 2384
merge,50,1000,1,42925, 2400
merge,50,1000,1,44021, 240
merge,50,1000,1,43556, 2416
merge,50,1000,1,41992, 2432
merge,50,1000,1,42737, 2448
merge,50,1000,1,55771, 2464
merge,50,1000,1,41111, 2480
merge,50,1000,1,46282, 2496
merge,50,1000,1,52290, 2512
merge,50,1000,1,40939, 2528
merge,50,1000,1,41862, 2544
merge,50,1000,1,70040, 2560
merge,50,1000,1,40678, 256
merge,50,1000,1,40170, 2576
merge,50,1000,1,57323, 2592
merge,50,1000,1,65388, 2608
merge,50,1000,1,55881, 2624
merge,50,1000,1,41112, 2640
merge,50,1000,1,44168, 2656
merge,50,1000,1,41995, 2672
merge,50,1000,1,53327, 2688
merge,50,1000,1,53589, 2704
merge,50,1000,1,41047, 2720
merge,50,1000,1,40753, 272
merge,50,1000,1,54741, 2736
merge,50,1000,1,41785, 2752
merge,50,1000,1,40827, 2768
merge,50,1000,1,42632, 2784
merge,50,1000,1,41155, 2800
merge,50,1000,1,40609, 2816
merge,50,1000,1,44775, 2832
merge,50,1000,1,41057, 2848
merge,50,1000,1,57726, 2864
merge,50,1000,1,57688, 2880
merge,50,1000,1,44869, 288
merge,50,1000,1,51396, 2896
merge,50,1000,1,41474, 2912
merge,50,1000,1,41524, 2928
merge,50,1000,1,42087, 2944
merge,50,1000,1,40391, 2960
merge,50,1000,1,39252, 2976
merge,50,1000,1,40385, 2992
merge,50,1000,1,40959, 3008
merge,50,1000,1,51141, 3024
merge,50,1000,1,63574, 3040
merge,50,1000,1,44576, 304
merge,50,1000,1,55967, 3056
merge,50,1000,1,54612, 3072
merge,50,1000,1,55539, 3088
merge,50,1000,1,42034, 3104
merge,50,1000,1,40211, 3120
merge,50,1000,1,51543, 3136
merge,50,1000,1,41647, 3152
merge,50,1000,1,54541, 3168
merge,50,1000,1,54084, 3184
merge,50,1000,1,54616, 3200
merge,50,1000,1,56163, 320
merge,50,1000,1,40687, 3216
merge,50,1000,1,46060, 3232
merge,50,1000,1,44145, 3248
merge,50,1000,1,40516, 3264
merge,50,1000,1,40156, 3280
merge,50,1000,1,41555, 3296
merge,50,1000,1,40036, 32
merge,50,1000,1,48522, 3312
merge,50,1000,1,40302, 3328
merge,50,1000,1,58731, 3344
merge,50,1000,1,40771, 3360
merge,50,1000,1,40508, 336
merge,50,1000,1,40972, 3376
merge,50,1000,1,40101, 3392
merge,50,1000,1,66064, 3408
merge,50,1000,1,41046, 3424
merge,50,1000,1,58024, 3440
merge,50,1000,1,63906, 3456
merge,50,1000,1,40643, 3472
merge,50,1000,1,49366, 3488
merge,50,1000,1,40812, 3504
merge,50,1000,1,54869, 3520
merge,50,1000,1,40095, 352
merge,50,1000,1,50772, 3536
merge,50,1000,1,40085, 3552
merge,50,1000,1,40359, 3568
merge,50,1000,1,40393, 3584
merge,50,1000,1,51260, 3600
merge,50,1000,1,40554, 3616
merge,50,1000,1,41594, 3632
merge,50,1000,1,42084, 3648
merge,50,1000,1,63619, 3664
merge,50,1000,1,40163, 3680
merge,50,1000,1,55472, 368
merge,50,1000,1,45294, 3696
merge,50,1000,1,43509, 3712
merge,50,1000,1,40251, 3728
merge,50,1000,1,39811, 3744
merge,50,1000,1,39915, 3760
merge,50,1000,1,57431, 3776
merge,50,1000,1,42934, 3792
merge,50,1000,1,50370, 3808
merge,50,1000,1,41602, 3824
merge,50,1000,1,39177, 3840
merge,50,1000,1,43177, 384
merge,50,1000,1,44009, 3856
merge,50,1000,1,41113, 3872
merge,50,1000,1,41923, 3888
merge,50,1000,1,57349, 3904
merge,50,1000,1,40943, 3920
merge,50,1000,1,55640, 3936
merge,50,1000,1,40282, 3952
merge,50,1000,1,53698, 3968
merge,50,1000,1,40271, 3984
merge,50,1000,1,46275, 4000
merge,50,1000,1,41537, 400
merge,50,1000,1,41970, 4016
merge,50,1000,1,40600, 4032
merge,50,1000,1,39109, 4048
merge,50,1000,1,40269, 4064
merge,50,1000,1,53949, 4080
merge,50,1000,1,75672, 4096
merge,50,1000,1,43237, 416
merge,50,1000,1,59523, 432
merge,50,1000,1,54853, 448
merge,50,1000,1,42719, 464
merge,50,1000,1,52853, 480
merge,50,1000,1,65109, 48
merge,50,1000,1,78427, 496
merge,50,1000,1,42539, 512
merge,50,1000,1,41457, 528
merge,50,1000,1,43648, 544
merge,50,1000,1,43241, 560
merge,50,1000,1,40777, 576
merge,50,1000,1,41650, 592
merge,50,1000,1,40075, 608
merge,50,1000,1,42720, 624
merge,50,1000,1,43155, 640
merge,50,1000,1,39007, 64
merge,50,1000,1,54713, 656
merge,50,1000,1,42667, 672
merge,50,1000,1,45058, 688
merge,50,1000,1,43273, 704
merge,50,1000,1,44804, 720
merge,50,1000,1,40936, 736
merge,50,1000,1,41924, 752
merge,50,1000,1,39902, 768
merge,50,1000,1,43947, 784
merge,50,1000,1,42107, 800
merge,50,1000,1,60052, 80
merge,50,1000,1,42906, 816
merge,50,1000,1,42348, 832
merge,50,1000,1,55747, 848
merge,50,1000,1,39844, 864
merge,50,1000,1,40663, 880
merge,50,1000,1,51167, 896
merge,50,1000,1,40746, 912
merge,50,1000,1,41953, 928
merge,50,1000,1,57597, 944
merge,50,1000,1,43834, 960
merge,50,1000,1,40779, 96
merge,50,1000,1,53502, 976
merge,50,1000,1,42018, 992
merge,550,1000,1,112303, 0
merge,550,1000,1,107089, 1008
merge,550,1000,1,107115, 1024
merge,550,1000,1,118535, 1040
merge,550,1000,1,104600, 1056
merge,550,1000,1,107694, 1072
merge,550,1000,1,103714, 1088
merge,550,1000,1,107352, 1104
merge,550,1000,1,150036, 1120
merge,550,1000,1,104564, 112
merge,550,1000,1,128092, 1136
merge,550,1000,1,118036, 1152
merge,550,1000,1,164366, 1168
merge,550,1000,1,133181, 1184
merge,550,1000,1,104097, 1200
merge,550,1000,1,143747, 1216
merge,550,1000,1,149761, 1232
merge,550,1000,1,108299, 1248
merge,550,1000,1,119025, 1264
merge,550,1000,1,104278, 1280
merge,550,1000,1,159872, 128
merge,550,1000,1,122043, 1296
merge,550,1000,1,105865, 1312
merge,550,1000,1,113631, 1328
merge,550,1000,1,106567, 1344
merge,550,1000,1,170531, 1360
merge,550,1000,1,109284, 1376
merge,550,1000,1,112528, 1392
merge,550,1000,1,136384, 1408
merge,550,1000,1,108970, 1424
merge,550,1000,1,104463, 1440
merge,550,1000,1,109268, 144
merge,550,1000,1,106263, 1456
merge,550,1000,1,109019, 1472
merge,550,1000,1,107910, 1488
merge,550,1000,1,165879, 1504
merge,550,1000,1,106862, 1520
merge,550,1000,1,106196, 1536
merge,550,1000,1,108583, 1552
merge,550,1000,1,136027, 1568
merge,550,1000,1,104357, 1584
merge,550,1000,1,204871, 1600
merge,550,1000,1,103467, 160
merge,550,1000,1,107418, 1616
merge,550,1000,1,129404, 1632
merge,550,1000,1,112071, 1648
merge,550,1000,1,130650, 1664
merge,550,1000,1,106982, 1680
merge,550,1000,1,128588, 1696
merge,550,1000,1,112417, 16
merge,550,1000,1,113126, 1712
merge,550,1000,1,111559, 1728
merge,550,1000,1,110250, 1744
merge,550,1000,1,103860, 1760
merge,550,1000,1,104563, 176
merge,550,1000,1,104389, 1776
merge,550,1000,1,108119, 1792
merge,550,1000,1,103771, 1808
merge,550,1000,1,126106, 1824
merge,550,1000,1,116324, 1840
merge,550,1000,1,105125, 1856
merge,550,1000,1,103747, 1872
merge,550,1000,1,110323, 1888
merge,550,1000,1,171494, 1904
merge,550,1000,1,154268, 1920
merge,550,1000,1,167577, 192
merge,550,1000,1,137940, 1936
merge,550,1000,1,170941, 1952
merge,550,1000,1,128821, 1968
merge,550,1000,1,111744, 1984
merge,550,1000,1,165504, 2000
merge,550,1000,1,128100, 2016
merge,550,1000,1,116549, 2032
merge,550,1000,1,154539, 2048
merge,550,1000,1,124171, 2064
merge,550,1000,1,103317, 2080
merge,550,1000,1,110028, 208
merge,550,1000,1,163353, 2096
merge,550,1000,1,104268, 2112
merge,550,1000,1,108230, 2128
merge,550,1000,1,117928, 2144
merge,550,1000,1,124606, 2160
merge,550,1000,1,171957, 2176
merge,550,1000,1,179594, 2192
merge,550,1000,1,112310, 2208
merge,550,1000,1,120013, 2224
merge,550,1000,1,109000, 2240
merge,550,1000,1,162291, 224
merge,550,1000,1,111524, 2256
merge,550,1000,1,147556, 2272
merge,550,1000,1,113678, 2288
merge,550,1000,1,106593, 2304
merge,550,1000,1,104198, 2320
merge,550,1000,1,132479, 2336
merge,550,1000,1,110197, 2352
merge,550,1000,1,108627, 2368
merge,550,1000,1,160206, 2384
merge,550,1000,1,122700, 2400
merge,550,1000,1,129394, 240
merge,550,1000,1,104345, 2416
merge,550,1000,1,111733, 2432
merge,550,1000,1,208714, 2448
merge,550,1000,1,111014, 2464
merge,550,1000,1,155028, 2480
merge,550,1000,1,143852, 2496
merge,550,1000,1,124282, 2512
merge,550,1000,1,153889, 2528
merge,550,1000,1,122147, 2544
merge,550,1000,1,113418, 2560
merge,550,1000,1,155134, 256
merge,550,1000,1,160676, 2576
merge,550,1000,1,131957, 2592
merge,550,1000,1,109296, 2608
merge,550,1000,1,159215, 2624
merge,550,1000,1,124506, 2640
merge,550,1000,1,123352, 2656
merge,550,1000,1,115506, 2672
merge,550,1000,1,114508, 2688
merge,550,1000,1,136061, 2704
merge,550,1000,1,168379, 2720
merge,550,1000,1,113557, 272
merge,550,1000,1,106322, 2736
merge,550,1000,1,104755, 2752
merge,550,1000,1,109702, 2768
merge,550,1000,1,106958, 2784
merge,550,1000,1,111796, 2800
merge,550,1000,1,103035, 2816
merge,550,1000,1,185077, 2832
merge,550,1000,1,105749, 2848
merge,550,1000,1,109478, 2864
merge,550,1000,1,103325, 2880
merge,550,1000,1,107644, 288
merge,550,1000,1,103816, 2896
merge,550,1000,1,105207, 2912
merge,550,1000,1,162184, 2928
merge,550,1000,1,110477, 2944
merge,550,1000,1,114215, 2960
merge,550,1000,1,109184, 2976
merge,550,1000,1,168113, 2992
merge,550,1000,1,104595, 3008
merge,550,1000,1,161338, 3024
merge,550,1000,1,120131, 3040
merge,550,1000,1,103824, 304
merge,550,1000,1,108721, 3056
merge,550,1000,1,129025, 3072
merge,550,1000,1,196683, 3088
merge,550,1000,1,120400, 3104
merge,550,1000,1,113558, 3120
merge,550,1000,1,110059, 3136
merge,550,1000,1,119057, 3152
merge,550,1000,1,209160, 3168
merge,550,1000,1,109731, 3184
merge,550,1000,1,157580, 3200
merge,550,1000,1,115403, 320
merge,550,1000,1,107673, 3216
merge,550,1000,1,107183, 3232
merge,550,1000,1,128030, 3248
merge,550,1000,1,161115, 3264
merge,550,1000,1,110884, 3280
merge,550,1000,1,160513, 3296
merge,550,1000,1,150970, 32
merge,550,1000,1,108332, 3312
merge,550,1000,1,149912, 3328
merge,550,1000,1,114475, 3344
merge,550,1000,1,164131, 3360
merge,550,1000,1,153035, 336
merge,550,1000,1,135345, 3376
merge,550,1000,1,111608, 3392
merge,550,1000,1,164093, 3408
merge,550,1000,1,168329, 3424
merge,550,1000,1,103680, 3440
merge,550,1000,1,116260, 3456
merge,550,1000,1,111183, 3472
merge,550,1000,1,160769, 3488
merge,550,1000,1,107790, 3504
merge,550,1000,1,109750, 3520
merge,550,1000,1,168961, 352
merge,550,1000,1,169615, 3536
merge,550,1000,1,107509, 3552
merge,550,1000,1,136741, 3568
merge,550,1000,1,104105, 3584
merge,550,1000,1,103695, 3600
merge,550,1000,1,131108, 3616
merge,550,1000,1,103696, 3632
merge,550,1000,1,104981, 3648
merge,550,1000,1,115002, 3664
merge,550,1000,1,108023, 3680
merge,550,1000,1,110017, 368
merge,550,1000,1,109449, 3696
merge,550,1000,1,160569, 3712
merge,550,1000,1,109264, 3728
merge,550,1000,1,195909, 3744
merge,550,1000,1,137528, 3760
merge,550,1000,1,118432, 3776
merge,550,1000,1,107116, 3792
merge,550,1000,1,180808, 3808
merge,550,1000,1,104604, 3824
merge,550,1000,1,146747, 3840
merge,550,1000,1,176081, 384
merge,550,1000,1,110511, 3856
merge,550,1000,1,104543, 3872
merge,550,1000,1,168221, 3888
merge,550,1000,1,104214, 3904
merge,550,1000,1,116825, 3920
merge,550,1000,1,155545, 3936
merge,550,1000,1,108048, 3952
merge,550,1000,1,165469, 3968
merge,550,1000,1,115460, 3984
merge,550,1000,1,108721, 4000
merge,550,1000,1,106527, 400
merge,550,1000,1,146316, 4016
merge,550,1000,1,117356, 4032
merge,550,1000,1,161593, 4048
merge,550,1000,1,168833, 4064
merge,550,1000,1,103845, 4080
merge,550,1000,1,103527, 4096
merge,550,1000,1,108849, 416
merge,550,1000,1,116766, 432
merge,550,1000,1,104503, 448
merge,550,1000,1,104879, 464
merge,550,1000,1,107278, 480
merge,550,1000,1,112619, 48
merge,550,1000,1,103357, 496
merge,550,1000,1,107965, 512
merge,550,1000,1,107477, 528
merge,550,1000,1,104663, 544
merge,550,1000,1,111051, 560
merge,550,1000,1,107265, 576
merge,550,1000,1,105941, 592
merge,550,1000,1,124005, 608
merge,550,1000,1,177386, 624
merge,550,1000,1,121222, 640
merge,550,1000,1,132902, 64
merge,550,1000,1,104254, 656
merge,550,1000,1,104421, 672
merge,550,1000,1,104788, 688
merge,550,1000,1,107578, 704
merge,550,1000,1,108632, 720
merge,550,1000,1,106953, 736
merge,550,1000,1,113774, 752
merge,550,1000,1,106949, 768
merge,550,1000,1,121499, 784
merge,550,1000,1,112575, 800
merge,550,1000,1,121550, 80
merge,550,1000,1,107266, 816
merge,550,1000,1,137557, 832
merge,550,1000,1,110642, 848
merge,550,1000,1,116948, 864
merge,550,1000,1,107344, 880
merge,550,1000,1,113563, 896
merge,550,1000,1,164679, 912
merge,550,1000,1,103935, 928
merge,550,1000,1,105682, 944
merge,550,1000,1,107143, 960
merge,550,1000,1,106651, 96
merge,550,1000,1,107332, 976
merge,550,1000,1,161324, 992
merge,650,1000,1,118202, 0
merge,650,1000,1,115713, 1008
merge,650,1000,1,114829, 1024
merge,650,1000,1,119184, 1040
merge,650,1000,1,114134, 1056
merge,650,1000,1,118954, 1072
merge,650,1000,1,113998, 1088
merge,650,1000,1,132276, 1104
merge,650,1000,1,133679, 1120
merge,650,1000,1,182869, 112
merge,650,1000,1,175937, 1136
merge,650,1000,1,115008, 1152
merge,650,1000,1,123593, 1168
merge,650,1000,1,153444, 1184
merge,650,1000,1,118352, 1200
merge,650,1000,1,118382, 1216
merge,650,1000,1,173618, 1232
merge,650,1000,1,120477, 1248
merge,650,1000,1,118565, 1264
merge,650,1000,1,115886, 1280
merge,650,1000,1,159701, 128
merge,650,1000,1,146986, 1296
merge,650,1000,1,119649, 1312
merge,650,1000,1,146506, 1328
merge,650,1000,1,116466, 1344
merge,650,1000,1,114807, 1360
merge,650,1000,1,115609, 1376
merge,650,1000,1,140807, 1392
merge,650,1000,1,136801, 1408
merge,650,1000,1,182840, 1424
merge,650,1000,1,145767, 1440
merge,650,1000,1,128414, 144
merge,650,1000,1,146002, 1456
merge,650,1000,1,158014, 1472
merge,650,1000,1,118151, 1488
merge,650,1000,1,115581, 1504
merge,650,1000,1,119187, 1520
merge,650,1000,1,139710, 1536
merge,650,1000,1,115893, 1552
merge,650,1000,1,138613, 1568
merge,650,1000,1,149905, 1584
merge,650,1000,1,123818, 1600
merge,650,1000,1,118567, 160
merge,650,1000,1,119680, 1616
merge,650,1000,1,197175, 1632
merge,650,1000,1,120359, 1648
merge,650,1000,1,126319, 1664
merge,650,1000,1,124050, 1680
merge,650,1000,1,200449, 1696
merge,650,1000,1,190972, 16
merge,650,1000,1,114748, 1712
merge,650,1000,1,114591, 1728
merge,650,1000,1,143911, 1744
merge,650,1000,1,158712, 1760
merge,650,1000,1,140195, 176
merge,650,1000,1,122474, 1776
merge,650,1000,1,114432, 1792
merge,650,1000,1,115196, 1808
merge,650,1000,1,184671, 1824
merge,650,1000,1,150946, 1840
merge,650,1000,1,113767, 1856
merge,650,1000,1,195526, 1872
merge,650,1000,1,150328, 1888
merge,650,1000,1,128728, 1904
merge,650,1000,1,126793, 1920
merge,650,1000,1,169637, 192
merge,650,1000,1,182994, 1936
merge,650,1000,1,118455, 1952
merge,650,1000,1,115823, 1968
merge,650,1000,1,119160, 1984
merge,650,1000,1,161385, 2000
merge,650,1000,1,120551, 2016
merge,650,1000,1,140947, 2032
merge,650,1000,1,169257, 2048
merge,650,1000,1,117263, 2064
merge,650,1000,1,145102, 2080
merge,650,1000,1,123929, 208
merge,650,1000,1,122479, 2096
merge,650,1000,1,119380, 2112
merge,650,1000,1,128413, 2128
merge,650,1000,1,122190, 2144
merge,650,1000,1,133695, 2160
merge,650,1000,1,120122, 2176
merge,650,1000,1,115388, 2192
merge,650,1000,1,124666, 2208
merge,650,1000,1,179648, 2224
merge,650,1000,1,113782, 2240
merge,650,1000,1,118785, 224
merge,650,1000,1,201172, 2256
merge,650,1000,1,131665, 2272
merge,650,1000,1,123220, 2288
merge,650,1000,1,186910, 2304
merge,650,1000,1,141164, 2320
merge,650,1000,1,119768, 2336
merge,650,1000,1,120200, 2352
merge,650,1000,1,119507, 2368
merge,650,1000,1,118121, 2384
merge,650,1000,1,135910, 2400
merge,650,1000,1,176549, 240
merge,650,1000,1,169168, 2416
merge,650,1000,1,120059, 2432
merge,650,1000,1,136593, 2448
merge,650,1000,1,119423, 2464
merge,650,1000,1,133600, 2480
merge,650,1000,1,194861, 2496
merge,650,1000,1,174379, 2512
merge,650,1000,1,115614, 2528
merge,650,1000,1,115072, 2544
merge,650,1000,1,118226, 2560
merge,650,1000,1,176912, 256
merge,650,1000,1,165474, 2576
merge,650,1000,1,205944, 2592
merge,650,1000,1,116352, 2608
merge,650,1000,1,119210, 2624
merge,650,1000,1,126497, 2640
merge,650,1000,1,150435, 2656
merge,650,1000,1,153464, 2672
merge,650,1000,1,120787, 2688
merge,650,1000,1,115847, 2704
merge,650,1000,1,203175, 2720
merge,650,1000,1,118644, 272
merge,650,1000,1,129496, 2736
merge,650,1000,1,172722, 2752
merge,650,1000,1,126793, 2768
merge,650,1000,1,118484, 2784
merge,650,1000,1,132099, 2800
merge,650,1000,1,160285, 2816
merge,650,1000,1,125824, 2832
merge,650,1000,1,173977, 2848
merge,650,1000,1,118873, 2864
merge,650,1000,1,154804, 2880
merge,650,1000,1,113819, 288
merge,650,1000,1,140890, 2896
merge,650,1000,1,218002, 2912
merge,650,1000,1,126184, 2928
merge,650,1000,1,176075, 2944
merge,650,1000,1,169813, 2960
merge,650,1000,1,173350, 2976
merge,650,1000,1,120336, 2992
merge,650,1000,1,118849, 3008
merge,650,1000,1,115494, 3024
merge,650,1000,1,117809, 3040
merge,650,1000,1,128698, 304
merge,650,1000,1,118956, 3056
merge,650,1000,1,223114, 3072
merge,650,1000,1,156246, 3088
merge,650,1000,1,151125, 3104
merge,650,1000,1,120281, 3120
merge,650,1000,1,137765, 3136
merge,650,1000,1,119233, 3152
merge,650,1000,1,122185, 3168
merge,650,1000,1,133334, 3184
merge,650,1000,1,171935, 3200
merge,650,1000,1,176318, 320
merge,650,1000,1,119363, 3216
merge,650,1000,1,161775, 3232
merge,650,1000,1,117055, 3248
merge,650,1000,1,139926, 3264
merge,650,1000,1,122179, 3280
merge,650,1000,1,118569, 3296
merge,650,1000,1,133402, 32
merge,650,1000,1,119568, 3312
merge,650,1000,1,210199, 3328
merge,650,1000,1,142864, 3344
merge,650,1000,1,115523, 3360
merge,650,1000,1,170925, 336
merge,650,1000,1,132820, 3376
merge,650,1000,1,125640, 3392
merge,650,1000,1,183399, 3408
merge,650,1000,1,120032, 3424
merge,650,1000,1,114393, 3440
merge,650,1000,1,122297, 3456
merge,650,1000,1,141318, 3472
merge,650,1000,1,127898, 3488
merge,650,1000,1,119328, 3504
merge,650,1000,1,157885, 3520
merge,650,1000,1,115751, 352
merge,650,1000,1,129185, 3536
merge,650,1000,1,115737, 3552
merge,650,1000,1,117972, 3568
merge,650,1000,1,120079, 3584
merge,650,1000,1,120465, 3600
merge,650,1000,1,127044, 3616
merge,650,1000,1,189283, 3632
merge,650,1000,1,172048, 3648
merge,650,1000,1,132533, 3664
merge,650,1000,1,119298, 3680
merge,650,1000,1,117176, 368
merge,650,1000,1,121529, 3696
merge,650,1000,1,123892, 3712
merge,650,1000,1,172373, 3728
merge,650,1000,1,118907, 3744
merge,650,1000,1,118222, 3760
merge,650,1000,1,122365, 3776
merge,650,1000,1,150898, 3792
merge,650,1000,1,145796, 3808
merge,650,1000,1,134074, 3824
merge,650,1000,1,142870, 3840
merge,650,1000,1,115033, 384
merge,650,1000,1,202685, 3856
merge,650,1000,1,120052, 3872
merge,650,1000,1,120229, 3888
merge,650,1000,1,120413, 3904
merge,650,1000,1,145230, 3920
merge,650,1000,1,119512, 3936
merge,650,1000,1,123203, 3952
merge,650,1000,1,118864, 3968
merge,650,1000,1,143371, 3984
merge,650,1000,1,118977, 4000
merge,650,1000,1,141895, 400
merge,650,1000,1,118569, 4016
merge,650,1000,1,118545, 4032
merge,650,1000,1,192015, 4048
merge,650,1000,1,123708, 4064
merge,650,1000,1,186849, 4080
merge,650,1000,1,114440, 4096
merge,650,1000,1,122552, 416
merge,650,1000,1,118743, 432
merge,650,1000,1,116170, 448
merge,650,1000,1,135624, 464
merge,650,1000,1,196146, 480
merge,650,1000,1,158336, 48
merge,650,1000,1,131720, 496
merge,650,1000,1,179089, 512
merge,650,1000,1,123755, 528
merge,650,1000,1,143313, 544
merge,650,1000,1,120828, 560
merge,650,1000,1,127149, 576
merge,650,1000,1,117667, 592
merge,650,1000,1,170391, 608
merge,650,1000,1,117646, 624
merge,650,1000,1,118982, 640
merge,650,1000,1,124912, 64
merge,650,1000,1,115669, 656
merge,650,1000,1,139827, 672
merge,650,1000,1,119471, 688
merge,650,1000,1,116935, 704
merge,650,1000,1,122966, 720
merge,650,1000,1,137740, 736
merge,650,1000,1,127564, 752
merge,650,1000,1,143883, 768
merge,650,1000,1,172910, 784
merge,650,1000,1,134574, 800
merge,650,1000,1,115052, 80
merge,650,1000,1,144707, 816
merge,650,1000,1,126348, 832
merge,650,1000,1,131356, 848
merge,650,1000,1,215052, 864
merge,650,1000,1,156751, 880
merge,650,1000,1,118995, 896
merge,650,1000,1,114623, 912
merge,650,1000,1,119506, 928
merge,650,1000,1,143142, 944
merge,650,1000,1,190426, 960
merge,650,1000,1,120054, 96
merge,650,1000,1,124815, 976
merge,650,1000,1,143561, 992
merge,750,1000,1,213914, 0
merge,750,1000,1,135245, 1008
merge,750,1000,1,128713, 1024
merge,750,1000,1,144170, 1040
merge,750,1000,1,131988, 1056
merge,750,1000,1,147620, 1072
merge,750,1000,1,217233, 1088
merge,750,1000,1,169198, 1104
merge,750,1000,1,133195, 1120
merge,750,1000,1,128548, 112
merge,750,1000,1,157779, 1136
merge,750,1000,1,141209, 1152
merge,750,1000,1,205567, 1168
merge,750,1000,1,136105, 1184
merge,750,1000,1,196467, 1200
merge,750,1000,1,139971, 1216
merge,750,1000,1,129185, 1232
merge,750,1000,1,222146, 1248
merge,750,1000,1,132775, 1264
merge,750,1000,1,134320, 1280
merge,750,1000,1,139046, 128
merge,750,1000,1,205949, 1296
merge,750,1000,1,128306, 1312
merge,750,1000,1,205580, 1328
merge,750,1000,1,128733, 1344
merge,750,1000,1,129081, 1360
merge,750,1000,1,195777, 1376
merge,750,1000,1,187839, 1392
merge,750,1000,1,128699, 1408
merge,750,1000,1,133613, 1424
merge,750,1000,1,205080, 1440
merge,750,1000,1,128335, 144
merge,750,1000,1,128992, 1456
merge,750,1000,1,131405, 1472
merge,750,1000,1,222814, 1488
merge,750,1000,1,219361, 1504
merge,750,1000,1,159560, 1520
merge,750,1000,1,137509, 1536
merge,750,1000,1,185027, 1552
merge,750,1000,1,141296, 1568
merge,750,1000,1,133798, 1584
merge,750,1000,1,128715, 1600
merge,750,1000,1,132197, 160
merge,750,1000,1,128881, 1616
merge,750,1000,1,179380, 1632
merge,750,1000,1,128647, 1648
merge,750,1000,1,132976, 1664
merge,750,1000,1,138770, 1680
merge,750,1000,1,142162, 1696
merge,750,1000,1,203888, 16
merge,750,1000,1,133856, 1712
merge,750,1000,1,133226, 1728
merge,750,1000,1,227640, 1744
merge,750,1000,1,210248, 1760
merge,750,1000,1,143770, 176
merge,750,1000,1,176252, 1776
merge,750,1000,1,142328, 1792
merge,750,1000,1,132265, 1808
merge,750,1000,1,128988, 1824
merge,750,1000,1,128325, 1840
merge,750,1000,1,212952, 1856
merge,750,1000,1,132116, 1872
merge,750,1000,1,149072, 1888
merge,750,1000,1,176970, 1904
merge,750,1000,1,151696, 1920
merge,750,1000,1,225543, 192
merge,750,1000,1,135081, 1936
merge,750,1000,1,131729, 1952
merge,750,1000,1,198011, 1968
merge,750,1000,1,207792, 1984
merge,750,1000,1,133552, 2000
merge,750,1000,1,129925, 2016
merge,750,1000,1,183024, 2032
merge,750,1000,1,204780, 2048
merge,750,1000,1,133735, 2064
merge,750,1000,1,128766, 2080
merge,750,1000,1,137621, 208
merge,750,1000,1,132234, 2096
merge,750,1000,1,134336, 2112
merge,750,1000,1,134770, 2128
merge,750,1000,1,132264, 2144
merge,750,1000,1,232937, 2160
merge,750,1000,1,221801, 2176
merge,750,1000,1,150336, 2192
merge,750,1000,1,128314, 2208
merge,750,1000,1,140975, 2224
merge,750,1000,1,146642, 2240
merge,750,1000,1,138209, 224
merge,750,1000,1,138710, 2256
merge,750,1000,1,128496, 2272
merge,750,1000,1,161890, 2288
merge,750,1000,1,133007, 2304
merge,750,1000,1,128328, 2320
merge,750,1000,1,133125, 2336
merge,750,1000,1,141707, 2352
merge,750,1000,1,164442, 2368
merge,750,1000,1,183685, 2384
merge,750,1000,1,249909, 2400
merge,750,1000,1,171660, 240
merge,750,1000,1,189947, 2416
merge,750,1000,1,195796, 2432
merge,750,1000,1,153791, 2448
merge,750,1000,1,138473, 2464
merge,750,1000,1,212807, 2480
merge,750,1000,1,134510, 2496
merge,750,1000,1,187867, 2512
merge,750,1000,1,127375, 2528
merge,750,1000,1,156317, 2544
merge,750,1000,1,131916, 2560
merge,750,1000,1,133212, 256
merge,750,1000,1,137216, 2576
merge,750,1000,1,128385, 2592
merge,750,1000,1,133369, 2608
merge,750,1000,1,136988, 2624
merge,750,1000,1,127798, 2640
merge,750,1000,1,157641, 2656
merge,750,1000,1,157219, 2672
merge,750,1000,1,130480, 2688
merge,750,1000,1,127867, 2704
merge,750,1000,1,142157, 2720
merge,750,1000,1,151794, 272
merge,750,1000,1,146237, 2736
merge,750,1000,1,133008, 2752
merge,750,1000,1,136717, 2768
merge,750,1000,1,243133, 2784
merge,750,1000,1,135754, 2800
merge,750,1000,1,212842, 2816
merge,750,1000,1,133963, 2832
merge,750,1000,1,174052, 2848
merge,750,1000,1,204075, 2864
merge,750,1000,1,214292, 2880
merge,750,1000,1,132817, 288
merge,750,1000,1,205972, 2896
merge,750,1000,1,133638, 2912
merge,750,1000,1,136930, 2928
merge,750,1000,1,131390, 2944
merge,750,1000,1,133621, 2960
merge,750,1000,1,132234, 2976
merge,750,1000,1,157252, 2992
merge,750,1000,1,193092, 3008
merge,750,1000,1,208383, 3024
merge,750,1000,1,137331, 3040
merge,750,1000,1,133312, 304
merge,750,1000,1,160527, 3056
merge,750,1000,1,132914, 3072
merge,750,1000,1,137011, 3088
merge,750,1000,1,133515, 3104
merge,750,1000,1,132293, 3120
merge,750,1000,1,130918, 3136
merge,750,1000,1,201925, 3152
merge,750,1000,1,139394, 3168
merge,750,1000,1,128475, 3184
merge,750,1000,1,142137, 3200
merge,750,1000,1,128405, 320
merge,750,1000,1,129996, 3216
merge,750,1000,1,133470, 3232
merge,750,1000,1,203980, 3248
merge,750,1000,1,129571, 3264
merge,750,1000,1,155732, 3280
merge,750,1000,1,132226, 3296
merge,750,1000,1,129749, 32
merge,750,1000,1,143249, 3312
merge,750,1000,1,202406, 3328
merge,750,1000,1,128825, 3344
merge,750,1000,1,185576, 3360
merge,750,1000,1,137123, 336
merge,750,1000,1,132616, 3376
merge,750,1000,1,145103, 3392
merge,750,1000,1,201998, 3408
merge,750,1000,1,128641, 3424
merge,750,1000,1,128115, 3440
merge,750,1000,1,134551, 3456
merge,750,1000,1,131991, 3472
merge,750,1000,1,133142, 3488
merge,750,1000,1,147835, 3504
merge,750,1000,1,128421, 3520
merge,750,1000,1,141869, 352
merge,750,1000,1,199642, 3536
merge,750,1000,1,131713, 3552
merge,750,1000,1,132332, 3568
merge,750,1000,1,129241, 3584
merge,750,1000,1,192861, 3600
merge,750,1000,1,216186, 3616
merge,750,1000,1,136904, 3632
merge,750,1000,1,136723, 3648
merge,750,1000,1,133384, 3664
merge,750,1000,1,186463, 3680
merge,750,1000,1,128365, 368
merge,750,1000,1,187569, 3696
merge,750,1000,1,135034, 3712
merge,750,1000,1,178057, 3728
merge,750,1000,1,140561, 3744
merge,750,1000,1,134577, 3760
merge,750,1000,1,132442, 3776
merge,750,1000,1,132522, 3792
merge,750,1000,1,132396, 3808
merge,750,1000,1,252103, 3824
merge,750,1000,1,205876, 3840
merge,750,1000,1,128423, 384
merge,750,1000,1,132627, 3856
merge,750,1000,1,153848, 3872
merge,750,1000,1,161998, 3888
merge,750,1000,1,138557, 3904
merge,750,1000,1,160366, 3920
merge,750,1000,1,136523, 3936
merge,750,1000,1,133201, 3952
merge,750,1000,1,128208, 3968
merge,750,1000,1,128767, 3984
merge,750,1000,1,207296, 4000
merge,750,1000,1,130929, 400
merge,750,1000,1,157165, 4016
merge,750,1000,1,132955, 4032
merge,750,1000,1,132165, 4048
merge,750,1000,1,131672, 4064
merge,750,1000,1,129762, 4080
merge,750,1000,1,147303, 4096
merge,750,1000,1,192332, 416
merge,750,1000,1,182010, 432
merge,750,1000,1,133392, 448
merge,750,1000,1,145655, 464
merge,750,1000,1,137776, 480
merge,750,1000,1,132395, 48
merge,750,1000,1,144858, 496
merge,750,1000,1,137499, 512
merge,750,1000,1,165389, 528
merge,750,1000,1,182497, 544
merge,750,1000,1,140902, 560
merge,750,1000,1,136893, 576
merge,750,1000,1,136245, 592
merge,750,1000,1,156397, 608
merge,750,1000,1,133379, 624
merge,750,1000,1,127442, 640
merge,750,1000,1,135944, 64
merge,750,1000,1,198209, 656
merge,750,1000,1,132688, 672
merge,750,1000,1,133243, 688
merge,750,1000,1,132468, 704
merge,750,1000,1,211607, 720
merge,750,1000,1,130835, 736
merge,750,1000,1,152213, 752
merge,750,1000,1,136476, 768
merge,750,1000,1,127420, 784
merge,750,1000,1,128018, 800
merge,750,1000,1,127976, 80
merge,750,1000,1,133015, 816
merge,750,1000,1,132254, 832
merge,750,1000,1,138564, 848
merge,750,1000,1,128923, 864
merge,750,1000,1,133862, 880
merge,750,1000,1,153221, 896
merge,750,1000,1,128005, 912
merge,750,1000,1,136820, 928
merge,750,1000,1,128797, 944
merge,750,1000,1,128420, 960
merge,750,1000,1,134230, 96
merge,750,1000,1,137375, 976
merge,750,1000,1,135285, 992
