quick,150,1000,1,8582, 0
quick,150,1000,1,9573, 1008
quick,150,1000,1,8905, 1024
quick,150,1000,1,8293, 1040
quick,150,1000,1,8587, 1056
quick,150,1000,1,11562, 1072
quick,150,1000,1,9122, 1088
quick,150,1000,1,9157, 1104
quick,150,1000,1,8334, 1120
quick,150,1000,1,8925, 112
quick,150,1000,1,12395, 1136
quick,150,1000,1,10314, 1152
quick,150,1000,1,11978, 1168
quick,150,1000,1,8692, 1184
quick,150,1000,1,8593, 1200
quick,150,1000,1,8928, 1216
quick,150,1000,1,11139, 1232
quick,150,1000,1,8531, 1248
quick,150,1000,1,8456, 1264
quick,150,1000,1,8453, 1280
quick,150,1000,1,9112, 128
quick,150,1000,1,10929, 1296
quick,150,1000,1,9243, 1312
quick,150,1000,1,7833, 1328
quick,150,1000,1,8569, 1344
quick,150,1000,1,7871, 1360
quick,150,1000,1,9028, 1376
quick,150,1000,1,9789, 1392
quick,150,1000,1,20565, 1408
quick,150,1000,1,9841, 1424
quick,150,1000,1,8655, 1440
quick,150,1000,1,11260, 144
quick,150,1000,1,8709, 1456
quick,150,1000,1,8598, 1472
quick,150,1000,1,10603, 1488
quick,150,1000,1,11148, 1504
quick,150,1000,1,8860, 1520
quick,150,1000,1,8482, 1536
quick,150,1000,1,8861, 1552
quick,150,1000,1,9031, 1568
quick,150,1000,1,8841, 1584
quick,150,1000,1,9053, 1600
quick,150,1000,1,8610, 160
quick,150,1000,1,30744, 1616
quick,150,1000,1,8405, 1632
quick,150,1000,1,8671, 1648
quick,150,1000,1,9261, 1664
quick,150,1000,1,9121, 1680
quick,150,1000,1,9349, 1696
quick,150,1000,1,8301, 16
quick,150,1000,1,16901, 1712
quick,150,1000,1,11069, 1728
quick,150,1000,1,8499, 1744
quick,150,1000,1,8994, 1760
quick,150,1000,1,8648, 176
quick,150,1000,1,9509, 1776
quick,150,1000,1,7939, 1792
quick,150,1000,1,12131, 1808
quick,150,1000,1,10833, 1824
quick,150,1000,1,8450, 1840
quick,150,1000,1,8538, 1856
quick,150,1000,1,8402, 1872
quick,150,1000,1,8308, 1888
quick,150,1000,1,8813, 1904
quick,150,1000,1,10146, 1920
quick,150,1000,1,8436, 192
quick,150,1000,1,8979, 1936
quick,150,1000,1,8829, 1952
quick,150,1000,1,11300, 1968
quick,150,1000,1,11441, 1984
quick,150,1000,1,8587, 2000
quick,150,1000,1,8384, 2016
quick,150,1000,1,8404, 2032
quick,150,1000,1,8665, 2048
quick,150,1000,1,11942, 2064
quick,150,1000,1,8659, 2080
quick,150,1000,1,32525, 208
quick,150,1000,1,8553, 2096
quick,150,1000,1,8666, 2112
quick,150,1000,1,11433, 2128
quick,150,1000,1,9430, 2144
quick,150,1000,1,9563, 2160
quick,150,1000,1,8939, 2176
quick,150,1000,1,9730, 2192
quick,150,1000,1,8513, 2208
quick,150,1000,1,8901, 2224
quick,150,1000,1,8015, 2240
quick,150,1000,1,8896, 224
quick,150,1000,1,8135, 2256
quick,150,1000,1,9211, 2272
quick,150,1000,1,9530, 2288
quick,150,1000,1,14668, 2304
quick,150,1000,1,7839, 2320
quick,150,1000,1,12474, 2336
quick,150,1000,1,20947, 2352
quick,150,1000,1,8741, 2368
quick,150,1000,1,17628, 2384
quick,150,1000,1,8095, 2400
quick,150,1000,1,9666, 240
quick,150,1000,1,8630, 2416
quick,150,1000,1,9024, 2432
quick,150,1000,1,8346, 2448
quick,150,1000,1,8657, 2464
quick,150,1000,1,8527, 2480
quick,150,1000,1,9873, 2496
quick,150,1000,1,7855, 2512
quick,150,1000,1,9562, 2528
quick,150,1000,1,9037, 2544
quick,150,1000,1,11785, 2560
quick,150,1000,1,8259, 256
quick,150,1000,1,8449, 2576
quick,150,1000,1,8543, 2592
quick,150,1000,1,11351, 2608
quick,150,1000,1,11912, 2624
quick,150,1000,1,8608, 2640
quick,150,1000,1,11257, 2656
quick,150,1000,1,8705, 2672
quick,150,1000,1,9428, 2688
quick,150,1000,1,9646, 2704
quick,150,1000,1,11096, 2720
quick,150,1000,1,11611, 272
quick,150,1000,1,8824, 2736
quick,150,1000,1,9563, 2752
quick,150,1000,1,8906, 2768
quick,150,1000,1,12612, 2784
quick,150,1000,1,8673, 2800
quick,150,1000,1,8126, 2816
quick,150,1000,1,8998, 2832
quick,150,1000,1,9202, 2848
quick,150,1000,1,8447, 2864
quick,150,1000,1,8306, 2880
quick,150,1000,1,8288, 288
quick,150,1000,1,8605, 2896
quick,150,1000,1,9410, 2912
quick,150,1000,1,8633, 2928
quick,150,1000,1,9636, 2944
quick,150,1000,1,8922, 2960
quick,150,1000,1,8939, 2976
quick,150,1000,1,12185, 2992
quick,150,1000,1,8666, 3008
quick,150,1000,1,9920, 3024
quick,150,1000,1,12917, 3040
quick,150,1000,1,8593, 304
quick,150,1000,1,9154, 3056
quick,150,1000,1,20574, 3072
quick,150,1000,1,12015, 3088
quick,150,1000,1,9234, 3104
quick,150,1000,1,8819, 3120
quick,150,1000,1,16337, 3136
quick,150,1000,1,8930, 3152
quick,150,1000,1,10432, 3168
quick,150,1000,1,8917, 3184
quick,150,1000,1,8702, 3200
quick,150,1000,1,8135, 320
quick,150,1000,1,8567, 3216
quick,150,1000,1,8490, 3232
quick,150,1000,1,23192, 3248
quick,150,1000,1,8322, 3264
quick,150,1000,1,8206, 3280
quick,150,1000,1,8759, 3296
quick,150,1000,1,11553, 32
quick,150,1000,1,8826, 3312
quick,150,1000,1,9583, 3328
quick,150,1000,1,9302, 3344
quick,150,1000,1,8625, 3360
quick,150,1000,1,8254, 336
quick,150,1000,1,22492, 3376
quick,150,1000,1,11499, 3392
quick,150,1000,1,8154, 3408
quick,150,1000,1,9440, 3424
quick,150,1000,1,10380, 3440
quick,150,1000,1,11895, 3456
quick,150,1000,1,10814, 3472
quick,150,1000,1,11045, 3488
quick,150,1000,1,8343, 3504
quick,150,1000,1,8047, 3520
quick,150,1000,1,10641, 352
quick,150,1000,1,7744, 3536
quick,150,1000,1,10879, 3552
quick,150,1000,1,8717, 3568
quick,150,1000,1,8685, 3584
quick,150,1000,1,9262, 3600
quick,150,1000,1,8964, 3616
quick,150,1000,1,19525, 3632
quick,150,1000,1,12132, 3648
quick,150,1000,1,8982, 3664
quick,150,1000,1,9379, 3680
quick,150,1000,1,8689, 368
quick,150,1000,1,8814, 3696
quick,150,1000,1,9178, 3712
quick,150,1000,1,9213, 3728
quick,150,1000,1,8933, 3744
quick,150,1000,1,12146, 3760
quick,150,1000,1,8523, 3776
quick,150,1000,1,8753, 3792
quick,150,1000,1,9334, 3808
quick,150,1000,1,8427, 3824
quick,150,1000,1,8192, 3840
quick,150,1000,1,8394, 384
quick,150,1000,1,9098, 3856
quick,150,1000,1,7965, 3872
quick,150,1000,1,8267, 3888
quick,150,1000,1,8892, 3904
quick,150,1000,1,8630, 3920
quick,150,1000,1,7961, 3936
quick,150,1000,1,8915, 3952
quick,150,1000,1,9500, 3968
quick,150,1000,1,9503, 3984
quick,150,1000,1,9630, 4000
quick,150,1000,1,10854, 400
quick,150,1000,1,7863, 4016
quick,150,1000,1,7937, 4032
quick,150,1000,1,9239, 4048
quick,150,1000,1,9099, 4064
quick,150,1000,1,8362, 4080
quick,150,1000,1,9014, 4096
quick,150,1000,1,8537, 416
quick,150,1000,1,9576, 432
quick,150,1000,1,9417, 448
quick,150,1000,1,9622, 464
quick,150,1000,1,7942, 480
quick,150,1000,1,8439, 48
quick,150,1000,1,7999, 496
quick,150,1000,1,8552, 512
quick,150,1000,1,8283, 528
quick,150,1000,1,9005, 544
quick,150,1000,1,8962, 560
quick,150,1000,1,8654, 576
quick,150,1000,1,9236, 592
quick,150,1000,1,11996, 608
quick,150,1000,1,10982, 624
quick,150,1000,1,8918, 640
quick,150,1000,1,10836, 64
quick,150,1000,1,11880, 656
quick,150,1000,1,9453, 672
quick,150,1000,1,8546, 688
quick,150,1000,1,7945, 704
quick,150,1000,1,8066, 720
quick,150,1000,1,9090, 736
quick,150,1000,1,7742, 752
quick,150,1000,1,10781, 768
quick,150,1000,1,13154, 784
quick,150,1000,1,8893, 800
quick,150,1000,1,8798, 80
quick,150,1000,1,10892, 816
quick,150,1000,1,9470, 832
quick,150,1000,1,8832, 848
quick,150,1000,1,8755, 864
quick,150,1000,1,11379, 880
quick,150,1000,1,11209, 896
quick,150,1000,1,19632, 912
quick,150,1000,1,9146, 928
quick,150,1000,1,8819, 944
quick,150,1000,1,8707, 960
quick,150,1000,1,10908, 96
quick,150,1000,1,12034, 976
quick,150,1000,1,9853, 992
quick,250,1000,1,22892, 0
quick,250,1000,1,12898, 1008
quick,250,1000,1,13874, 1024
quick,250,1000,1,16874, 1040
quick,250,1000,1,14334, 1056
quick,250,1000,1,13343, 1072
quick,250,1000,1,16358, 1088
quick,250,1000,1,16056, 1104
quick,250,1000,1,18251, 1120
quick,250,1000,1,13480, 112
quick,250,1000,1,18025, 1136
quick,250,1000,1,13950, 1152
quick,250,1000,1,18536, 1168
quick,250,1000,1,14053, 1184
quick,250,1000,1,17828, 1200
quick,250,1000,1,17584, 1216
quick,250,1000,1,13908, 1232
quick,250,1000,1,13970, 1248
quick,250,1000,1,13856, 1264
quick,250,1000,1,13383, 1280
quick,250,1000,1,36276, 128
quick,250,1000,1,13763, 1296
quick,250,1000,1,13834, 1312
quick,250,1000,1,12946, 1328
quick,250,1000,1,19096, 1344
quick,250,1000,1,13790, 1360
quick,250,1000,1,15692, 1376
quick,250,1000,1,13886, 1392
quick,250,1000,1,12706, 1408
quick,250,1000,1,16889, 1424
quick,250,1000,1,13823, 1440
quick,250,1000,1,17942, 144
quick,250,1000,1,12930, 1456
quick,250,1000,1,13645, 1472
quick,250,1000,1,14246, 1488
quick,250,1000,1,17807, 1504
quick,250,1000,1,13803, 1520
quick,250,1000,1,16966, 1536
quick,250,1000,1,14367, 1552
quick,250,1000,1,18044, 1568
quick,250,1000,1,13220, 1584
quick,250,1000,1,18918, 1600
quick,250,1000,1,13511, 160
quick,250,1000,1,24623, 1616
quick,250,1000,1,13513, 1632
quick,250,1000,1,14507, 1648
quick,250,1000,1,13971, 1664
quick,250,1000,1,12820, 1680
quick,250,1000,1,12626, 1696
quick,250,1000,1,13582, 16
quick,250,1000,1,15105, 1712
quick,250,1000,1,13260, 1728
quick,250,1000,1,14101, 1744
quick,250,1000,1,16951, 1760
quick,250,1000,1,12546, 176
quick,250,1000,1,13338, 1776
quick,250,1000,1,13125, 1792
quick,250,1000,1,14278, 1808
quick,250,1000,1,13114, 1824
quick,250,1000,1,13994, 1840
quick,250,1000,1,13988, 1856
quick,250,1000,1,13320, 1872
quick,250,1000,1,17796, 1888
quick,250,1000,1,13059, 1904
quick,250,1000,1,17424, 1920
quick,250,1000,1,13176, 192
quick,250,1000,1,13091, 1936
quick,250,1000,1,25153, 1952
quick,250,1000,1,17743, 1968
quick,250,1000,1,26642, 1984
quick,250,1000,1,14166, 2000
quick,250,1000,1,13225, 2016
quick,250,1000,1,14408, 2032
quick,250,1000,1,13682, 2048
quick,250,1000,1,13229, 2064
quick,250,1000,1,17969, 2080
quick,250,1000,1,13879, 208
quick,250,1000,1,12814, 2096
quick,250,1000,1,13619, 2112
quick,250,1000,1,12890, 2128
quick,250,1000,1,14176, 2144
quick,250,1000,1,13343, 2160
quick,250,1000,1,13345, 2176
quick,250,1000,1,33868, 2192
quick,250,1000,1,13129, 2208
quick,250,1000,1,13735, 2224
quick,250,1000,1,14672, 2240
quick,250,1000,1,13145, 224
quick,250,1000,1,14093, 2256
quick,250,1000,1,13004, 2272
quick,250,1000,1,13382, 2288
quick,250,1000,1,13374, 2304
quick,250,1000,1,13875, 2320
quick,250,1000,1,13820, 2336
quick,250,1000,1,13366, 2352
quick,250,1000,1,13858, 2368
quick,250,1000,1,13621, 2384
quick,250,1000,1,14700, 2400
quick,250,1000,1,13931, 240
quick,250,1000,1,12771, 2416
quick,250,1000,1,17522, 2432
quick,250,1000,1,14039, 2448
quick,250,1000,1,13968, 2464
quick,250,1000,1,14051, 2480
quick,250,1000,1,17408, 2496
quick,250,1000,1,13304, 2512
quick,250,1000,1,13288, 2528
quick,250,1000,1,14131, 2544
quick,250,1000,1,12601, 2560
quick,250,1000,1,13043, 256
quick,250,1000,1,14338, 2576
quick,250,1000,1,14331, 2592
quick,250,1000,1,17607, 2608
quick,250,1000,1,24227, 2624
quick,250,1000,1,17956, 2640
quick,250,1000,1,14020, 2656
quick,250,1000,1,14023, 2672
quick,250,1000,1,28995, 2688
quick,250,1000,1,14206, 2704
quick,250,1000,1,19230, 2720
quick,250,1000,1,12820, 272
quick,250,1000,1,13308, 2736
quick,250,1000,1,16797, 2752
quick,250,1000,1,17836, 2768
quick,250,1000,1,13402, 2784
quick,250,1000,1,14010, 2800
quick,250,1000,1,13722, 2816
quick,250,1000,1,13068, 2832
quick,250,1000,1,13471, 2848
quick,250,1000,1,13605, 2864
quick,250,1000,1,14430, 2880
quick,250,1000,1,17055, 288
quick,250,1000,1,14714, 2896
quick,250,1000,1,14769, 2912
quick,250,1000,1,14205, 2928
quick,250,1000,1,17890, 2944
quick,250,1000,1,13550, 2960
quick,250,1000,1,12730, 2976
quick,250,1000,1,17816, 2992
quick,250,1000,1,13365, 3008
quick,250,1000,1,13991, 3024
quick,250,1000,1,14274, 3040
quick,250,1000,1,12793, 304
quick,250,1000,1,13983, 3056
quick,250,1000,1,13367, 3072
quick,250,1000,1,13630, 3088
quick,250,1000,1,13518, 3104
quick,250,1000,1,15006, 3120
quick,250,1000,1,13751, 3136
quick,250,1000,1,13111, 3152
quick,250,1000,1,14419, 3168
quick,250,1000,1,18141, 3184
quick,250,1000,1,14429, 3200
quick,250,1000,1,13452, 320
quick,250,1000,1,16859, 3216
quick,250,1000,1,13693, 3232
quick,250,1000,1,13628, 3248
quick,250,1000,1,14434, 3264
quick,250,1000,1,17735, 3280
quick,250,1000,1,13343, 3296
quick,250,1000,1,18223, 32
quick,250,1000,1,13476, 3312
quick,250,1000,1,12898, 3328
quick,250,1000,1,13979, 3344
quick,250,1000,1,14639, 3360
quick,250,1000,1,16892, 336
quick,250,1000,1,14597, 3376
quick,250,1000,1,14235, 3392
quick,250,1000,1,13580, 3408
quick,250,1000,1,14262, 3424
quick,250,1000,1,13767, 3440
quick,250,1000,1,18238, 3456
quick,250,1000,1,14410, 3472
quick,250,1000,1,14580, 3488
quick,250,1000,1,14386, 3504
quick,250,1000,1,13433, 3520
quick,250,1000,1,18245, 352
quick,250,1000,1,13656, 3536
quick,250,1000,1,12966, 3552
quick,250,1000,1,13096, 3568
quick,250,1000,1,14189, 3584
quick,250,1000,1,14718, 3600
quick,250,1000,1,13235, 3616
quick,250,1000,1,13260, 3632
quick,250,1000,1,14297, 3648
quick,250,1000,1,13497, 3664
quick,250,1000,1,17720, 3680
quick,250,1000,1,14606, 368
quick,250,1000,1,18066, 3696
quick,250,1000,1,31146, 3712
quick,250,1000,1,14128, 3728
quick,250,1000,1,22087, 3744
quick,250,1000,1,13515, 3760
quick,250,1000,1,18672, 3776
quick,250,1000,1,14137, 3792
quick,250,1000,1,17414, 3808
quick,250,1000,1,24785, 3824
quick,250,1000,1,13733, 3840
quick,250,1000,1,13089, 384
quick,250,1000,1,14790, 3856
quick,250,1000,1,13798, 3872
quick,250,1000,1,14618, 3888
quick,250,1000,1,14784, 3904
quick,250,1000,1,19133, 3920
quick,250,1000,1,17923, 3936
quick,250,1000,1,18613, 3952
quick,250,1000,1,13470, 3968
quick,250,1000,1,14538, 3984
quick,250,1000,1,14200, 4000
quick,250,1000,1,14234, 400
quick,250,1000,1,14072, 4016
quick,250,1000,1,14394, 4032
quick,250,1000,1,13070, 4048
quick,250,1000,1,13922, 4064
quick,250,1000,1,14477, 4080
quick,250,1000,1,13128, 4096
quick,250,1000,1,13361, 416
quick,250,1000,1,19102, 432
quick,250,1000,1,14028, 448
quick,250,1000,1,13544, 464
quick,250,1000,1,19980, 480
quick,250,1000,1,18296, 48
quick,250,1000,1,13048, 496
quick,250,1000,1,13528, 512
quick,250,1000,1,13621, 528
quick,250,1000,1,14243, 544
quick,250,1000,1,13920, 560
quick,250,1000,1,13573, 576
quick,250,1000,1,14625, 592
quick,250,1000,1,18257, 608
quick,250,1000,1,15071, 624
quick,250,1000,1,13548, 640
quick,250,1000,1,19075, 64
quick,250,1000,1,15081, 656
quick,250,1000,1,21693, 672
quick,250,1000,1,12920, 688
quick,250,1000,1,17845, 704
quick,250,1000,1,13114, 720
quick,250,1000,1,14395, 736
quick,250,1000,1,13445, 752
quick,250,1000,1,16786, 768
quick,250,1000,1,14821, 784
quick,250,1000,1,16160, 800
quick,250,1000,1,17929, 80
quick,250,1000,1,18131, 816
quick,250,1000,1,13328, 832
quick,250,1000,1,16919, 848
quick,250,1000,1,18675, 864
quick,250,1000,1,13760, 880
quick,250,1000,1,19606, 896
quick,250,1000,1,14090, 912
quick,250,1000,1,12580, 928
quick,250,1000,1,14322, 944
quick,250,1000,1,14819, 960
quick,250,1000,1,14122, 96
quick,250,1000,1,13959, 976
quick,250,1000,1,14544, 992
quick,350,1000,1,24717, 0
quick,350,1000,1,19969, 1008
quick,350,1000,1,17949, 1024
quick,350,1000,1,18640, 1040
quick,350,1000,1,23703, 1056
quick,350,1000,1,33358, 1072
quick,350,1000,1,19625, 1088
quick,350,1000,1,18590, 1104
quick,350,1000,1,24755, 1120
quick,350,1000,1,19496, 112
quick,350,1000,1,20491, 1136
quick,350,1000,1,24463, 1152
quick,350,1000,1,18403, 1168
quick,350,1000,1,26667, 1184
quick,350,1000,1,25719, 1200
quick,350,1000,1,24182, 1216
quick,350,1000,1,17858, 1232
quick,350,1000,1,25590, 1248
quick,350,1000,1,20108, 1264
quick,350,1000,1,21176, 1280
quick,350,1000,1,17638, 128
quick,350,1000,1,19095, 1296
quick,350,1000,1,21870, 1312
quick,350,1000,1,23850, 1328
quick,350,1000,1,18073, 1344
quick,350,1000,1,17903, 1360
quick,350,1000,1,19534, 1376
quick,350,1000,1,24219, 1392
quick,350,1000,1,25819, 1408
quick,350,1000,1,30958, 1424
quick,350,1000,1,25381, 1440
quick,350,1000,1,18465, 144
quick,350,1000,1,19408, 1456
quick,350,1000,1,23505, 1472
quick,350,1000,1,18532, 1488
quick,350,1000,1,18807, 1504
quick,350,1000,1,43821, 1520
quick,350,1000,1,19025, 1536
quick,350,1000,1,18703, 1552
quick,350,1000,1,43220, 1568
quick,350,1000,1,18517, 1584
quick,350,1000,1,19109, 1600
quick,350,1000,1,18826, 160
quick,350,1000,1,18842, 1616
quick,350,1000,1,17946, 1632
quick,350,1000,1,19405, 1648
quick,350,1000,1,23174, 1664
quick,350,1000,1,18516, 1680
quick,350,1000,1,30938, 1696
quick,350,1000,1,22431, 16
quick,350,1000,1,18961, 1712
quick,350,1000,1,19437, 1728
quick,350,1000,1,19587, 1744
quick,350,1000,1,24405, 1760
quick,350,1000,1,25492, 176
quick,350,1000,1,18125, 1776
quick,350,1000,1,24259, 1792
quick,350,1000,1,19044, 1808
quick,350,1000,1,24167, 1824
quick,350,1000,1,37182, 1840
quick,350,1000,1,25261, 1856
quick,350,1000,1,18575, 1872
quick,350,1000,1,19592, 1888
quick,350,1000,1,19012, 1904
quick,350,1000,1,18166, 1920
quick,350,1000,1,27639, 192
quick,350,1000,1,18502, 1936
quick,350,1000,1,19209, 1952
quick,350,1000,1,18899, 1968
quick,350,1000,1,19494, 1984
quick,350,1000,1,18509, 2000
quick,350,1000,1,32807, 2016
quick,350,1000,1,18491, 2032
quick,350,1000,1,30219, 2048
quick,350,1000,1,19336, 2064
quick,350,1000,1,18633, 2080
quick,350,1000,1,19240, 208
quick,350,1000,1,22849, 2096
quick,350,1000,1,19326, 2112
quick,350,1000,1,20252, 2128
quick,350,1000,1,18759, 2144
quick,350,1000,1,20421, 2160
quick,350,1000,1,18293, 2176
quick,350,1000,1,19466, 2192
quick,350,1000,1,25541, 2208
quick,350,1000,1,19354, 2224
quick,350,1000,1,18830, 2240
quick,350,1000,1,18616, 224
quick,350,1000,1,19551, 2256
quick,350,1000,1,24015, 2272
quick,350,1000,1,18008, 2288
quick,350,1000,1,18880, 2304
quick,350,1000,1,25588, 2320
quick,350,1000,1,23738, 2336
quick,350,1000,1,24194, 2352
quick,350,1000,1,19490, 2368
quick,350,1000,1,19169, 2384
quick,350,1000,1,19717, 2400
quick,350,1000,1,18678, 240
quick,350,1000,1,19182, 2416
quick,350,1000,1,20332, 2432
quick,350,1000,1,19459, 2448
quick,350,1000,1,24547, 2464
quick,350,1000,1,19373, 2480
quick,350,1000,1,20751, 2496
quick,350,1000,1,20146, 2512
quick,350,1000,1,24557, 2528
quick,350,1000,1,24635, 2544
quick,350,1000,1,30507, 2560
quick,350,1000,1,18285, 256
quick,350,1000,1,19559, 2576
quick,350,1000,1,19198, 2592
quick,350,1000,1,18059, 2608
quick,350,1000,1,19486, 2624
quick,350,1000,1,20047, 2640
quick,350,1000,1,18209, 2656
quick,350,1000,1,19151, 2672
quick,350,1000,1,18760, 2688
quick,350,1000,1,18125, 2704
quick,350,1000,1,20062, 2720
quick,350,1000,1,17773, 272
quick,350,1000,1,19529, 2736
quick,350,1000,1,23358, 2752
quick,350,1000,1,26571, 2768
quick,350,1000,1,24730, 2784
quick,350,1000,1,26745, 2800
quick,350,1000,1,21179, 2816
quick,350,1000,1,19496, 2832
quick,350,1000,1,29116, 2848
quick,350,1000,1,18390, 2864
quick,350,1000,1,19194, 2880
quick,350,1000,1,18014, 288
quick,350,1000,1,20499, 2896
quick,350,1000,1,19454, 2912
quick,350,1000,1,19485, 2928
quick,350,1000,1,19025, 2944
quick,350,1000,1,29824, 2960
quick,350,1000,1,23642, 2976
quick,350,1000,1,23450, 2992
quick,350,1000,1,18101, 3008
quick,350,1000,1,18421, 3024
quick,350,1000,1,18435, 3040
quick,350,1000,1,24917, 304
quick,350,1000,1,18455, 3056
quick,350,1000,1,19453, 3072
quick,350,1000,1,19482, 3088
quick,350,1000,1,19569, 3104
quick,350,1000,1,19657, 3120
quick,350,1000,1,20014, 3136
quick,350,1000,1,24286, 3152
quick,350,1000,1,18548, 3168
quick,350,1000,1,29684, 3184
quick,350,1000,1,18971, 3200
quick,350,1000,1,19233, 320
quick,350,1000,1,19205, 3216
quick,350,1000,1,19690, 3232
quick,350,1000,1,18517, 3248
quick,350,1000,1,18471, 3264
quick,350,1000,1,19005, 3280
quick,350,1000,1,18686, 3296
quick,350,1000,1,19497, 32
quick,350,1000,1,22593, 3312
quick,350,1000,1,25627, 3328
quick,350,1000,1,19234, 3344
quick,350,1000,1,24797, 3360
quick,350,1000,1,18391, 336
quick,350,1000,1,18756, 3376
quick,350,1000,1,19284, 3392
quick,350,1000,1,39043, 3408
quick,350,1000,1,18150, 3424
quick,350,1000,1,19631, 3440
quick,350,1000,1,19022, 3456
quick,350,1000,1,34291, 3472
quick,350,1000,1,30593, 3488
quick,350,1000,1,19490, 3504
quick,350,1000,1,20619, 3520
quick,350,1000,1,19692, 352
quick,350,1000,1,18853, 3536
quick,350,1000,1,19738, 3552
quick,350,1000,1,26489, 3568
quick,350,1000,1,19058, 3584
quick,350,1000,1,19332, 3600
quick,350,1000,1,20673, 3616
quick,350,1000,1,19398, 3632
quick,350,1000,1,24660, 3648
quick,350,1000,1,18838, 3664
quick,350,1000,1,18406, 3680
quick,350,1000,1,30175, 368
quick,350,1000,1,18639, 3696
quick,350,1000,1,17841, 3712
quick,350,1000,1,19075, 3728
quick,350,1000,1,18966, 3744
quick,350,1000,1,18677, 3760
quick,350,1000,1,21508, 3776
quick,350,1000,1,18913, 3792
quick,350,1000,1,25871, 3808
quick,350,1000,1,19385, 3824
quick,350,1000,1,18992, 3840
quick,350,1000,1,25349, 384
quick,350,1000,1,23750, 3856
quick,350,1000,1,19149, 3872
quick,350,1000,1,18370, 3888
quick,350,1000,1,29784, 3904
quick,350,1000,1,19467, 3920
quick,350,1000,1,18500, 3936
quick,350,1000,1,17957, 3952
quick,350,1000,1,25634, 3968
quick,350,1000,1,17569, 3984
quick,350,1000,1,17947, 4000
quick,350,1000,1,18297, 400
quick,350,1000,1,19347, 4016
quick,350,1000,1,29585, 4032
quick,350,1000,1,19865, 4048
quick,350,1000,1,18596, 4064
quick,350,1000,1,19790, 4080
quick,350,1000,1,19350, 4096
quick,350,1000,1,20422, 416
quick,350,1000,1,25732, 432
quick,350,1000,1,18970, 448
quick,350,1000,1,19129, 464
quick,350,1000,1,19132, 480
quick,350,1000,1,18409, 48
quick,350,1000,1,17762, 496
quick,350,1000,1,18310, 512
quick,350,1000,1,24446, 528
quick,350,1000,1,30335, 544
quick,350,1000,1,24249, 560
quick,350,1000,1,18760, 576
quick,350,1000,1,21891, 592
quick,350,1000,1,18920, 608
quick,350,1000,1,19912, 624
quick,350,1000,1,19648, 640
quick,350,1000,1,19272, 64
quick,350,1000,1,19511, 656
quick,350,1000,1,18595, 672
quick,350,1000,1,24907, 688
quick,350,1000,1,34107, 704
quick,350,1000,1,23470, 720
quick,350,1000,1,18940, 736
quick,350,1000,1,25088, 752
quick,350,1000,1,17943, 768
quick,350,1000,1,18976, 784
quick,350,1000,1,18831, 800
quick,350,1000,1,18957, 80
quick,350,1000,1,19021, 816
quick,350,1000,1,24986, 832
quick,350,1000,1,18553, 848
quick,350,1000,1,18921, 864
quick,350,1000,1,19005, 880
quick,350,1000,1,19680, 896
quick,350,1000,1,20239, 912
quick,350,1000,1,19165, 928
quick,350,1000,1,19997, 944
quick,350,1000,1,19567, 960
quick,350,1000,1,18399, 96
quick,350,1000,1,23336, 976
quick,350,1000,1,19105, 992
quick,450,1000,1,28552, 0
quick,450,1000,1,24837, 1008
quick,450,1000,1,23423, 1024
quick,450,1000,1,23414, 1040
quick,450,1000,1,23895, 1056
quick,450,1000,1,45797, 1072
quick,450,1000,1,24583, 1088
quick,450,1000,1,23983, 1104
quick,450,1000,1,30430, 1120
quick,450,1000,1,24362, 112
quick,450,1000,1,25519, 1136
quick,450,1000,1,33567, 1152
quick,450,1000,1,24743, 1168
quick,450,1000,1,23850, 1184
quick,450,1000,1,24290, 1200
quick,450,1000,1,24960, 1216
quick,450,1000,1,24780, 1232
quick,450,1000,1,25251, 1248
quick,450,1000,1,23402, 1264
quick,450,1000,1,24583, 1280
quick,450,1000,1,24624, 128
quick,450,1000,1,23237, 1296
quick,450,1000,1,28634, 1312
quick,450,1000,1,24100, 1328
quick,450,1000,1,33120, 1344
quick,450,1000,1,31269, 1360
quick,450,1000,1,24694, 1376
quick,450,1000,1,34404, 1392
quick,450,1000,1,23750, 1408
quick,450,1000,1,26828, 1424
quick,450,1000,1,22709, 1440
quick,450,1000,1,24915, 144
quick,450,1000,1,52170, 1456
quick,450,1000,1,30033, 1472
quick,450,1000,1,25660, 1488
quick,450,1000,1,24551, 1504
quick,450,1000,1,24587, 1520
quick,450,1000,1,30844, 1536
quick,450,1000,1,23944, 1552
quick,450,1000,1,24157, 1568
quick,450,1000,1,24338, 1584
quick,450,1000,1,24009, 1600
quick,450,1000,1,24178, 160
quick,450,1000,1,23083, 1616
quick,450,1000,1,30707, 1632
quick,450,1000,1,46441, 1648
quick,450,1000,1,24065, 1664
quick,450,1000,1,24529, 1680
quick,450,1000,1,24199, 1696
quick,450,1000,1,23993, 16
quick,450,1000,1,23305, 1712
quick,450,1000,1,27234, 1728
quick,450,1000,1,23893, 1744
quick,450,1000,1,24052, 1760
quick,450,1000,1,23185, 176
quick,450,1000,1,29053, 1776
quick,450,1000,1,24901, 1792
quick,450,1000,1,23807, 1808
quick,450,1000,1,23551, 1824
quick,450,1000,1,24270, 1840
quick,450,1000,1,32634, 1856
quick,450,1000,1,25049, 1872
quick,450,1000,1,24724, 1888
quick,450,1000,1,31505, 1904
quick,450,1000,1,23310, 1920
quick,450,1000,1,24535, 192
quick,450,1000,1,23929, 1936
quick,450,1000,1,23779, 1952
quick,450,1000,1,26450, 1968
quick,450,1000,1,32523, 1984
quick,450,1000,1,30754, 2000
quick,450,1000,1,35136, 2016
quick,450,1000,1,24003, 2032
quick,450,1000,1,24520, 2048
quick,450,1000,1,23236, 2064
quick,450,1000,1,31024, 2080
quick,450,1000,1,25801, 208
quick,450,1000,1,24994, 2096
quick,450,1000,1,24932, 2112
quick,450,1000,1,25155, 2128
quick,450,1000,1,24972, 2144
quick,450,1000,1,24078, 2160
quick,450,1000,1,33971, 2176
quick,450,1000,1,25029, 2192
quick,450,1000,1,31094, 2208
quick,450,1000,1,31664, 2224
quick,450,1000,1,25909, 2240
quick,450,1000,1,25040, 224
quick,450,1000,1,23787, 2256
quick,450,1000,1,31426, 2272
quick,450,1000,1,25133, 2288
quick,450,1000,1,24195, 2304
quick,450,1000,1,24398, 2320
quick,450,1000,1,29683, 2336
quick,450,1000,1,25440, 2352
quick,450,1000,1,25974, 2368
quick,450,1000,1,25426, 2384
quick,450,1000,1,23543, 2400
quick,450,1000,1,31804, 240
quick,450,1000,1,22893, 2416
quick,450,1000,1,24990, 2432
quick,450,1000,1,24831, 2448
quick,450,1000,1,23572, 2464
quick,450,1000,1,28549, 2480
quick,450,1000,1,24118, 2496
quick,450,1000,1,24798, 2512
quick,450,1000,1,24341, 2528
quick,450,1000,1,23179, 2544
quick,450,1000,1,22810, 2560
quick,450,1000,1,29420, 256
quick,450,1000,1,23925, 2576
quick,450,1000,1,31897, 2592
quick,450,1000,1,25191, 2608
quick,450,1000,1,23890, 2624
quick,450,1000,1,24658, 2640
quick,450,1000,1,24442, 2656
quick,450,1000,1,25591, 2672
quick,450,1000,1,23867, 2688
quick,450,1000,1,30320, 2704
quick,450,1000,1,24579, 2720
quick,450,1000,1,25300, 272
quick,450,1000,1,25246, 2736
quick,450,1000,1,25344, 2752
quick,450,1000,1,23930, 2768
quick,450,1000,1,24518, 2784
quick,450,1000,1,24561, 2800
quick,450,1000,1,23062, 2816
quick,450,1000,1,24366, 2832
quick,450,1000,1,33032, 2848
quick,450,1000,1,31722, 2864
quick,450,1000,1,23882, 2880
quick,450,1000,1,24571, 288
quick,450,1000,1,26631, 2896
quick,450,1000,1,24314, 2912
quick,450,1000,1,32025, 2928
quick,450,1000,1,24556, 2944
quick,450,1000,1,31183, 2960
quick,450,1000,1,24155, 2976
quick,450,1000,1,24764, 2992
quick,450,1000,1,32491, 3008
quick,450,1000,1,23419, 3024
quick,450,1000,1,23824, 3040
quick,450,1000,1,24637, 304
quick,450,1000,1,31228, 3056
quick,450,1000,1,24859, 3072
quick,450,1000,1,23863, 3088
quick,450,1000,1,24304, 3104
quick,450,1000,1,25021, 3120
quick,450,1000,1,52663, 3136
quick,450,1000,1,24776, 3152
quick,450,1000,1,24598, 3168
quick,450,1000,1,25322, 3184
quick,450,1000,1,25000, 3200
quick,450,1000,1,35833, 320
quick,450,1000,1,24110, 3216
quick,450,1000,1,24604, 3232
quick,450,1000,1,24627, 3248
quick,450,1000,1,24261, 3264
quick,450,1000,1,23843, 3280
quick,450,1000,1,23779, 3296
quick,450,1000,1,23663, 32
quick,450,1000,1,23336, 3312
quick,450,1000,1,32290, 3328
quick,450,1000,1,32091, 3344
quick,450,1000,1,31874, 3360
quick,450,1000,1,25754, 336
quick,450,1000,1,24711, 3376
quick,450,1000,1,24816, 3392
quick,450,1000,1,33044, 3408
quick,450,1000,1,25867, 3424
quick,450,1000,1,28771, 3440
quick,450,1000,1,24064, 3456
quick,450,1000,1,39906, 3472
quick,450,1000,1,25808, 3488
quick,450,1000,1,24590, 3504
quick,450,1000,1,25144, 3520
quick,450,1000,1,25222, 352
quick,450,1000,1,24362, 3536
quick,450,1000,1,23766, 3552
quick,450,1000,1,24715, 3568
quick,450,1000,1,23909, 3584
quick,450,1000,1,24688, 3600
quick,450,1000,1,25049, 3616
quick,450,1000,1,27262, 3632
quick,450,1000,1,23689, 3648
quick,450,1000,1,23268, 3664
quick,450,1000,1,22441, 3680
quick,450,1000,1,24299, 368
quick,450,1000,1,24696, 3696
quick,450,1000,1,32011, 3712
quick,450,1000,1,23424, 3728
quick,450,1000,1,23932, 3744
quick,450,1000,1,23359, 3760
quick,450,1000,1,33184, 3776
quick,450,1000,1,37815, 3792
quick,450,1000,1,24303, 3808
quick,450,1000,1,31550, 3824
quick,450,1000,1,24474, 3840
quick,450,1000,1,31337, 384
quick,450,1000,1,25743, 3856
quick,450,1000,1,23820, 3872
quick,450,1000,1,25480, 3888
quick,450,1000,1,33287, 3904
quick,450,1000,1,24910, 3920
quick,450,1000,1,30153, 3936
quick,450,1000,1,23233, 3952
quick,450,1000,1,34799, 3968
quick,450,1000,1,24781, 3984
quick,450,1000,1,24738, 4000
quick,450,1000,1,25279, 400
quick,450,1000,1,33898, 4016
quick,450,1000,1,24301, 4032
quick,450,1000,1,24872, 4048
quick,450,1000,1,24937, 4064
quick,450,1000,1,23810, 4080
quick,450,1000,1,22972, 4096
quick,450,1000,1,29832, 416
quick,450,1000,1,24244, 432
quick,450,1000,1,39571, 448
quick,450,1000,1,23437, 464
quick,450,1000,1,25575, 480
quick,450,1000,1,23435, 48
quick,450,1000,1,24221, 496
quick,450,1000,1,23627, 512
quick,450,1000,1,23039, 528
quick,450,1000,1,23292, 544
quick,450,1000,1,24042, 560
quick,450,1000,1,24691, 576
quick,450,1000,1,23254, 592
quick,450,1000,1,24665, 608
quick,450,1000,1,30765, 624
quick,450,1000,1,43815, 640
quick,450,1000,1,24860, 64
quick,450,1000,1,30273, 656
quick,450,1000,1,25333, 672
quick,450,1000,1,25337, 688
quick,450,1000,1,23492, 704
quick,450,1000,1,23547, 720
quick,450,1000,1,24338, 736
quick,450,1000,1,24022, 752
quick,450,1000,1,47506, 768
quick,450,1000,1,24478, 784
quick,450,1000,1,44457, 800
quick,450,1000,1,31287, 80
quick,450,1000,1,24434, 816
quick,450,1000,1,23648, 832
quick,450,1000,1,24269, 848
quick,450,1000,1,25774, 864
quick,450,1000,1,31455, 880
quick,450,1000,1,23457, 896
quick,450,1000,1,34831, 912
quick,450,1000,1,24734, 928
quick,450,1000,1,24483, 944
quick,450,1000,1,24437, 960
quick,450,1000,1,33299, 96
quick,450,1000,1,23172, 976
quick,450,1000,1,29229, 992
quick,50,1000,1,4480, 0
quick,50,1000,1,4891, 1008
quick,50,1000,1,4207, 1024
quick,50,1000,1,5147, 1040
quick,50,1000,1,4483, 1056
quick,50,1000,1,4960, 1072
quick,50,1000,1,3878, 1088
quick,50,1000,1,3706, 1104
quick,50,1000,1,5553, 1120
quick,50,1000,1,5028, 112
quick,50,1000,1,4499, 1136
quick,50,1000,1,4461, 1152
quick,50,1000,1,3900, 1168
quick,50,1000,1,4007, 1184
quick,50,1000,1,4773, 1200
quick,50,1000,1,6632, 1216
quick,50,1000,1,4648, 1232
quick,50,1000,1,4201, 1248
quick,50,1000,1,4045, 1264
quick,50,1000,1,4729, 1280
quick,50,1000,1,3954, 128
quick,50,1000,1,15359, 1296
quick,50,1000,1,4624, 1312
quick,50,1000,1,4327, 1328
quick,50,1000,1,4270, 1344
quick,50,1000,1,3929, 1360
quick,50,1000,1,3998, 1376
quick,50,1000,1,3641, 1392
quick,50,1000,1,3503, 1408
quick,50,1000,1,4182, 1424
quick,50,1000,1,3630, 1440
quick,50,1000,1,4777, 144
quick,50,1000,1,3393, 1456
quick,50,1000,1,4354, 1472
quick,50,1000,1,4696, 1488
quick,50,1000,1,4570, 1504
quick,50,1000,1,4087, 1520
quick,50,1000,1,13342, 1536
quick,50,1000,1,5572, 1552
quick,50,1000,1,4406, 1568
quick,50,1000,1,4008, 1584
quick,50,1000,1,3528, 1600
quick,50,1000,1,3539, 160
quick,50,1000,1,4359, 1616
quick,50,1000,1,4253, 1632
quick,50,1000,1,3183, 1648
quick,50,1000,1,4894, 1664
quick,50,1000,1,5558, 1680
quick,50,1000,1,4167, 1696
quick,50,1000,1,3769, 16
quick,50,1000,1,3724, 1712
quick,50,1000,1,4654, 1728
quick,50,1000,1,3489, 1744
quick,50,1000,1,5601, 1760
quick,50,1000,1,3234, 176
quick,50,1000,1,4234, 1776
quick,50,1000,1,4049, 1792
quick,50,1000,1,5365, 1808
quick,50,1000,1,4173, 1824
quick,50,1000,1,5136, 1840
quick,50,1000,1,4615, 1856
quick,50,1000,1,5681, 1872
quick,50,1000,1,3812, 1888
quick,50,1000,1,5104, 1904
quick,50,1000,1,5134, 1920
quick,50,1000,1,4608, 192
quick,50,1000,1,4111, 1936
quick,50,1000,1,4168, 1952
quick,50,1000,1,4306, 1968
quick,50,1000,1,4883, 1984
quick,50,1000,1,4464, 2000
quick,50,1000,1,4028, 2016
quick,50,1000,1,3625, 2032
quick,50,1000,1,4577, 2048
quick,50,1000,1,3904, 2064
quick,50,1000,1,5835, 2080
quick,50,1000,1,4000, 208
quick,50,1000,1,4401, 2096
quick,50,1000,1,4484, 2112
quick,50,1000,1,5934, 2128
quick,50,1000,1,3589, 2144
quick,50,1000,1,4148, 2160
quick,50,1000,1,3678, 2176
quick,50,1000,1,3994, 2192
quick,50,1000,1,3967, 2208
quick,50,1000,1,3859, 2224
quick,50,1000,1,5198, 2240
quick,50,1000,1,4991, 224
quick,50,1000,1,5016, 2256
quick,50,1000,1,3355, 2272
quick,50,1000,1,3952, 2288
quick,50,1000,1,3819, 2304
quick,50,1000,1,4410, 2320
quick,50,1000,1,4516, 2336
quick,50,1000,1,4270, 2352
quick,50,1000,1,5451, 2368
quick,50,1000,1,3890, 2384
quick,50,1000,1,3821, 2400
quick,50,1000,1,3806, 240
quick,50,1000,1,4640, 2416
quick,50,1000,1,3562, 2432
quick,50,1000,1,3535, 2448
quick,50,1000,1,3410, 2464
quick,50,1000,1,5275, 2480
quick,50,1000,1,5773, 2496
quick,50,1000,1,5326, 2512
quick,50,1000,1,4296, 2528
quick,50,1000,1,4080, 2544
quick,50,1000,1,4770, 2560
quick,50,1000,1,4569, 256
quick,50,1000,1,3907, 2576
quick,50,1000,1,4985, 2592
quick,50,1000,1,5091, 2608
quick,50,1000,1,3950, 2624
quick,50,1000,1,5571, 2640
quick,50,1000,1,3417, 2656
quick,50,1000,1,14576, 2672
quick,50,1000,1,5064, 2688
quick,50,1000,1,4577, 2704
quick,50,1000,1,4326, 2720
quick,50,1000,1,4316, 272
quick,50,1000,1,5613, 2736
quick,50,1000,1,3898, 2752
quick,50,1000,1,3753, 2768
quick,50,1000,1,3662, 2784
quick,50,1000,1,5617, 2800
quick,50,1000,1,4386, 2816
quick,50,1000,1,3805, 2832
quick,50,1000,1,4226, 2848
quick,50,1000,1,4122, 2864
quick,50,1000,1,3988, 2880
quick,50,1000,1,6007, 288
quick,50,1000,1,4407, 2896
quick,50,1000,1,4011, 2912
quick,50,1000,1,14861, 2928
quick,50,1000,1,6235, 2944
quick,50,1000,1,3903, 2960
quick,50,1000,1,4136, 2976
quick,50,1000,1,4400, 2992
quick,50,1000,1,4197, 3008
quick,50,1000,1,5302, 3024
quick,50,1000,1,5607, 3040
quick,50,1000,1,3244, 304
quick,50,1000,1,5923, 3056
quick,50,1000,1,6165, 3072
quick,50,1000,1,4922, 3088
quick,50,1000,1,5820, 3104
quick,50,1000,1,3938, 3120
quick,50,1000,1,4954, 3136
quick,50,1000,1,4770, 3152
quick,50,1000,1,3525, 3168
quick,50,1000,1,4386, 3184
quick,50,1000,1,4522, 3200
quick,50,1000,1,16186, 320
quick,50,1000,1,3754, 3216
quick,50,1000,1,4172, 3232
quick,50,1000,1,3589, 3248
quick,50,1000,1,3816, 3264
quick,50,1000,1,4528, 3280
quick,50,1000,1,5117, 3296
quick,50,1000,1,3791, 32
quick,50,1000,1,5606, 3312
quick,50,1000,1,4128, 3328
quick,50,1000,1,4460, 3344
quick,50,1000,1,4376, 3360
quick,50,1000,1,3693, 336
quick,50,1000,1,4855, 3376
quick,50,1000,1,4628, 3392
quick,50,1000,1,4165, 3408
quick,50,1000,1,4007, 3424
quick,50,1000,1,6158, 3440
quick,50,1000,1,3895, 3456
quick,50,1000,1,5407, 3472
quick,50,1000,1,5891, 3488
quick,50,1000,1,3782, 3504
quick,50,1000,1,4699, 3520
quick,50,1000,1,4946, 352
quick,50,1000,1,4790, 3536
quick,50,1000,1,4348, 3552
quick,50,1000,1,3981, 3568
quick,50,1000,1,3984, 3584
quick,50,1000,1,4477, 3600
quick,50,1000,1,4198, 3616
quick,50,1000,1,3743, 3632
quick,50,1000,1,5727, 3648
quick,50,1000,1,5959, 3664
quick,50,1000,1,3583, 3680
quick,50,1000,1,5392, 368
quick,50,1000,1,4744, 3696
quick,50,1000,1,4141, 3712
quick,50,1000,1,4102, 3728
quick,50,1000,1,5385, 3744
quick,50,1000,1,4502, 3760
quick,50,1000,1,4089, 3776
quick,50,1000,1,4567, 3792
quick,50,1000,1,3584, 3808
quick,50,1000,1,3198, 3824
quick,50,1000,1,4176, 3840
quick,50,1000,1,3592, 384
quick,50,1000,1,4478, 3856
quick,50,1000,1,3920, 3872
quick,50,1000,1,3870, 3888
quick,50,1000,1,4266, 3904
quick,50,1000,1,4699, 3920
quick,50,1000,1,6034, 3936
quick,50,1000,1,3977, 3952
quick,50,1000,1,4090, 3968
quick,50,1000,1,4595, 3984
quick,50,1000,1,4681, 4000
quick,50,1000,1,3708, 400
quick,50,1000,1,3973, 4016
quick,50,1000,1,4773, 4032
quick,50,1000,1,4203, 4048
quick,50,1000,1,3941, 4064
quick,50,1000,1,3581, 4080
quick,50,1000,1,4867, 4096
quick,50,1000,1,3692, 416
quick,50,1000,1,5775, 432
quick,50,1000,1,4825, 448
quick,50,1000,1,3958, 464
quick,50,1000,1,4267, 480
quick,50,1000,1,3748, 48
quick,50,1000,1,4267, 496
quick,50,1000,1,3676, 512
quick,50,1000,1,5001, 528
quick,50,1000,1,3679, 544
quick,50,1000,1,4965, 560
quick,50,1000,1,3727, 576
quick,50,1000,1,14478, 592
quick,50,1000,1,3470, 608
quick,50,1000,1,11664, 624
quick,50,1000,1,3452, 640
quick,50,1000,1,4965, 64
quick,50,1000,1,6420, 656
quick,50,1000,1,3417, 672
quick,50,1000,1,6065, 688
quick,50,1000,1,4431, 704
quick,50,1000,1,4799, 720
quick,50,1000,1,3330, 736
quick,50,1000,1,5053, 752
quick,50,1000,1,5102, 768
quick,50,1000,1,3366, 784
quick,50,1000,1,5393, 800
quick,50,1000,1,4928, 80
quick,50,1000,1,4746, 816
quick,50,1000,1,3803, 832
quick,50,1000,1,5471, 848
quick,50,1000,1,4908, 864
quick,50,1000,1,3989, 880
quick,50,1000,1,3340, 896
quick,50,1000,1,3961, 912
quick,50,1000,1,3632, 928
quick,50,1000,1,4009, 944
quick,50,1000,1,3527, 960
quick,50,1000,1,4883, 96
quick,50,1000,1,4045, 976
quick,50,1000,1,4217, 992
quick,550,1000,1,30160, 0
quick,550,1000,1,29026, 1008
quick,550,1000,1,30899, 1024
quick,550,1000,1,30324, 1040
quick,550,1000,1,29015, 1056
quick,550,1000,1,36704, 1072
quick,550,1000,1,35839, 1088
quick,550,1000,1,30369, 1104
quick,550,1000,1,30490, 1120
quick,550,1000,1,30409, 112
quick,550,1000,1,29053, 1136
quick,550,1000,1,30273, 1152
quick,550,1000,1,30621, 1168
quick,550,1000,1,45408, 1184
quick,550,1000,1,30933, 1200
quick,550,1000,1,29963, 1216
quick,550,1000,1,28824, 1232
quick,550,1000,1,29054, 1248
quick,550,1000,1,36908, 1264
quick,550,1000,1,29752, 1280
quick,550,1000,1,28154, 128
quick,550,1000,1,39334, 1296
quick,550,1000,1,30108, 1312
quick,550,1000,1,29211, 1328
quick,550,1000,1,37527, 1344
quick,550,1000,1,29655, 1360
quick,550,1000,1,29699, 1376
quick,550,1000,1,40888, 1392
quick,550,1000,1,30126, 1408
quick,550,1000,1,83489, 1424
quick,550,1000,1,38094, 1440
quick,550,1000,1,29537, 144
quick,550,1000,1,33153, 1456
quick,550,1000,1,28687, 1472
quick,550,1000,1,30096, 1488
quick,550,1000,1,29243, 1504
quick,550,1000,1,29705, 1520
quick,550,1000,1,30277, 1536
quick,550,1000,1,30469, 1552
quick,550,1000,1,32544, 1568
quick,550,1000,1,29764, 1584
quick,550,1000,1,29591, 1600
quick,550,1000,1,29016, 160
quick,550,1000,1,37309, 1616
quick,550,1000,1,29116, 1632
quick,550,1000,1,37680, 1648
quick,550,1000,1,29173, 1664
quick,550,1000,1,28475, 1680
quick,550,1000,1,31130, 1696
quick,550,1000,1,40135, 16
quick,550,1000,1,28926, 1712
quick,550,1000,1,34600, 1728
quick,550,1000,1,29578, 1744
quick,550,1000,1,30853, 1760
quick,550,1000,1,30400, 176
quick,550,1000,1,48066, 1776
quick,550,1000,1,30585, 1792
quick,550,1000,1,39190, 1808
quick,550,1000,1,29950, 1824
quick,550,1000,1,32688, 1840
quick,550,1000,1,65426, 1856
quick,550,1000,1,29593, 1872
quick,550,1000,1,29406, 1888
quick,550,1000,1,37615, 1904
quick,550,1000,1,29243, 1920
quick,550,1000,1,29414, 192
quick,550,1000,1,29071, 1936
quick,550,1000,1,28843, 1952
quick,550,1000,1,28666, 1968
quick,550,1000,1,29487, 1984
quick,550,1000,1,50798, 2000
quick,550,1000,1,30165, 2016
quick,550,1000,1,30523, 2032
quick,550,1000,1,32237, 2048
quick,550,1000,1,28889, 2064
quick,550,1000,1,31287, 2080
quick,550,1000,1,30316, 208
quick,550,1000,1,28503, 2096
quick,550,1000,1,29864, 2112
quick,550,1000,1,40091, 2128
quick,550,1000,1,36646, 2144
quick,550,1000,1,29805, 2160
quick,550,1000,1,29094, 2176
quick,550,1000,1,29120, 2192
quick,550,1000,1,29425, 2208
quick,550,1000,1,30024, 2224
quick,550,1000,1,39668, 2240
quick,550,1000,1,30940, 224
quick,550,1000,1,29856, 2256
quick,550,1000,1,30224, 2272
quick,550,1000,1,47957, 2288
quick,550,1000,1,38389, 2304
quick,550,1000,1,30343, 2320
quick,550,1000,1,35937, 2336
quick,550,1000,1,28322, 2352
quick,550,1000,1,28645, 2368
quick,550,1000,1,38788, 2384
quick,550,1000,1,39275, 2400
quick,550,1000,1,30538, 240
quick,550,1000,1,29548, 2416
quick,550,1000,1,29541, 2432
quick,550,1000,1,29159, 2448
quick,550,1000,1,30663, 2464
quick,550,1000,1,62423, 2480
quick,550,1000,1,29657, 2496
quick,550,1000,1,42094, 2512
quick,550,1000,1,31629, 2528
quick,550,1000,1,29366, 2544
quick,550,1000,1,29129, 2560
quick,550,1000,1,29544, 256
quick,550,1000,1,30440, 2576
quick,550,1000,1,34937, 2592
quick,550,1000,1,31999, 2608
quick,550,1000,1,47553, 2624
quick,550,1000,1,28736, 2640
quick,550,1000,1,31853, 2656
quick,550,1000,1,61627, 2672
quick,550,1000,1,28676, 2688
quick,550,1000,1,28689, 2704
quick,550,1000,1,35652, 2720
quick,550,1000,1,36676, 272
quick,550,1000,1,28509, 2736
quick,550,1000,1,28931, 2752
quick,550,1000,1,38140, 2768
quick,550,1000,1,36126, 2784
quick,550,1000,1,29710, 2800
quick,550,1000,1,29876, 2816
quick,550,1000,1,29277, 2832
quick,550,1000,1,28842, 2848
quick,550,1000,1,40043, 2864
quick,550,1000,1,28967, 2880
quick,550,1000,1,29707, 288
quick,550,1000,1,29725, 2896
quick,550,1000,1,30122, 2912
quick,550,1000,1,29621, 2928
quick,550,1000,1,28671, 2944
quick,550,1000,1,30296, 2960
quick,550,1000,1,39914, 2976
quick,550,1000,1,56495, 2992
quick,550,1000,1,28860, 3008
quick,550,1000,1,30330, 3024
quick,550,1000,1,32010, 3040
quick,550,1000,1,41289, 304
quick,550,1000,1,29290, 3056
quick,550,1000,1,41580, 3072
quick,550,1000,1,29230, 3088
quick,550,1000,1,30469, 3104
quick,550,1000,1,31908, 3120
quick,550,1000,1,28986, 3136
quick,550,1000,1,31899, 3152
quick,550,1000,1,29947, 3168
quick,550,1000,1,30783, 3184
quick,550,1000,1,30330, 3200
quick,550,1000,1,28796, 320
quick,550,1000,1,29827, 3216
quick,550,1000,1,29653, 3232
quick,550,1000,1,44289, 3248
quick,550,1000,1,60861, 3264
quick,550,1000,1,28236, 3280
quick,550,1000,1,30670, 3296
quick,550,1000,1,29583, 32
quick,550,1000,1,39411, 3312
quick,550,1000,1,29876, 3328
quick,550,1000,1,30517, 3344
quick,550,1000,1,39184, 3360
quick,550,1000,1,28223, 336
quick,550,1000,1,41704, 3376
quick,550,1000,1,30743, 3392
quick,550,1000,1,31104, 3408
quick,550,1000,1,29492, 3424
quick,550,1000,1,41837, 3440
quick,550,1000,1,31043, 3456
quick,550,1000,1,29849, 3472
quick,550,1000,1,29030, 3488
quick,550,1000,1,31113, 3504
quick,550,1000,1,31081, 3520
quick,550,1000,1,28784, 352
quick,550,1000,1,29533, 3536
quick,550,1000,1,41640, 3552
quick,550,1000,1,30258, 3568
quick,550,1000,1,32488, 3584
quick,550,1000,1,30894, 3600
quick,550,1000,1,31045, 3616
quick,550,1000,1,29092, 3632
quick,550,1000,1,44296, 3648
quick,550,1000,1,28983, 3664
quick,550,1000,1,31056, 3680
quick,550,1000,1,28009, 368
quick,550,1000,1,29063, 3696
quick,550,1000,1,36245, 3712
quick,550,1000,1,39228, 3728
quick,550,1000,1,38778, 3744
quick,550,1000,1,29969, 3760
quick,550,1000,1,28590, 3776
quick,550,1000,1,30653, 3792
quick,550,1000,1,41923, 3808
quick,550,1000,1,30642, 3824
quick,550,1000,1,29328, 3840
quick,550,1000,1,29896, 384
quick,550,1000,1,38139, 3856
quick,550,1000,1,29402, 3872
quick,550,1000,1,32885, 3888
quick,550,1000,1,45365, 3904
quick,550,1000,1,41422, 3920
quick,550,1000,1,29124, 3936
quick,550,1000,1,28774, 3952
quick,550,1000,1,30014, 3968
quick,550,1000,1,45580, 3984
quick,550,1000,1,30370, 4000
quick,550,1000,1,34309, 400
quick,550,1000,1,29428, 4016
quick,550,1000,1,28963, 4032
quick,550,1000,1,30380, 4048
quick,550,1000,1,29833, 4064
quick,550,1000,1,30515, 4080
quick,550,1000,1,38681, 4096
quick,550,1000,1,39991, 416
quick,550,1000,1,29728, 432
quick,550,1000,1,29427, 448
quick,550,1000,1,30699, 464
quick,550,1000,1,41971, 480
quick,550,1000,1,30025, 48
quick,550,1000,1,31029, 496
quick,550,1000,1,30101, 512
quick,550,1000,1,31382, 528
quick,550,1000,1,29867, 544
quick,550,1000,1,29105, 560
quick,550,1000,1,30928, 576
quick,550,1000,1,37127, 592
quick,550,1000,1,50747, 608
quick,550,1000,1,46641, 624
quick,550,1000,1,32898, 640
quick,550,1000,1,29659, 64
quick,550,1000,1,27688, 656
quick,550,1000,1,30644, 672
quick,550,1000,1,29933, 688
quick,550,1000,1,28291, 704
quick,550,1000,1,33848, 720
quick,550,1000,1,35758, 736
quick,550,1000,1,31093, 752
quick,550,1000,1,43038, 768
quick,550,1000,1,37095, 784
quick,550,1000,1,39954, 800
quick,550,1000,1,39670, 80
quick,550,1000,1,28187, 816
quick,550,1000,1,30974, 832
quick,550,1000,1,39263, 848
quick,550,1000,1,29961, 864
quick,550,1000,1,30188, 880
quick,550,1000,1,29792, 896
quick,550,1000,1,37777, 912
quick,550,1000,1,29457, 928
quick,550,1000,1,28273, 944
quick,550,1000,1,39647, 960
quick,550,1000,1,29401, 96
quick,550,1000,1,40619, 976
quick,550,1000,1,41460, 992
quick,650,1000,1,36979, 0
quick,650,1000,1,45067, 1008
quick,650,1000,1,45159, 1024
quick,650,1000,1,37412, 1040
quick,650,1000,1,36836, 1056
quick,650,1000,1,35374, 1072
quick,650,1000,1,45549, 1088
quick,650,1000,1,35510, 1104
quick,650,1000,1,35501, 1120
quick,650,1000,1,43093, 112
quick,650,1000,1,44880, 1136
quick,650,1000,1,36538, 1152
quick,650,1000,1,37290, 1168
quick,650,1000,1,36199, 1184
quick,650,1000,1,37128, 1200
quick,650,1000,1,46975, 1216
quick,650,1000,1,49966, 1232
quick,650,1000,1,37132, 1248
quick,650,1000,1,36982, 1264
quick,650,1000,1,42321, 1280
quick,650,1000,1,35868, 128
quick,650,1000,1,36630, 1296
quick,650,1000,1,37359, 1312
quick,650,1000,1,37918, 1328
quick,650,1000,1,36819, 1344
quick,650,1000,1,47180, 1360
quick,650,1000,1,36689, 1376
quick,650,1000,1,39870, 1392
quick,650,1000,1,56224, 1408
quick,650,1000,1,36623, 1424
quick,650,1000,1,52606, 1440
quick,650,1000,1,56524, 144
quick,650,1000,1,36023, 1456
quick,650,1000,1,37227, 1472
quick,650,1000,1,35939, 1488
quick,650,1000,1,36140, 1504
quick,650,1000,1,34480, 1520
quick,650,1000,1,57572, 1536
quick,650,1000,1,36201, 1552
quick,650,1000,1,37242, 1568
quick,650,1000,1,56438, 1584
quick,650,1000,1,35201, 1600
quick,650,1000,1,34417, 160
quick,650,1000,1,35778, 1616
quick,650,1000,1,37274, 1632
quick,650,1000,1,34197, 1648
quick,650,1000,1,36081, 1664
quick,650,1000,1,44546, 1680
quick,650,1000,1,46737, 1696
quick,650,1000,1,36216, 16
quick,650,1000,1,43490, 1712
quick,650,1000,1,47294, 1728
quick,650,1000,1,35015, 1744
quick,650,1000,1,39243, 1760
quick,650,1000,1,34024, 176
quick,650,1000,1,34430, 1776
quick,650,1000,1,35624, 1792
quick,650,1000,1,35804, 1808
quick,650,1000,1,34830, 1824
quick,650,1000,1,45575, 1840
quick,650,1000,1,35447, 1856
quick,650,1000,1,36234, 1872
quick,650,1000,1,47979, 1888
quick,650,1000,1,36236, 1904
quick,650,1000,1,38944, 1920
quick,650,1000,1,46375, 192
quick,650,1000,1,45642, 1936
quick,650,1000,1,44834, 1952
quick,650,1000,1,36503, 1968
quick,650,1000,1,35804, 1984
quick,650,1000,1,36018, 2000
quick,650,1000,1,46075, 2016
quick,650,1000,1,46385, 2032
quick,650,1000,1,34567, 2048
quick,650,1000,1,37298, 2064
quick,650,1000,1,35416, 2080
quick,650,1000,1,35064, 208
quick,650,1000,1,36184, 2096
quick,650,1000,1,35854, 2112
quick,650,1000,1,67410, 2128
quick,650,1000,1,36938, 2144
quick,650,1000,1,34890, 2160
quick,650,1000,1,34818, 2176
quick,650,1000,1,38052, 2192
quick,650,1000,1,35535, 2208
quick,650,1000,1,34999, 2224
quick,650,1000,1,34155, 2240
quick,650,1000,1,36224, 224
quick,650,1000,1,40573, 2256
quick,650,1000,1,35916, 2272
quick,650,1000,1,34269, 2288
quick,650,1000,1,41825, 2304
quick,650,1000,1,46464, 2320
quick,650,1000,1,49682, 2336
quick,650,1000,1,46674, 2352
quick,650,1000,1,54874, 2368
quick,650,1000,1,34733, 2384
quick,650,1000,1,35954, 2400
quick,650,1000,1,45460, 240
quick,650,1000,1,36659, 2416
quick,650,1000,1,46274, 2432
quick,650,1000,1,36262, 2448
quick,650,1000,1,34312, 2464
quick,650,1000,1,35438, 2480
quick,650,1000,1,45618, 2496
quick,650,1000,1,45970, 2512
quick,650,1000,1,36112, 2528
quick,650,1000,1,38695, 2544
quick,650,1000,1,34365, 2560
quick,650,1000,1,36069, 256
quick,650,1000,1,33747, 2576
quick,650,1000,1,35568, 2592
quick,650,1000,1,37139, 2608
quick,650,1000,1,56369, 2624
quick,650,1000,1,36881, 2640
quick,650,1000,1,37138, 2656
quick,650,1000,1,36222, 2672
quick,650,1000,1,38222, 2688
quick,650,1000,1,36030, 2704
quick,650,1000,1,36772, 2720
quick,650,1000,1,36102, 272
quick,650,1000,1,41931, 2736
quick,650,1000,1,41027, 2752
quick,650,1000,1,37248, 2768
quick,650,1000,1,50130, 2784
quick,650,1000,1,37770, 2800
quick,650,1000,1,36242, 2816
quick,650,1000,1,43147, 2832
quick,650,1000,1,35981, 2848
quick,650,1000,1,36990, 2864
quick,650,1000,1,34026, 2880
quick,650,1000,1,36697, 288
quick,650,1000,1,34897, 2896
quick,650,1000,1,46938, 2912
quick,650,1000,1,38174, 2928
quick,650,1000,1,35943, 2944
quick,650,1000,1,34367, 2960
quick,650,1000,1,38666, 2976
quick,650,1000,1,57841, 2992
quick,650,1000,1,45323, 3008
quick,650,1000,1,35372, 3024
quick,650,1000,1,34594, 3040
quick,650,1000,1,34317, 304
quick,650,1000,1,47387, 3056
quick,650,1000,1,46872, 3072
quick,650,1000,1,37205, 3088
quick,650,1000,1,41882, 3104
quick,650,1000,1,46161, 3120
quick,650,1000,1,37366, 3136
quick,650,1000,1,36023, 3152
quick,650,1000,1,38994, 3168
quick,650,1000,1,35027, 3184
quick,650,1000,1,35149, 3200
quick,650,1000,1,33677, 320
quick,650,1000,1,44816, 3216
quick,650,1000,1,35020, 3232
quick,650,1000,1,37019, 3248
quick,650,1000,1,35490, 3264
quick,650,1000,1,35047, 3280
quick,650,1000,1,35044, 3296
quick,650,1000,1,34340, 32
quick,650,1000,1,36762, 3312
quick,650,1000,1,50247, 3328
quick,650,1000,1,33869, 3344
quick,650,1000,1,47008, 3360
quick,650,1000,1,34644, 336
quick,650,1000,1,35784, 3376
quick,650,1000,1,36145, 3392
quick,650,1000,1,35171, 3408
quick,650,1000,1,36798, 3424
quick,650,1000,1,33943, 3440
quick,650,1000,1,36698, 3456
quick,650,1000,1,52981, 3472
quick,650,1000,1,35051, 3488
quick,650,1000,1,34045, 3504
quick,650,1000,1,52452, 3520
quick,650,1000,1,36882, 352
quick,650,1000,1,36010, 3536
quick,650,1000,1,35929, 3552
quick,650,1000,1,46873, 3568
quick,650,1000,1,46234, 3584
quick,650,1000,1,45354, 3600
quick,650,1000,1,48849, 3616
quick,650,1000,1,35155, 3632
quick,650,1000,1,35270, 3648
quick,650,1000,1,61857, 3664
quick,650,1000,1,37626, 3680
quick,650,1000,1,44678, 368
quick,650,1000,1,34443, 3696
quick,650,1000,1,35966, 3712
quick,650,1000,1,56587, 3728
quick,650,1000,1,35817, 3744
quick,650,1000,1,61409, 3760
quick,650,1000,1,35367, 3776
quick,650,1000,1,47240, 3792
quick,650,1000,1,35194, 3808
quick,650,1000,1,36040, 3824
quick,650,1000,1,36297, 3840
quick,650,1000,1,34622, 384
quick,650,1000,1,40631, 3856
quick,650,1000,1,36005, 3872
quick,650,1000,1,35780, 3888
quick,650,1000,1,39388, 3904
quick,650,1000,1,35014, 3920
quick,650,1000,1,35036, 3936
quick,650,1000,1,34521, 3952
quick,650,1000,1,50142, 3968
quick,650,1000,1,36007, 3984
quick,650,1000,1,49331, 4000
quick,650,1000,1,48797, 400
quick,650,1000,1,37076, 4016
quick,650,1000,1,36140, 4032
quick,650,1000,1,34381, 4048
quick,650,1000,1,35685, 4064
quick,650,1000,1,33698, 4080
quick,650,1000,1,34733, 4096
quick,650,1000,1,35892, 416
quick,650,1000,1,36577, 432
quick,650,1000,1,33904, 448
quick,650,1000,1,34169, 464
quick,650,1000,1,35103, 480
quick,650,1000,1,36930, 48
quick,650,1000,1,35641, 496
quick,650,1000,1,45142, 512
quick,650,1000,1,35127, 528
quick,650,1000,1,36254, 544
quick,650,1000,1,36912, 560
quick,650,1000,1,35547, 576
quick,650,1000,1,35717, 592
quick,650,1000,1,35280, 608
quick,650,1000,1,36138, 624
quick,650,1000,1,34449, 640
quick,650,1000,1,44826, 64
quick,650,1000,1,47088, 656
quick,650,1000,1,34266, 672
quick,650,1000,1,39351, 688
quick,650,1000,1,35987, 704
quick,650,1000,1,36191, 720
quick,650,1000,1,36731, 736
quick,650,1000,1,34046, 752
quick,650,1000,1,33973, 768
quick,650,1000,1,36508, 784
quick,650,1000,1,35325, 800
quick,650,1000,1,34893, 80
quick,650,1000,1,47352, 816
quick,650,1000,1,34048, 832
quick,650,1000,1,36024, 848
quick,650,1000,1,39426, 864
quick,650,1000,1,37036, 880
quick,650,1000,1,33914, 896
quick,650,1000,1,35903, 912
quick,650,1000,1,33941, 928
quick,650,1000,1,36311, 944
quick,650,1000,1,35052, 960
quick,650,1000,1,41956, 96
quick,650,1000,1,34278, 976
quick,650,1000,1,37757, 992
quick,750,1000,1,40438, 0
quick,750,1000,1,40817, 1008
quick,750,1000,1,52614, 1024
quick,750,1000,1,40949, 1040
quick,750,1000,1,40289, 1056
quick,750,1000,1,54667, 1072
quick,750,1000,1,42777, 1088
quick,750,1000,1,42413, 1104
quick,750,1000,1,62736, 1120
quick,750,1000,1,43621, 112
quick,750,1000,1,74406, 1136
quick,750,1000,1,47643, 1152
quick,750,1000,1,51987, 1168
quick,750,1000,1,41922, 1184
quick,750,1000,1,42011, 1200
quick,750,1000,1,55875, 1216
quick,750,1000,1,41141, 1232
quick,750,1000,1,41927, 1248
quick,750,1000,1,53706, 1264
quick,750,1000,1,42011, 1280
quick,750,1000,1,52469, 128
quick,750,1000,1,42648, 1296
quick,750,1000,1,39795, 1312
quick,750,1000,1,40488, 1328
quick,750,1000,1,41375, 1344
quick,750,1000,1,39951, 1360
quick,750,1000,1,52741, 1376
quick,750,1000,1,42179, 1392
quick,750,1000,1,40293, 1408
quick,750,1000,1,41630, 1424
quick,750,1000,1,50945, 1440
quick,750,1000,1,53715, 144
quick,750,1000,1,41153, 1456
quick,750,1000,1,40220, 1472
quick,750,1000,1,39402, 1488
quick,750,1000,1,40146, 1504
quick,750,1000,1,48206, 1520
quick,750,1000,1,40846, 1536
quick,750,1000,1,50936, 1552
quick,750,1000,1,41071, 1568
quick,750,1000,1,40469, 1584
quick,750,1000,1,51041, 1600
quick,750,1000,1,40806, 160
quick,750,1000,1,40554, 1616
quick,750,1000,1,39210, 1632
quick,750,1000,1,47813, 1648
quick,750,1000,1,53562, 1664
quick,750,1000,1,41633, 1680
quick,750,1000,1,54271, 1696
quick,750,1000,1,41236, 16
quick,750,1000,1,52378, 1712
quick,750,1000,1,40467, 1728
quick,750,1000,1,55010, 1744
quick,750,1000,1,61071, 1760
quick,750,1000,1,42328, 176
quick,750,1000,1,39579, 1776
quick,750,1000,1,40864, 1792
quick,750,1000,1,39579, 1808
quick,750,1000,1,39065, 1824
quick,750,1000,1,42214, 1840
quick,750,1000,1,43460, 1856
quick,750,1000,1,43736, 1872
quick,750,1000,1,40171, 1888
quick,750,1000,1,39959, 1904
quick,750,1000,1,64982, 1920
quick,750,1000,1,41346, 192
quick,750,1000,1,39922, 1936
quick,750,1000,1,41472, 1952
quick,750,1000,1,40289, 1968
quick,750,1000,1,40262, 1984
quick,750,1000,1,40359, 2000
quick,750,1000,1,49520, 2016
quick,750,1000,1,41142, 2032
quick,750,1000,1,50564, 2048
quick,750,1000,1,47261, 2064
quick,750,1000,1,41877, 2080
quick,750,1000,1,41102, 208
quick,750,1000,1,46279, 2096
quick,750,1000,1,41913, 2112
quick,750,1000,1,48083, 2128
quick,750,1000,1,41257, 2144
quick,750,1000,1,56249, 2160
quick,750,1000,1,41798, 2176
quick,750,1000,1,56544, 2192
quick,750,1000,1,55343, 2208
quick,750,1000,1,64142, 2224
quick,750,1000,1,42254, 2240
quick,750,1000,1,55911, 224
quick,750,1000,1,43838, 2256
quick,750,1000,1,55885, 2272
quick,750,1000,1,41731, 2288
quick,750,1000,1,42445, 2304
quick,750,1000,1,43289, 2320
quick,750,1000,1,52372, 2336
quick,750,1000,1,61824, 2352
quick,750,1000,1,41636, 2368
quick,750,1000,1,41866, 2384
quick,750,1000,1,63583, 2400
quick,750,1000,1,39893, 240
quick,750,1000,1,53894, 2416
quick,750,1000,1,40287, 2432
quick,750,1000,1,53873, 2448
quick,750,1000,1,40748, 2464
quick,750,1000,1,43457, 2480
quick,750,1000,1,41201, 2496
quick,750,1000,1,41606, 2512
quick,750,1000,1,40609, 2528
quick,750,1000,1,48069, 2544
quick,750,1000,1,53989, 2560
quick,750,1000,1,42164, 256
quick,750,1000,1,42344, 2576
quick,750,1000,1,43984, 2592
quick,750,1000,1,40515, 2608
quick,750,1000,1,52778, 2624
quick,750,1000,1,41869, 2640
quick,750,1000,1,48635, 2656
quick,750,1000,1,54183, 2672
quick,750,1000,1,41949, 2688
quick,750,1000,1,56094, 2704
quick,750,1000,1,50750, 2720
quick,750,1000,1,50595, 272
quick,750,1000,1,54233, 2736
quick,750,1000,1,54501, 2752
quick,750,1000,1,40307, 2768
quick,750,1000,1,41677, 2784
quick,750,1000,1,41273, 2800
quick,750,1000,1,40974, 2816
quick,750,1000,1,40482, 2832
quick,750,1000,1,41634, 2848
quick,750,1000,1,42004, 2864
quick,750,1000,1,52259, 2880
quick,750,1000,1,42198, 288
quick,750,1000,1,44744, 2896
quick,750,1000,1,55398, 2912
quick,750,1000,1,41742, 2928
quick,750,1000,1,54669, 2944
quick,750,1000,1,41929, 2960
quick,750,1000,1,53790, 2976
quick,750,1000,1,62457, 2992
quick,750,1000,1,47952, 3008
quick,750,1000,1,41538, 3024
quick,750,1000,1,41135, 3040
quick,750,1000,1,41444, 304
quick,750,1000,1,40806, 3056
quick,750,1000,1,41458, 3072
quick,750,1000,1,41355, 3088
quick,750,1000,1,60977, 3104
quick,750,1000,1,55657, 3120
quick,750,1000,1,43696, 3136
quick,750,1000,1,39440, 3152
quick,750,1000,1,42226, 3168
quick,750,1000,1,38708, 3184
quick,750,1000,1,42460, 3200
quick,750,1000,1,41148, 320
quick,750,1000,1,52760, 3216
quick,750,1000,1,39741, 3232
quick,750,1000,1,39989, 3248
quick,750,1000,1,56233, 3264
quick,750,1000,1,42934, 3280
quick,750,1000,1,43851, 3296
quick,750,1000,1,54534, 32
quick,750,1000,1,42337, 3312
quick,750,1000,1,39803, 3328
quick,750,1000,1,47300, 3344
quick,750,1000,1,42183, 3360
quick,750,1000,1,40115, 336
quick,750,1000,1,39949, 3376
quick,750,1000,1,47802, 3392
quick,750,1000,1,46268, 3408
quick,750,1000,1,40960, 3424
quick,750,1000,1,41046, 3440
quick,750,1000,1,59568, 3456
quick,750,1000,1,73332, 3472
quick,750,1000,1,92725, 3488
quick,750,1000,1,53562, 3504
quick,750,1000,1,42279, 3520
quick,750,1000,1,41410, 352
quick,750,1000,1,53787, 3536
quick,750,1000,1,42603, 3552
quick,750,1000,1,41428, 3568
quick,750,1000,1,56528, 3584
quick,750,1000,1,41976, 3600
quick,750,1000,1,53016, 3616
quick,750,1000,1,64139, 3632
quick,750,1000,1,42881, 3648
quick,750,1000,1,40534, 3664
quick,750,1000,1,39267, 3680
quick,750,1000,1,39744, 368
quick,750,1000,1,41184, 3696
quick,750,1000,1,49271, 3712
quick,750,1000,1,53804, 3728
quick,750,1000,1,39044, 3744
quick,750,1000,1,40483, 3760
quick,750,1000,1,55490, 3776
quick,750,1000,1,40592, 3792
quick,750,1000,1,40094, 3808
quick,750,1000,1,39563, 3824
quick,750,1000,1,42922, 3840
quick,750,1000,1,44068, 384
quick,750,1000,1,42645, 3856
quick,750,1000,1,43092, 3872
quick,750,1000,1,42138, 3888
quick,750,1000,1,41687, 3904
quick,750,1000,1,47820, 3920
quick,750,1000,1,40924, 3936
quick,750,1000,1,40515, 3952
quick,750,1000,1,53919, 3968
quick,750,1000,1,55087, 3984
quick,750,1000,1,41159, 4000
quick,750,1000,1,42867, 400
quick,750,1000,1,43760, 4016
quick,750,1000,1,49679, 4032
quick,750,1000,1,41282, 4048
quick,750,1000,1,42237, 4064
quick,750,1000,1,41917, 4080
quick,750,1000,1,62418, 4096
quick,750,1000,1,43084, 416
quick,750,1000,1,43014, 432
quick,750,1000,1,42858, 448
quick,750,1000,1,39417, 464
quick,750,1000,1,42091, 480
quick,750,1000,1,40753, 48
quick,750,1000,1,49094, 496
quick,750,1000,1,42396, 512
quick,750,1000,1,41726, 528
quick,750,1000,1,40423, 544
quick,750,1000,1,40006, 560
quick,750,1000,1,45654, 576
quick,750,1000,1,52172, 592
quick,750,1000,1,42842, 608
quick,750,1000,1,63825, 624
quick,750,1000,1,40811, 640
quick,750,1000,1,41238, 64
quick,750,1000,1,39590, 656
quick,750,1000,1,53213, 672
quick,750,1000,1,41774, 688
quick,750,1000,1,40767, 704
quick,750,1000,1,41341, 720
quick,750,1000,1,64539, 736
quick,750,1000,1,68716, 752
quick,750,1000,1,50388, 768
quick,750,1000,1,40766, 784
quick,750,1000,1,40338, 800
quick,750,1000,1,41242, 80
quick,750,1000,1,57893, 816
quick,750,1000,1,41491, 832
quick,750,1000,1,40135, 848
quick,750,1000,1,39709, 864
quick,750,1000,1,52700, 880
quick,750,1000,1,39701, 896
quick,750,1000,1,53000, 912
quick,750,1000,1,51992, 928
quick,750,1000,1,41884, 944
quick,750,1000,1,41352, 960
quick,750,1000,1,42016, 96
quick,750,1000,1,41086, 976
quick,750,1000,1,51144, 992
