selection,150,1000,1,16368, 0
selection,150,1000,1,16806, 1008
selection,150,1000,1,16674, 1024
selection,150,1000,1,16287, 1040
selection,150,1000,1,15536, 1056
selection,150,1000,1,16285, 1072
selection,150,1000,1,16439, 1088
selection,150,1000,1,16086, 1104
selection,150,1000,1,16303, 1120
selection,150,1000,1,16275, 112
selection,150,1000,1,20941, 1136
selection,150,1000,1,16394, 1152
selection,150,1000,1,23343, 1168
selection,150,1000,1,16564, 1184
selection,150,1000,1,16538, 1200
selection,150,1000,1,16530, 1216
selection,150,1000,1,16286, 1232
selection,150,1000,1,16557, 1248
selection,150,1000,1,22044, 1264
selection,150,1000,1,15901, 1280
selection,150,1000,1,16317, 128
selection,150,1000,1,16998, 1296
selection,150,1000,1,17211, 1312
selection,150,1000,1,16365, 1328
selection,150,1000,1,26464, 1344
selection,150,1000,1,23269, 1360
selection,150,1000,1,16362, 1376
selection,150,1000,1,15714, 1392
selection,150,1000,1,23280, 1408
selection,150,1000,1,16833, 1424
selection,150,1000,1,23978, 1440
selection,150,1000,1,16518, 144
selection,150,1000,1,16695, 1456
selection,150,1000,1,16443, 1472
selection,150,1000,1,16493, 1488
selection,150,1000,1,15809, 1504
selection,150,1000,1,16404, 1520
selection,150,1000,1,16595, 1536
selection,150,1000,1,15899, 1552
selection,150,1000,1,16264, 1568
selection,150,1000,1,16652, 1584
selection,150,1000,1,16207, 1600
selection,150,1000,1,16025, 160
selection,150,1000,1,16300, 1616
selection,150,1000,1,16218, 1632
selection,150,1000,1,17249, 1648
selection,150,1000,1,16682, 1664
selection,150,1000,1,34787, 1680
selection,150,1000,1,16166, 1696
selection,150,1000,1,24198, 16
selection,150,1000,1,16171, 1712
selection,150,1000,1,15721, 1728
selection,150,1000,1,16105, 1744
selection,150,1000,1,24653, 1760
selection,150,1000,1,16286, 176
selection,150,1000,1,30963, 1776
selection,150,1000,1,20542, 1792
selection,150,1000,1,16697, 1808
selection,150,1000,1,16100, 1824
selection,150,1000,1,32126, 1840
selection,150,1000,1,16383, 1856
selection,150,1000,1,15648, 1872
selection,150,1000,1,16048, 1888
selection,150,1000,1,21092, 1904
selection,150,1000,1,25293, 1920
selection,150,1000,1,24604, 192
selection,150,1000,1,17208, 1936
selection,150,1000,1,16472, 1952
selection,150,1000,1,15950, 1968
selection,150,1000,1,26460, 1984
selection,150,1000,1,23796, 2000
selection,150,1000,1,16186, 2016
selection,150,1000,1,16612, 2032
selection,150,1000,1,22074, 2048
selection,150,1000,1,25845, 2064
selection,150,1000,1,16664, 2080
selection,150,1000,1,22923, 208
selection,150,1000,1,23627, 2096
selection,150,1000,1,17642, 2112
selection,150,1000,1,23215, 2128
selection,150,1000,1,17470, 2144
selection,150,1000,1,16680, 2160
selection,150,1000,1,17107, 2176
selection,150,1000,1,16354, 2192
selection,150,1000,1,16024, 2208
selection,150,1000,1,16058, 2224
selection,150,1000,1,17229, 2240
selection,150,1000,1,24539, 224
selection,150,1000,1,32144, 2256
selection,150,1000,1,22687, 2272
selection,150,1000,1,16111, 2288
selection,150,1000,1,16754, 2304
selection,150,1000,1,26019, 2320
selection,150,1000,1,16479, 2336
selection,150,1000,1,16165, 2352
selection,150,1000,1,16820, 2368
selection,150,1000,1,16490, 2384
selection,150,1000,1,27681, 2400
selection,150,1000,1,17107, 240
selection,150,1000,1,15925, 2416
selection,150,1000,1,24305, 2432
selection,150,1000,1,28083, 2448
selection,150,1000,1,16242, 2464
selection,150,1000,1,23264, 2480
selection,150,1000,1,16679, 2496
selection,150,1000,1,16215, 2512
selection,150,1000,1,22321, 2528
selection,150,1000,1,49696, 2544
selection,150,1000,1,16352, 2560
selection,150,1000,1,24987, 256
selection,150,1000,1,16678, 2576
selection,150,1000,1,16831, 2592
selection,150,1000,1,16647, 2608
selection,150,1000,1,17011, 2624
selection,150,1000,1,17091, 2640
selection,150,1000,1,16850, 2656
selection,150,1000,1,16880, 2672
selection,150,1000,1,16805, 2688
selection,150,1000,1,16771, 2704
selection,150,1000,1,22942, 2720
selection,150,1000,1,16751, 272
selection,150,1000,1,23423, 2736
selection,150,1000,1,22671, 2752
selection,150,1000,1,23626, 2768
selection,150,1000,1,16553, 2784
selection,150,1000,1,17307, 2800
selection,150,1000,1,15965, 2816
selection,150,1000,1,23020, 2832
selection,150,1000,1,23965, 2848
selection,150,1000,1,16412, 2864
selection,150,1000,1,15987, 2880
selection,150,1000,1,24710, 288
selection,150,1000,1,16408, 2896
selection,150,1000,1,23753, 2912
selection,150,1000,1,16683, 2928
selection,150,1000,1,15946, 2944
selection,150,1000,1,21825, 2960
selection,150,1000,1,24570, 2976
selection,150,1000,1,16481, 2992
selection,150,1000,1,25719, 3008
selection,150,1000,1,15956, 3024
selection,150,1000,1,17023, 3040
selection,150,1000,1,16183, 304
selection,150,1000,1,16218, 3056
selection,150,1000,1,16579, 3072
selection,150,1000,1,16491, 3088
selection,150,1000,1,16529, 3104
selection,150,1000,1,17002, 3120
selection,150,1000,1,19628, 3136
selection,150,1000,1,16050, 3152
selection,150,1000,1,16611, 3168
selection,150,1000,1,16076, 3184
selection,150,1000,1,25058, 3200
selection,150,1000,1,16662, 320
selection,150,1000,1,16676, 3216
selection,150,1000,1,23332, 3232
selection,150,1000,1,16085, 3248
selection,150,1000,1,16655, 3264
selection,150,1000,1,16133, 3280
selection,150,1000,1,16099, 3296
selection,150,1000,1,16270, 32
selection,150,1000,1,17450, 3312
selection,150,1000,1,26783, 3328
selection,150,1000,1,16649, 3344
selection,150,1000,1,16745, 3360
selection,150,1000,1,16274, 336
selection,150,1000,1,16685, 3376
selection,150,1000,1,20765, 3392
selection,150,1000,1,16721, 3408
selection,150,1000,1,17224, 3424
selection,150,1000,1,24476, 3440
selection,150,1000,1,16935, 3456
selection,150,1000,1,16664, 3472
selection,150,1000,1,22530, 3488
selection,150,1000,1,16305, 3504
selection,150,1000,1,17019, 3520
selection,150,1000,1,17199, 352
selection,150,1000,1,17225, 3536
selection,150,1000,1,16643, 3552
selection,150,1000,1,16649, 3568
selection,150,1000,1,15726, 3584
selection,150,1000,1,16914, 3600
selection,150,1000,1,15725, 3616
selection,150,1000,1,16994, 3632
selection,150,1000,1,17482, 3648
selection,150,1000,1,16269, 3664
selection,150,1000,1,16276, 3680
selection,150,1000,1,16085, 368
selection,150,1000,1,16673, 3696
selection,150,1000,1,16316, 3712
selection,150,1000,1,16756, 3728
selection,150,1000,1,21275, 3744
selection,150,1000,1,17285, 3760
selection,150,1000,1,25385, 3776
selection,150,1000,1,18904, 3792
selection,150,1000,1,16886, 3808
selection,150,1000,1,27394, 3824
selection,150,1000,1,17261, 3840
selection,150,1000,1,22377, 384
selection,150,1000,1,16367, 3856
selection,150,1000,1,24684, 3872
selection,150,1000,1,16796, 3888
selection,150,1000,1,16612, 3904
selection,150,1000,1,16631, 3920
selection,150,1000,1,26909, 3936
selection,150,1000,1,16963, 3952
selection,150,1000,1,16186, 3968
selection,150,1000,1,16332, 3984
selection,150,1000,1,16616, 4000
selection,150,1000,1,16126, 400
selection,150,1000,1,16671, 4016
selection,150,1000,1,16812, 4032
selection,150,1000,1,16643, 4048
selection,150,1000,1,16462, 4064
selection,150,1000,1,27868, 4080
selection,150,1000,1,16174, 4096
selection,150,1000,1,16050, 416
selection,150,1000,1,16608, 432
selection,150,1000,1,23650, 448
selection,150,1000,1,16119, 464
selection,150,1000,1,16409, 480
selection,150,1000,1,17080, 48
selection,150,1000,1,16281, 496
selection,150,1000,1,16289, 512
selection,150,1000,1,17302, 528
selection,150,1000,1,16927, 544
selection,150,1000,1,16703, 560
selection,150,1000,1,16591, 576
selection,150,1000,1,16260, 592
selection,150,1000,1,16312, 608
selection,150,1000,1,15860, 624
selection,150,1000,1,16125, 640
selection,150,1000,1,18705, 64
selection,150,1000,1,16477, 656
selection,150,1000,1,15954, 672
selection,150,1000,1,21699, 688
selection,150,1000,1,16325, 704
selection,150,1000,1,21463, 720
selection,150,1000,1,16151, 736
selection,150,1000,1,15972, 752
selection,150,1000,1,25599, 768
selection,150,1000,1,15960, 784
selection,150,1000,1,16370, 800
selection,150,1000,1,16962, 80
selection,150,1000,1,16453, 816
selection,150,1000,1,27391, 832
selection,150,1000,1,16608, 848
selection,150,1000,1,16387, 864
selection,150,1000,1,16840, 880
selection,150,1000,1,40893, 896
selection,150,1000,1,16969, 912
selection,150,1000,1,16792, 928
selection,150,1000,1,16427, 944
selection,150,1000,1,16407, 960
selection,150,1000,1,16424, 96
selection,150,1000,1,20070, 976
selection,150,1000,1,16504, 992
selection,250,1000,1,58564, 0
selection,250,1000,1,37853, 1008
selection,250,1000,1,37972, 1024
selection,250,1000,1,38253, 1040
selection,250,1000,1,38832, 1056
selection,250,1000,1,58501, 1072
selection,250,1000,1,50353, 1088
selection,250,1000,1,39551, 1104
selection,250,1000,1,39516, 1120
selection,250,1000,1,40370, 112
selection,250,1000,1,66841, 1136
selection,250,1000,1,41216, 1152
selection,250,1000,1,38475, 1168
selection,250,1000,1,38653, 1184
selection,250,1000,1,40350, 1200
selection,250,1000,1,38957, 1216
selection,250,1000,1,39725, 1232
selection,250,1000,1,39389, 1248
selection,250,1000,1,42742, 1264
selection,250,1000,1,39519, 1280
selection,250,1000,1,60060, 128
selection,250,1000,1,38249, 1296
selection,250,1000,1,39765, 1312
selection,250,1000,1,39711, 1328
selection,250,1000,1,38464, 1344
selection,250,1000,1,61296, 1360
selection,250,1000,1,42099, 1376
selection,250,1000,1,53130, 1392
selection,250,1000,1,53896, 1408
selection,250,1000,1,40179, 1424
selection,250,1000,1,54071, 1440
selection,250,1000,1,50881, 144
selection,250,1000,1,37997, 1456
selection,250,1000,1,38835, 1472
selection,250,1000,1,41046, 1488
selection,250,1000,1,58911, 1504
selection,250,1000,1,38194, 1520
selection,250,1000,1,38311, 1536
selection,250,1000,1,38099, 1552
selection,250,1000,1,39222, 1568
selection,250,1000,1,39434, 1584
selection,250,1000,1,51749, 1600
selection,250,1000,1,40009, 160
selection,250,1000,1,38354, 1616
selection,250,1000,1,40111, 1632
selection,250,1000,1,38375, 1648
selection,250,1000,1,60344, 1664
selection,250,1000,1,38735, 1680
selection,250,1000,1,60846, 1696
selection,250,1000,1,39327, 16
selection,250,1000,1,41000, 1712
selection,250,1000,1,66031, 1728
selection,250,1000,1,55274, 1744
selection,250,1000,1,50555, 1760
selection,250,1000,1,67015, 176
selection,250,1000,1,57544, 1776
selection,250,1000,1,47243, 1792
selection,250,1000,1,38968, 1808
selection,250,1000,1,39813, 1824
selection,250,1000,1,41617, 1840
selection,250,1000,1,38529, 1856
selection,250,1000,1,93252, 1872
selection,250,1000,1,40245, 1888
selection,250,1000,1,44263, 1904
selection,250,1000,1,38515, 1920
selection,250,1000,1,40141, 192
selection,250,1000,1,39956, 1936
selection,250,1000,1,38640, 1952
selection,250,1000,1,56680, 1968
selection,250,1000,1,38964, 1984
selection,250,1000,1,38188, 2000
selection,250,1000,1,41025, 2016
selection,250,1000,1,39592, 2032
selection,250,1000,1,42158, 2048
selection,250,1000,1,57939, 2064
selection,250,1000,1,41895, 2080
selection,250,1000,1,40116, 208
selection,250,1000,1,42207, 2096
selection,250,1000,1,39496, 2112
selection,250,1000,1,38517, 2128
selection,250,1000,1,41398, 2144
selection,250,1000,1,40210, 2160
selection,250,1000,1,40313, 2176
selection,250,1000,1,39551, 2192
selection,250,1000,1,39410, 2208
selection,250,1000,1,43832, 2224
selection,250,1000,1,50934, 2240
selection,250,1000,1,40295, 224
selection,250,1000,1,38913, 2256
selection,250,1000,1,39398, 2272
selection,250,1000,1,39293, 2288
selection,250,1000,1,38989, 2304
selection,250,1000,1,38213, 2320
selection,250,1000,1,49611, 2336
selection,250,1000,1,40059, 2352
selection,250,1000,1,41474, 2368
selection,250,1000,1,63532, 2384
selection,250,1000,1,39520, 2400
selection,250,1000,1,54974, 240
selection,250,1000,1,41155, 2416
selection,250,1000,1,39675, 2432
selection,250,1000,1,53002, 2448
selection,250,1000,1,58658, 2464
selection,250,1000,1,40049, 2480
selection,250,1000,1,58074, 2496
selection,250,1000,1,40414, 2512
selection,250,1000,1,61333, 2528
selection,250,1000,1,40323, 2544
selection,250,1000,1,40545, 2560
selection,250,1000,1,70186, 256
selection,250,1000,1,38447, 2576
selection,250,1000,1,39378, 2592
selection,250,1000,1,39629, 2608
selection,250,1000,1,75100, 2624
selection,250,1000,1,40177, 2640
selection,250,1000,1,40231, 2656
selection,250,1000,1,46873, 2672
selection,250,1000,1,38441, 2688
selection,250,1000,1,42555, 2704
selection,250,1000,1,39682, 2720
selection,250,1000,1,41956, 272
selection,250,1000,1,49014, 2736
selection,250,1000,1,39194, 2752
selection,250,1000,1,39935, 2768
selection,250,1000,1,87521, 2784
selection,250,1000,1,40082, 2800
selection,250,1000,1,72040, 2816
selection,250,1000,1,38193, 2832
selection,250,1000,1,39828, 2848
selection,250,1000,1,39818, 2864
selection,250,1000,1,40427, 2880
selection,250,1000,1,64172, 288
selection,250,1000,1,39740, 2896
selection,250,1000,1,39805, 2912
selection,250,1000,1,38818, 2928
selection,250,1000,1,38845, 2944
selection,250,1000,1,53400, 2960
selection,250,1000,1,39451, 2976
selection,250,1000,1,39531, 2992
selection,250,1000,1,64882, 3008
selection,250,1000,1,40220, 3024
selection,250,1000,1,40508, 3040
selection,250,1000,1,44158, 304
selection,250,1000,1,41464, 3056
selection,250,1000,1,40358, 3072
selection,250,1000,1,38870, 3088
selection,250,1000,1,61808, 3104
selection,250,1000,1,60592, 3120
selection,250,1000,1,40184, 3136
selection,250,1000,1,58773, 3152
selection,250,1000,1,41012, 3168
selection,250,1000,1,62321, 3184
selection,250,1000,1,38645, 3200
selection,250,1000,1,41635, 320
selection,250,1000,1,38358, 3216
selection,250,1000,1,39854, 3232
selection,250,1000,1,69699, 3248
selection,250,1000,1,39417, 3264
selection,250,1000,1,38467, 3280
selection,250,1000,1,39902, 3296
selection,250,1000,1,41364, 32
selection,250,1000,1,41052, 3312
selection,250,1000,1,59888, 3328
selection,250,1000,1,40125, 3344
selection,250,1000,1,39278, 3360
selection,250,1000,1,40444, 336
selection,250,1000,1,70396, 3376
selection,250,1000,1,76679, 3392
selection,250,1000,1,40027, 3408
selection,250,1000,1,41079, 3424
selection,250,1000,1,38335, 3440
selection,250,1000,1,61634, 3456
selection,250,1000,1,39976, 3472
selection,250,1000,1,38443, 3488
selection,250,1000,1,38865, 3504
selection,250,1000,1,40197, 3520
selection,250,1000,1,41591, 352
selection,250,1000,1,41246, 3536
selection,250,1000,1,39802, 3552
selection,250,1000,1,63474, 3568
selection,250,1000,1,41555, 3584
selection,250,1000,1,39721, 3600
selection,250,1000,1,39674, 3616
selection,250,1000,1,38402, 3632
selection,250,1000,1,40281, 3648
selection,250,1000,1,41433, 3664
selection,250,1000,1,40109, 3680
selection,250,1000,1,52454, 368
selection,250,1000,1,61503, 3696
selection,250,1000,1,45096, 3712
selection,250,1000,1,39560, 3728
selection,250,1000,1,38215, 3744
selection,250,1000,1,39322, 3760
selection,250,1000,1,59918, 3776
selection,250,1000,1,38081, 3792
selection,250,1000,1,43990, 3808
selection,250,1000,1,40543, 3824
selection,250,1000,1,39334, 3840
selection,250,1000,1,40184, 384
selection,250,1000,1,40578, 3856
selection,250,1000,1,38656, 3872
selection,250,1000,1,65190, 3888
selection,250,1000,1,39257, 3904
selection,250,1000,1,40407, 3920
selection,250,1000,1,65188, 3936
selection,250,1000,1,39846, 3952
selection,250,1000,1,41183, 3968
selection,250,1000,1,45227, 3984
selection,250,1000,1,39466, 4000
selection,250,1000,1,41910, 400
selection,250,1000,1,48518, 4016
selection,250,1000,1,39343, 4032
selection,250,1000,1,58103, 4048
selection,250,1000,1,38082, 4064
selection,250,1000,1,39213, 4080
selection,250,1000,1,39831, 4096
selection,250,1000,1,39724, 416
selection,250,1000,1,52096, 432
selection,250,1000,1,39842, 448
selection,250,1000,1,41272, 464
selection,250,1000,1,56902, 480
selection,250,1000,1,40956, 48
selection,250,1000,1,39386, 496
selection,250,1000,1,57200, 512
selection,250,1000,1,41570, 528
selection,250,1000,1,39807, 544
selection,250,1000,1,53506, 560
selection,250,1000,1,39676, 576
selection,250,1000,1,38428, 592
selection,250,1000,1,52484, 608
selection,250,1000,1,41077, 624
selection,250,1000,1,38686, 640
selection,250,1000,1,40439, 64
selection,250,1000,1,61469, 656
selection,250,1000,1,46338, 672
selection,250,1000,1,38134, 688
selection,250,1000,1,39541, 704
selection,250,1000,1,39739, 720
selection,250,1000,1,39531, 736
selection,250,1000,1,39855, 752
selection,250,1000,1,39504, 768
selection,250,1000,1,39839, 784
selection,250,1000,1,39883, 800
selection,250,1000,1,40846, 80
selection,250,1000,1,39766, 816
selection,250,1000,1,59336, 832
selection,250,1000,1,39553, 848
selection,250,1000,1,37953, 864
selection,250,1000,1,70692, 880
selection,250,1000,1,39866, 896
selection,250,1000,1,45105, 912
selection,250,1000,1,38239, 928
selection,250,1000,1,38631, 944
selection,250,1000,1,40018, 960
selection,250,1000,1,40377, 96
selection,250,1000,1,62378, 976
selection,250,1000,1,39114, 992
selection,350,1000,1,73532, 0
selection,350,1000,1,70793, 1008
selection,350,1000,1,108380, 1024
selection,350,1000,1,108679, 1040
selection,350,1000,1,90276, 1056
selection,350,1000,1,73350, 1072
selection,350,1000,1,76025, 1088
selection,350,1000,1,73910, 1104
selection,350,1000,1,73654, 1120
selection,350,1000,1,70774, 112
selection,350,1000,1,75841, 1136
selection,350,1000,1,70654, 1152
selection,350,1000,1,102245, 1168
selection,350,1000,1,73028, 1184
selection,350,1000,1,73032, 1200
selection,350,1000,1,73491, 1216
selection,350,1000,1,71428, 1232
selection,350,1000,1,73739, 1248
selection,350,1000,1,70979, 1264
selection,350,1000,1,73484, 1280
selection,350,1000,1,107515, 128
selection,350,1000,1,70748, 1296
selection,350,1000,1,73078, 1312
selection,350,1000,1,70988, 1328
selection,350,1000,1,107895, 1344
selection,350,1000,1,124274, 1360
selection,350,1000,1,112702, 1376
selection,350,1000,1,73105, 1392
selection,350,1000,1,101643, 1408
selection,350,1000,1,73145, 1424
selection,350,1000,1,72901, 1440
selection,350,1000,1,73812, 144
selection,350,1000,1,73148, 1456
selection,350,1000,1,73399, 1472
selection,350,1000,1,94923, 1488
selection,350,1000,1,70304, 1504
selection,350,1000,1,76291, 1520
selection,350,1000,1,113596, 1536
selection,350,1000,1,88130, 1552
selection,350,1000,1,76923, 1568
selection,350,1000,1,70553, 1584
selection,350,1000,1,94673, 1600
selection,350,1000,1,91235, 160
selection,350,1000,1,111724, 1616
selection,350,1000,1,71087, 1632
selection,350,1000,1,77076, 1648
selection,350,1000,1,107275, 1664
selection,350,1000,1,76245, 1680
selection,350,1000,1,84272, 1696
selection,350,1000,1,107265, 16
selection,350,1000,1,70967, 1712
selection,350,1000,1,104541, 1728
selection,350,1000,1,73327, 1744
selection,350,1000,1,70543, 1760
selection,350,1000,1,73503, 176
selection,350,1000,1,84289, 1776
selection,350,1000,1,78065, 1792
selection,350,1000,1,98937, 1808
selection,350,1000,1,75628, 1824
selection,350,1000,1,109468, 1840
selection,350,1000,1,75195, 1856
selection,350,1000,1,147159, 1872
selection,350,1000,1,70599, 1888
selection,350,1000,1,120269, 1904
selection,350,1000,1,109088, 1920
selection,350,1000,1,99469, 192
selection,350,1000,1,73218, 1936
selection,350,1000,1,121941, 1952
selection,350,1000,1,70655, 1968
selection,350,1000,1,93787, 1984
selection,350,1000,1,113309, 2000
selection,350,1000,1,73409, 2016
selection,350,1000,1,108110, 2032
selection,350,1000,1,115939, 2048
selection,350,1000,1,73380, 2064
selection,350,1000,1,86557, 2080
selection,350,1000,1,91735, 208
selection,350,1000,1,73045, 2096
selection,350,1000,1,84944, 2112
selection,350,1000,1,109802, 2128
selection,350,1000,1,84267, 2144
selection,350,1000,1,94164, 2160
selection,350,1000,1,92646, 2176
selection,350,1000,1,108400, 2192
selection,350,1000,1,72818, 2208
selection,350,1000,1,114473, 2224
selection,350,1000,1,72995, 2240
selection,350,1000,1,74693, 224
selection,350,1000,1,70516, 2256
selection,350,1000,1,70363, 2272
selection,350,1000,1,72675, 2288
selection,350,1000,1,85727, 2304
selection,350,1000,1,71038, 2320
selection,350,1000,1,70891, 2336
selection,350,1000,1,72418, 2352
selection,350,1000,1,72337, 2368
selection,350,1000,1,72205, 2384
selection,350,1000,1,70937, 2400
selection,350,1000,1,75978, 240
selection,350,1000,1,98543, 2416
selection,350,1000,1,70230, 2432
selection,350,1000,1,73971, 2448
selection,350,1000,1,70551, 2464
selection,350,1000,1,78767, 2480
selection,350,1000,1,72314, 2496
selection,350,1000,1,97949, 2512
selection,350,1000,1,84939, 2528
selection,350,1000,1,150151, 2544
selection,350,1000,1,70639, 2560
selection,350,1000,1,73515, 256
selection,350,1000,1,70523, 2576
selection,350,1000,1,72660, 2592
selection,350,1000,1,80567, 2608
selection,350,1000,1,128982, 2624
selection,350,1000,1,72976, 2640
selection,350,1000,1,73083, 2656
selection,350,1000,1,72535, 2672
selection,350,1000,1,72883, 2688
selection,350,1000,1,72782, 2704
selection,350,1000,1,75517, 2720
selection,350,1000,1,73314, 272
selection,350,1000,1,77629, 2736
selection,350,1000,1,123255, 2752
selection,350,1000,1,73128, 2768
selection,350,1000,1,103952, 2784
selection,350,1000,1,75661, 2800
selection,350,1000,1,80991, 2816
selection,350,1000,1,70337, 2832
selection,350,1000,1,75229, 2848
selection,350,1000,1,133085, 2864
selection,350,1000,1,87829, 2880
selection,350,1000,1,73317, 288
selection,350,1000,1,71418, 2896
selection,350,1000,1,70908, 2912
selection,350,1000,1,109122, 2928
selection,350,1000,1,128862, 2944
selection,350,1000,1,69553, 2960
selection,350,1000,1,72553, 2976
selection,350,1000,1,117944, 2992
selection,350,1000,1,83857, 3008
selection,350,1000,1,72950, 3024
selection,350,1000,1,73615, 3040
selection,350,1000,1,72613, 304
selection,350,1000,1,72555, 3056
selection,350,1000,1,70676, 3072
selection,350,1000,1,112239, 3088
selection,350,1000,1,72859, 3104
selection,350,1000,1,110276, 3120
selection,350,1000,1,72520, 3136
selection,350,1000,1,120664, 3152
selection,350,1000,1,82335, 3168
selection,350,1000,1,80812, 3184
selection,350,1000,1,84618, 3200
selection,350,1000,1,122831, 320
selection,350,1000,1,109354, 3216
selection,350,1000,1,133135, 3232
selection,350,1000,1,74914, 3248
selection,350,1000,1,73313, 3264
selection,350,1000,1,124480, 3280
selection,350,1000,1,72031, 3296
selection,350,1000,1,76282, 32
selection,350,1000,1,72165, 3312
selection,350,1000,1,69892, 3328
selection,350,1000,1,72232, 3344
selection,350,1000,1,70511, 3360
selection,350,1000,1,72938, 336
selection,350,1000,1,72876, 3376
selection,350,1000,1,72047, 3392
selection,350,1000,1,87408, 3408
selection,350,1000,1,72404, 3424
selection,350,1000,1,110134, 3440
selection,350,1000,1,72371, 3456
selection,350,1000,1,72937, 3472
selection,350,1000,1,72865, 3488
selection,350,1000,1,70384, 3504
selection,350,1000,1,72473, 3520
selection,350,1000,1,86490, 352
selection,350,1000,1,73306, 3536
selection,350,1000,1,82315, 3552
selection,350,1000,1,72642, 3568
selection,350,1000,1,75864, 3584
selection,350,1000,1,73401, 3600
selection,350,1000,1,99179, 3616
selection,350,1000,1,91464, 3632
selection,350,1000,1,73062, 3648
selection,350,1000,1,72842, 3664
selection,350,1000,1,72996, 3680
selection,350,1000,1,71214, 368
selection,350,1000,1,70800, 3696
selection,350,1000,1,72888, 3712
selection,350,1000,1,70674, 3728
selection,350,1000,1,111356, 3744
selection,350,1000,1,75740, 3760
selection,350,1000,1,78470, 3776
selection,350,1000,1,76068, 3792
selection,350,1000,1,73532, 3808
selection,350,1000,1,72850, 3824
selection,350,1000,1,73038, 3840
selection,350,1000,1,71121, 384
selection,350,1000,1,71520, 3856
selection,350,1000,1,73513, 3872
selection,350,1000,1,71187, 3888
selection,350,1000,1,76217, 3904
selection,350,1000,1,73977, 3920
selection,350,1000,1,75266, 3936
selection,350,1000,1,75946, 3952
selection,350,1000,1,72853, 3968
selection,350,1000,1,96399, 3984
selection,350,1000,1,73361, 4000
selection,350,1000,1,89863, 400
selection,350,1000,1,72817, 4016
selection,350,1000,1,74412, 4032
selection,350,1000,1,76274, 4048
selection,350,1000,1,75630, 4064
selection,350,1000,1,71326, 4080
selection,350,1000,1,72867, 4096
selection,350,1000,1,100919, 416
selection,350,1000,1,73199, 432
selection,350,1000,1,70216, 448
selection,350,1000,1,76131, 464
selection,350,1000,1,119418, 480
selection,350,1000,1,81919, 48
selection,350,1000,1,70482, 496
selection,350,1000,1,80250, 512
selection,350,1000,1,107126, 528
selection,350,1000,1,86624, 544
selection,350,1000,1,73624, 560
selection,350,1000,1,73179, 576
selection,350,1000,1,72980, 592
selection,350,1000,1,103259, 608
selection,350,1000,1,107465, 624
selection,350,1000,1,72793, 640
selection,350,1000,1,70700, 64
selection,350,1000,1,99901, 656
selection,350,1000,1,70566, 672
selection,350,1000,1,73029, 688
selection,350,1000,1,73135, 704
selection,350,1000,1,70815, 720
selection,350,1000,1,73274, 736
selection,350,1000,1,70542, 752
selection,350,1000,1,88262, 768
selection,350,1000,1,70393, 784
selection,350,1000,1,73253, 800
selection,350,1000,1,74244, 80
selection,350,1000,1,70632, 816
selection,350,1000,1,70330, 832
selection,350,1000,1,90872, 848
selection,350,1000,1,73272, 864
selection,350,1000,1,80018, 880
selection,350,1000,1,87556, 896
selection,350,1000,1,72946, 912
selection,350,1000,1,72753, 928
selection,350,1000,1,86599, 944
selection,350,1000,1,104866, 960
selection,350,1000,1,73529, 96
selection,350,1000,1,70425, 976
selection,350,1000,1,73504, 992
selection,450,1000,1,116206, 0
selection,450,1000,1,173380, 1008
selection,450,1000,1,112796, 1024
selection,450,1000,1,126312, 1040
selection,450,1000,1,116485, 1056
selection,450,1000,1,116634, 1072
selection,450,1000,1,116165, 1088
selection,450,1000,1,116474, 1104
selection,450,1000,1,131473, 1120
selection,450,1000,1,119778, 112
selection,450,1000,1,141804, 1136
selection,450,1000,1,116151, 1152
selection,450,1000,1,133081, 1168
selection,450,1000,1,130510, 1184
selection,450,1000,1,150628, 1200
selection,450,1000,1,116245, 1216
selection,450,1000,1,206302, 1232
selection,450,1000,1,136316, 1248
selection,450,1000,1,137949, 1264
selection,450,1000,1,128682, 1280
selection,450,1000,1,131861, 128
selection,450,1000,1,154449, 1296
selection,450,1000,1,134302, 1312
selection,450,1000,1,120558, 1328
selection,450,1000,1,116509, 1344
selection,450,1000,1,118177, 1360
selection,450,1000,1,170995, 1376
selection,450,1000,1,121993, 1392
selection,450,1000,1,168223, 1408
selection,450,1000,1,117115, 1424
selection,450,1000,1,121654, 1440
selection,450,1000,1,116986, 144
selection,450,1000,1,144622, 1456
selection,450,1000,1,114414, 1472
selection,450,1000,1,161050, 1488
selection,450,1000,1,120913, 1504
selection,450,1000,1,120564, 1520
selection,450,1000,1,180348, 1536
selection,450,1000,1,139173, 1552
selection,450,1000,1,181386, 1568
selection,450,1000,1,132710, 1584
selection,450,1000,1,136185, 1600
selection,450,1000,1,148595, 160
selection,450,1000,1,155809, 1616
selection,450,1000,1,199159, 1632
selection,450,1000,1,174271, 1648
selection,450,1000,1,113625, 1664
selection,450,1000,1,120672, 1680
selection,450,1000,1,112436, 1696
selection,450,1000,1,133001, 16
selection,450,1000,1,116480, 1712
selection,450,1000,1,111327, 1728
selection,450,1000,1,114971, 1744
selection,450,1000,1,140453, 1760
selection,450,1000,1,122372, 176
selection,450,1000,1,116289, 1776
selection,450,1000,1,120327, 1792
selection,450,1000,1,124698, 1808
selection,450,1000,1,115926, 1824
selection,450,1000,1,115912, 1840
selection,450,1000,1,112284, 1856
selection,450,1000,1,131191, 1872
selection,450,1000,1,121397, 1888
selection,450,1000,1,112185, 1904
selection,450,1000,1,161620, 1920
selection,450,1000,1,116764, 192
selection,450,1000,1,122323, 1936
selection,450,1000,1,112802, 1952
selection,450,1000,1,120016, 1968
selection,450,1000,1,174172, 1984
selection,450,1000,1,116132, 2000
selection,450,1000,1,116828, 2016
selection,450,1000,1,117146, 2032
selection,450,1000,1,158025, 2048
selection,450,1000,1,149595, 2064
selection,450,1000,1,113542, 2080
selection,450,1000,1,116452, 208
selection,450,1000,1,116723, 2096
selection,450,1000,1,117030, 2112
selection,450,1000,1,116911, 2128
selection,450,1000,1,112128, 2144
selection,450,1000,1,117742, 2160
selection,450,1000,1,137002, 2176
selection,450,1000,1,126888, 2192
selection,450,1000,1,112333, 2208
selection,450,1000,1,117402, 2224
selection,450,1000,1,185728, 2240
selection,450,1000,1,126699, 224
selection,450,1000,1,184209, 2256
selection,450,1000,1,113206, 2272
selection,450,1000,1,119516, 2288
selection,450,1000,1,115921, 2304
selection,450,1000,1,218148, 2320
selection,450,1000,1,116626, 2336
selection,450,1000,1,116341, 2352
selection,450,1000,1,129191, 2368
selection,450,1000,1,112678, 2384
selection,450,1000,1,174221, 2400
selection,450,1000,1,112900, 240
selection,450,1000,1,116396, 2416
selection,450,1000,1,116341, 2432
selection,450,1000,1,116427, 2448
selection,450,1000,1,120248, 2464
selection,450,1000,1,137210, 2480
selection,450,1000,1,121172, 2496
selection,450,1000,1,162158, 2512
selection,450,1000,1,140249, 2528
selection,450,1000,1,127138, 2544
selection,450,1000,1,125505, 2560
selection,450,1000,1,123271, 256
selection,450,1000,1,116422, 2576
selection,450,1000,1,116447, 2592
selection,450,1000,1,230342, 2608
selection,450,1000,1,112997, 2624
selection,450,1000,1,137026, 2640
selection,450,1000,1,120941, 2656
selection,450,1000,1,112599, 2672
selection,450,1000,1,151804, 2688
selection,450,1000,1,112819, 2704
selection,450,1000,1,112857, 2720
selection,450,1000,1,146475, 272
selection,450,1000,1,154922, 2736
selection,450,1000,1,196464, 2752
selection,450,1000,1,116340, 2768
selection,450,1000,1,112829, 2784
selection,450,1000,1,132305, 2800
selection,450,1000,1,123402, 2816
selection,450,1000,1,112369, 2832
selection,450,1000,1,116132, 2848
selection,450,1000,1,116439, 2864
selection,450,1000,1,120659, 2880
selection,450,1000,1,116754, 288
selection,450,1000,1,120367, 2896
selection,450,1000,1,120564, 2912
selection,450,1000,1,112674, 2928
selection,450,1000,1,178302, 2944
selection,450,1000,1,127013, 2960
selection,450,1000,1,112830, 2976
selection,450,1000,1,180134, 2992
selection,450,1000,1,189096, 3008
selection,450,1000,1,172532, 3024
selection,450,1000,1,116169, 3040
selection,450,1000,1,115732, 304
selection,450,1000,1,206603, 3056
selection,450,1000,1,120062, 3072
selection,450,1000,1,119785, 3088
selection,450,1000,1,129772, 3104
selection,450,1000,1,178110, 3120
selection,450,1000,1,116724, 3136
selection,450,1000,1,116413, 3152
selection,450,1000,1,112472, 3168
selection,450,1000,1,116300, 3184
selection,450,1000,1,194936, 3200
selection,450,1000,1,145461, 320
selection,450,1000,1,211625, 3216
selection,450,1000,1,116143, 3232
selection,450,1000,1,111616, 3248
selection,450,1000,1,127481, 3264
selection,450,1000,1,196964, 3280
selection,450,1000,1,190404, 3296
selection,450,1000,1,128579, 32
selection,450,1000,1,187601, 3312
selection,450,1000,1,115963, 3328
selection,450,1000,1,115669, 3344
selection,450,1000,1,143659, 3360
selection,450,1000,1,123696, 336
selection,450,1000,1,112289, 3376
selection,450,1000,1,112105, 3392
selection,450,1000,1,115613, 3408
selection,450,1000,1,199708, 3424
selection,450,1000,1,165642, 3440
selection,450,1000,1,177985, 3456
selection,450,1000,1,178144, 3472
selection,450,1000,1,112953, 3488
selection,450,1000,1,125958, 3504
selection,450,1000,1,136141, 3520
selection,450,1000,1,117034, 352
selection,450,1000,1,172937, 3536
selection,450,1000,1,142574, 3552
selection,450,1000,1,119888, 3568
selection,450,1000,1,126906, 3584
selection,450,1000,1,112252, 3600
selection,450,1000,1,112787, 3616
selection,450,1000,1,120546, 3632
selection,450,1000,1,191702, 3648
selection,450,1000,1,117309, 3664
selection,450,1000,1,148496, 3680
selection,450,1000,1,139771, 368
selection,450,1000,1,119073, 3696
selection,450,1000,1,125874, 3712
selection,450,1000,1,132440, 3728
selection,450,1000,1,117242, 3744
selection,450,1000,1,124599, 3760
selection,450,1000,1,188748, 3776
selection,450,1000,1,116229, 3792
selection,450,1000,1,116568, 3808
selection,450,1000,1,123599, 3824
selection,450,1000,1,133244, 3840
selection,450,1000,1,157827, 384
selection,450,1000,1,128413, 3856
selection,450,1000,1,185006, 3872
selection,450,1000,1,112436, 3888
selection,450,1000,1,210216, 3904
selection,450,1000,1,112801, 3920
selection,450,1000,1,112893, 3936
selection,450,1000,1,133796, 3952
selection,450,1000,1,112683, 3968
selection,450,1000,1,112444, 3984
selection,450,1000,1,112541, 4000
selection,450,1000,1,116063, 400
selection,450,1000,1,153219, 4016
selection,450,1000,1,112883, 4032
selection,450,1000,1,116603, 4048
selection,450,1000,1,128553, 4064
selection,450,1000,1,195331, 4080
selection,450,1000,1,116842, 4096
selection,450,1000,1,122932, 416
selection,450,1000,1,116765, 432
selection,450,1000,1,151109, 448
selection,450,1000,1,112937, 464
selection,450,1000,1,129909, 480
selection,450,1000,1,121447, 48
selection,450,1000,1,139799, 496
selection,450,1000,1,116531, 512
selection,450,1000,1,116656, 528
selection,450,1000,1,160447, 544
selection,450,1000,1,176012, 560
selection,450,1000,1,137702, 576
selection,450,1000,1,119567, 592
selection,450,1000,1,116361, 608
selection,450,1000,1,115984, 624
selection,450,1000,1,111825, 640
selection,450,1000,1,116155, 64
selection,450,1000,1,115972, 656
selection,450,1000,1,118551, 672
selection,450,1000,1,112088, 688
selection,450,1000,1,115862, 704
selection,450,1000,1,112065, 720
selection,450,1000,1,112596, 736
selection,450,1000,1,116169, 752
selection,450,1000,1,203258, 768
selection,450,1000,1,116132, 784
selection,450,1000,1,119614, 800
selection,450,1000,1,116498, 80
selection,450,1000,1,115692, 816
selection,450,1000,1,112721, 832
selection,450,1000,1,121405, 848
selection,450,1000,1,128811, 864
selection,450,1000,1,148222, 880
selection,450,1000,1,112225, 896
selection,450,1000,1,116311, 912
selection,450,1000,1,132960, 928
selection,450,1000,1,112942, 944
selection,450,1000,1,113267, 960
selection,450,1000,1,118994, 96
selection,450,1000,1,112684, 976
selection,450,1000,1,131168, 992
selection,50,1000,1,3450, 0
selection,50,1000,1,3125, 1008
selection,50,1000,1,3303, 1024
selection,50,1000,1,3262, 1040
selection,50,1000,1,3272, 1056
selection,50,1000,1,3356, 1072
selection,50,1000,1,4892, 1088
selection,50,1000,1,4667, 1104
selection,50,1000,1,4675, 1120
selection,50,1000,1,3246, 112
selection,50,1000,1,3328, 1136
selection,50,1000,1,3549, 1152
selection,50,1000,1,3492, 1168
selection,50,1000,1,3366, 1184
selection,50,1000,1,3466, 1200
selection,50,1000,1,3247, 1216
selection,50,1000,1,3373, 1232
selection,50,1000,1,3426, 1248
selection,50,1000,1,3303, 1264
selection,50,1000,1,3237, 1280
selection,50,1000,1,3145, 128
selection,50,1000,1,17130, 1296
selection,50,1000,1,3439, 1312
selection,50,1000,1,3515, 1328
selection,50,1000,1,3370, 1344
selection,50,1000,1,3372, 1360
selection,50,1000,1,3596, 1376
selection,50,1000,1,3298, 1392
selection,50,1000,1,3466, 1408
selection,50,1000,1,3400, 1424
selection,50,1000,1,3335, 1440
selection,50,1000,1,3180, 144
selection,50,1000,1,3339, 1456
selection,50,1000,1,3110, 1472
selection,50,1000,1,3230, 1488
selection,50,1000,1,3314, 1504
selection,50,1000,1,4513, 1520
selection,50,1000,1,3292, 1536
selection,50,1000,1,3360, 1552
selection,50,1000,1,4418, 1568
selection,50,1000,1,3317, 1584
selection,50,1000,1,3503, 1600
selection,50,1000,1,3355, 160
selection,50,1000,1,3386, 1616
selection,50,1000,1,3270, 1632
selection,50,1000,1,3191, 1648
selection,50,1000,1,3313, 1664
selection,50,1000,1,3247, 1680
selection,50,1000,1,3190, 1696
selection,50,1000,1,4650, 16
selection,50,1000,1,4311, 1712
selection,50,1000,1,3219, 1728
selection,50,1000,1,4378, 1744
selection,50,1000,1,5025, 1760
selection,50,1000,1,3309, 176
selection,50,1000,1,3347, 1776
selection,50,1000,1,3193, 1792
selection,50,1000,1,3332, 1808
selection,50,1000,1,4323, 1824
selection,50,1000,1,3544, 1840
selection,50,1000,1,3101, 1856
selection,50,1000,1,3336, 1872
selection,50,1000,1,3145, 1888
selection,50,1000,1,3280, 1904
selection,50,1000,1,3375, 1920
selection,50,1000,1,3270, 192
selection,50,1000,1,3220, 1936
selection,50,1000,1,13192, 1952
selection,50,1000,1,3172, 1968
selection,50,1000,1,3368, 1984
selection,50,1000,1,3427, 2000
selection,50,1000,1,3362, 2016
selection,50,1000,1,3448, 2032
selection,50,1000,1,3372, 2048
selection,50,1000,1,3263, 2064
selection,50,1000,1,3492, 2080
selection,50,1000,1,3320, 208
selection,50,1000,1,3552, 2096
selection,50,1000,1,3576, 2112
selection,50,1000,1,3519, 2128
selection,50,1000,1,3016, 2144
selection,50,1000,1,4288, 2160
selection,50,1000,1,3381, 2176
selection,50,1000,1,3236, 2192
selection,50,1000,1,4316, 2208
selection,50,1000,1,3382, 2224
selection,50,1000,1,3393, 2240
selection,50,1000,1,3346, 224
selection,50,1000,1,3366, 2256
selection,50,1000,1,4925, 2272
selection,50,1000,1,3510, 2288
selection,50,1000,1,3258, 2304
selection,50,1000,1,3427, 2320
selection,50,1000,1,3362, 2336
selection,50,1000,1,3505, 2352
selection,50,1000,1,3582, 2368
selection,50,1000,1,3152, 2384
selection,50,1000,1,3524, 2400
selection,50,1000,1,3150, 240
selection,50,1000,1,3517, 2416
selection,50,1000,1,3451, 2432
selection,50,1000,1,4543, 2448
selection,50,1000,1,25684, 2464
selection,50,1000,1,3222, 2480
selection,50,1000,1,4576, 2496
selection,50,1000,1,3423, 2512
selection,50,1000,1,3313, 2528
selection,50,1000,1,3311, 2544
selection,50,1000,1,4555, 2560
selection,50,1000,1,3385, 256
selection,50,1000,1,3288, 2576
selection,50,1000,1,3214, 2592
selection,50,1000,1,3125, 2608
selection,50,1000,1,3144, 2624
selection,50,1000,1,3223, 2640
selection,50,1000,1,3150, 2656
selection,50,1000,1,3447, 2672
selection,50,1000,1,3449, 2688
selection,50,1000,1,3176, 2704
selection,50,1000,1,3250, 2720
selection,50,1000,1,3419, 272
selection,50,1000,1,4481, 2736
selection,50,1000,1,4073, 2752
selection,50,1000,1,3508, 2768
selection,50,1000,1,3186, 2784
selection,50,1000,1,3924, 2800
selection,50,1000,1,4823, 2816
selection,50,1000,1,3296, 2832
selection,50,1000,1,4717, 2848
selection,50,1000,1,3250, 2864
selection,50,1000,1,3033, 2880
selection,50,1000,1,3351, 288
selection,50,1000,1,3543, 2896
selection,50,1000,1,4577, 2912
selection,50,1000,1,3679, 2928
selection,50,1000,1,3373, 2944
selection,50,1000,1,3386, 2960
selection,50,1000,1,3624, 2976
selection,50,1000,1,3335, 2992
selection,50,1000,1,3255, 3008
selection,50,1000,1,3389, 3024
selection,50,1000,1,4298, 3040
selection,50,1000,1,4206, 304
selection,50,1000,1,3257, 3056
selection,50,1000,1,3243, 3072
selection,50,1000,1,3577, 3088
selection,50,1000,1,3318, 3104
selection,50,1000,1,3267, 3120
selection,50,1000,1,3176, 3136
selection,50,1000,1,3718, 3152
selection,50,1000,1,3635, 3168
selection,50,1000,1,3394, 3184
selection,50,1000,1,4520, 3200
selection,50,1000,1,3344, 320
selection,50,1000,1,3221, 3216
selection,50,1000,1,3439, 3232
selection,50,1000,1,4625, 3248
selection,50,1000,1,3141, 3264
selection,50,1000,1,3363, 3280
selection,50,1000,1,4324, 3296
selection,50,1000,1,3242, 32
selection,50,1000,1,3283, 3312
selection,50,1000,1,3534, 3328
selection,50,1000,1,4499, 3344
selection,50,1000,1,3447, 3360
selection,50,1000,1,4251, 336
selection,50,1000,1,3484, 3376
selection,50,1000,1,3286, 3392
selection,50,1000,1,7926, 3408
selection,50,1000,1,3270, 3424
selection,50,1000,1,3326, 3440
selection,50,1000,1,3271, 3456
selection,50,1000,1,3400, 3472
selection,50,1000,1,3389, 3488
selection,50,1000,1,4561, 3504
selection,50,1000,1,3374, 3520
selection,50,1000,1,3362, 352
selection,50,1000,1,3346, 3536
selection,50,1000,1,3252, 3552
selection,50,1000,1,3524, 3568
selection,50,1000,1,3227, 3584
selection,50,1000,1,3232, 3600
selection,50,1000,1,3248, 3616
selection,50,1000,1,4570, 3632
selection,50,1000,1,3552, 3648
selection,50,1000,1,4715, 3664
selection,50,1000,1,4297, 3680
selection,50,1000,1,3376, 368
selection,50,1000,1,4477, 3696
selection,50,1000,1,3174, 3712
selection,50,1000,1,3922, 3728
selection,50,1000,1,3112, 3744
selection,50,1000,1,3401, 3760
selection,50,1000,1,3683, 3776
selection,50,1000,1,3087, 3792
selection,50,1000,1,3524, 3808
selection,50,1000,1,3189, 3824
selection,50,1000,1,3305, 3840
selection,50,1000,1,3393, 384
selection,50,1000,1,4675, 3856
selection,50,1000,1,3420, 3872
selection,50,1000,1,3487, 3888
selection,50,1000,1,3526, 3904
selection,50,1000,1,3380, 3920
selection,50,1000,1,3100, 3936
selection,50,1000,1,3297, 3952
selection,50,1000,1,3227, 3968
selection,50,1000,1,4672, 3984
selection,50,1000,1,4572, 4000
selection,50,1000,1,3355, 400
selection,50,1000,1,3264, 4016
selection,50,1000,1,3272, 4032
selection,50,1000,1,3115, 4048
selection,50,1000,1,4079, 4064
selection,50,1000,1,3378, 4080
selection,50,1000,1,3759, 4096
selection,50,1000,1,3946, 416
selection,50,1000,1,3229, 432
selection,50,1000,1,3208, 448
selection,50,1000,1,4048, 464
selection,50,1000,1,3249, 480
selection,50,1000,1,3402, 48
selection,50,1000,1,3429, 496
selection,50,1000,1,3073, 512
selection,50,1000,1,3147, 528
selection,50,1000,1,3406, 544
selection,50,1000,1,3358, 560
selection,50,1000,1,3198, 576
selection,50,1000,1,3193, 592
selection,50,1000,1,5143, 608
selection,50,1000,1,4685, 624
selection,50,1000,1,3152, 640
selection,50,1000,1,3456, 64
selection,50,1000,1,3269, 656
selection,50,1000,1,3039, 672
selection,50,1000,1,3091, 688
selection,50,1000,1,3425, 704
selection,50,1000,1,4804, 720
selection,50,1000,1,4732, 736
selection,50,1000,1,3085, 752
selection,50,1000,1,4603, 768
selection,50,1000,1,3621, 784
selection,50,1000,1,3657, 800
selection,50,1000,1,4039, 80
selection,50,1000,1,3445, 816
selection,50,1000,1,4856, 832
selection,50,1000,1,4227, 848
selection,50,1000,1,3346, 864
selection,50,1000,1,3244, 880
selection,50,1000,1,3481, 896
selection,50,1000,1,3409, 912
selection,50,1000,1,3625, 928
selection,50,1000,1,3676, 944
selection,50,1000,1,3268, 960
selection,50,1000,1,3276, 96
selection,50,1000,1,4322, 976
selection,50,1000,1,3240, 992
selection,550,1000,1,179457, 0
selection,550,1000,1,173791, 1008
selection,550,1000,1,163985, 1024
selection,550,1000,1,169407, 1040
selection,550,1000,1,174034, 1056
selection,550,1000,1,230871, 1072
selection,550,1000,1,185894, 1088
selection,550,1000,1,168631, 1104
selection,550,1000,1,183881, 1120
selection,550,1000,1,169004, 112
selection,550,1000,1,168866, 1136
selection,550,1000,1,171284, 1152
selection,550,1000,1,163903, 1168
selection,550,1000,1,170421, 1184
selection,550,1000,1,171081, 1200
selection,550,1000,1,169957, 1216
selection,550,1000,1,179879, 1232
selection,550,1000,1,197076, 1248
selection,550,1000,1,262160, 1264
selection,550,1000,1,192381, 1280
selection,550,1000,1,169335, 128
selection,550,1000,1,266444, 1296
selection,550,1000,1,183996, 1312
selection,550,1000,1,243477, 1328
selection,550,1000,1,188398, 1344
selection,550,1000,1,179744, 1360
selection,550,1000,1,169912, 1376
selection,550,1000,1,179669, 1392
selection,550,1000,1,251690, 1408
selection,550,1000,1,170628, 1424
selection,550,1000,1,165154, 1440
selection,550,1000,1,175774, 144
selection,550,1000,1,177350, 1456
selection,550,1000,1,256446, 1472
selection,550,1000,1,185237, 1488
selection,550,1000,1,169434, 1504
selection,550,1000,1,258482, 1520
selection,550,1000,1,164152, 1536
selection,550,1000,1,236695, 1552
selection,550,1000,1,196326, 1568
selection,550,1000,1,164023, 1584
selection,550,1000,1,163920, 1600
selection,550,1000,1,163631, 160
selection,550,1000,1,164308, 1616
selection,550,1000,1,175657, 1632
selection,550,1000,1,175733, 1648
selection,550,1000,1,178339, 1664
selection,550,1000,1,208416, 1680
selection,550,1000,1,265741, 1696
selection,550,1000,1,169312, 16
selection,550,1000,1,181227, 1712
selection,550,1000,1,203780, 1728
selection,550,1000,1,175568, 1744
selection,550,1000,1,173411, 1760
selection,550,1000,1,174234, 176
selection,550,1000,1,312691, 1776
selection,550,1000,1,304551, 1792
selection,550,1000,1,182438, 1808
selection,550,1000,1,185304, 1824
selection,550,1000,1,169164, 1840
selection,550,1000,1,184998, 1856
selection,550,1000,1,243370, 1872
selection,550,1000,1,175180, 1888
selection,550,1000,1,287528, 1904
selection,550,1000,1,173976, 1920
selection,550,1000,1,251332, 192
selection,550,1000,1,257529, 1936
selection,550,1000,1,198808, 1952
selection,550,1000,1,169660, 1968
selection,550,1000,1,170194, 1984
selection,550,1000,1,180671, 2000
selection,550,1000,1,163733, 2016
selection,550,1000,1,169574, 2032
selection,550,1000,1,233080, 2048
selection,550,1000,1,226696, 2064
selection,550,1000,1,164670, 2080
selection,550,1000,1,168666, 208
selection,550,1000,1,300139, 2096
selection,550,1000,1,164265, 2112
selection,550,1000,1,175329, 2128
selection,550,1000,1,185458, 2144
selection,550,1000,1,170139, 2160
selection,550,1000,1,169953, 2176
selection,550,1000,1,179941, 2192
selection,550,1000,1,248541, 2208
selection,550,1000,1,164735, 2224
selection,550,1000,1,169612, 2240
selection,550,1000,1,173177, 224
selection,550,1000,1,274738, 2256
selection,550,1000,1,180397, 2272
selection,550,1000,1,191487, 2288
selection,550,1000,1,176871, 2304
selection,550,1000,1,164488, 2320
selection,550,1000,1,181463, 2336
selection,550,1000,1,163035, 2352
selection,550,1000,1,239669, 2368
selection,550,1000,1,203965, 2384
selection,550,1000,1,169720, 2400
selection,550,1000,1,168952, 240
selection,550,1000,1,242964, 2416
selection,550,1000,1,169814, 2432
selection,550,1000,1,269264, 2448
selection,550,1000,1,232604, 2464
selection,550,1000,1,163931, 2480
selection,550,1000,1,214626, 2496
selection,550,1000,1,261060, 2512
selection,550,1000,1,245315, 2528
selection,550,1000,1,164336, 2544
selection,550,1000,1,169175, 2560
selection,550,1000,1,169410, 256
selection,550,1000,1,174563, 2576
selection,550,1000,1,163482, 2592
selection,550,1000,1,164122, 2608
selection,550,1000,1,273934, 2624
selection,550,1000,1,334592, 2640
selection,550,1000,1,162720, 2656
selection,550,1000,1,173835, 2672
selection,550,1000,1,163035, 2688
selection,550,1000,1,176734, 2704
selection,550,1000,1,198573, 2720
selection,550,1000,1,168834, 272
selection,550,1000,1,278230, 2736
selection,550,1000,1,265501, 2752
selection,550,1000,1,174100, 2768
selection,550,1000,1,267048, 2784
selection,550,1000,1,174082, 2800
selection,550,1000,1,235448, 2816
selection,550,1000,1,170509, 2832
selection,550,1000,1,303314, 2848
selection,550,1000,1,163661, 2864
selection,550,1000,1,170278, 2880
selection,550,1000,1,163718, 288
selection,550,1000,1,206736, 2896
selection,550,1000,1,198258, 2912
selection,550,1000,1,274283, 2928
selection,550,1000,1,191678, 2944
selection,550,1000,1,187303, 2960
selection,550,1000,1,195490, 2976
selection,550,1000,1,163302, 2992
selection,550,1000,1,316083, 3008
selection,550,1000,1,163706, 3024
selection,550,1000,1,163473, 3040
selection,550,1000,1,168394, 304
selection,550,1000,1,178300, 3056
selection,550,1000,1,207373, 3072
selection,550,1000,1,163036, 3088
selection,550,1000,1,163698, 3104
selection,550,1000,1,184114, 3120
selection,550,1000,1,177509, 3136
selection,550,1000,1,191273, 3152
selection,550,1000,1,163634, 3168
selection,550,1000,1,180796, 3184
selection,550,1000,1,170858, 3200
selection,550,1000,1,235543, 320
selection,550,1000,1,169874, 3216
selection,550,1000,1,176484, 3232
selection,550,1000,1,205642, 3248
selection,550,1000,1,255664, 3264
selection,550,1000,1,186820, 3280
selection,550,1000,1,170219, 3296
selection,550,1000,1,169538, 32
selection,550,1000,1,164803, 3312
selection,550,1000,1,164247, 3328
selection,550,1000,1,211003, 3344
selection,550,1000,1,169619, 3360
selection,550,1000,1,281282, 336
selection,550,1000,1,170683, 3376
selection,550,1000,1,179745, 3392
selection,550,1000,1,294235, 3408
selection,550,1000,1,176161, 3424
selection,550,1000,1,176827, 3440
selection,550,1000,1,181510, 3456
selection,550,1000,1,285294, 3472
selection,550,1000,1,169986, 3488
selection,550,1000,1,164616, 3504
selection,550,1000,1,164379, 3520
selection,550,1000,1,247152, 352
selection,550,1000,1,192658, 3536
selection,550,1000,1,248369, 3552
selection,550,1000,1,164331, 3568
selection,550,1000,1,174941, 3584
selection,550,1000,1,190379, 3600
selection,550,1000,1,180154, 3616
selection,550,1000,1,263785, 3632
selection,550,1000,1,248011, 3648
selection,550,1000,1,265838, 3664
selection,550,1000,1,168417, 3680
selection,550,1000,1,169548, 368
selection,550,1000,1,168727, 3696
selection,550,1000,1,168438, 3712
selection,550,1000,1,168491, 3728
selection,550,1000,1,169462, 3744
selection,550,1000,1,208225, 3760
selection,550,1000,1,190525, 3776
selection,550,1000,1,270432, 3792
selection,550,1000,1,174529, 3808
selection,550,1000,1,244650, 3824
selection,550,1000,1,163799, 3840
selection,550,1000,1,233628, 384
selection,550,1000,1,169189, 3856
selection,550,1000,1,181041, 3872
selection,550,1000,1,188703, 3888
selection,550,1000,1,256751, 3904
selection,550,1000,1,170041, 3920
selection,550,1000,1,180943, 3936
selection,550,1000,1,195338, 3952
selection,550,1000,1,198849, 3968
selection,550,1000,1,169124, 3984
selection,550,1000,1,172170, 4000
selection,550,1000,1,193006, 400
selection,550,1000,1,243306, 4016
selection,550,1000,1,170661, 4032
selection,550,1000,1,170992, 4048
selection,550,1000,1,223661, 4064
selection,550,1000,1,169380, 4080
selection,550,1000,1,163227, 4096
selection,550,1000,1,175936, 416
selection,550,1000,1,192843, 432
selection,550,1000,1,176378, 448
selection,550,1000,1,186060, 464
selection,550,1000,1,193978, 480
selection,550,1000,1,169630, 48
selection,550,1000,1,235812, 496
selection,550,1000,1,163871, 512
selection,550,1000,1,191467, 528
selection,550,1000,1,164442, 544
selection,550,1000,1,178968, 560
selection,550,1000,1,203611, 576
selection,550,1000,1,164473, 592
selection,550,1000,1,169898, 608
selection,550,1000,1,164464, 624
selection,550,1000,1,169256, 640
selection,550,1000,1,195509, 64
selection,550,1000,1,169346, 656
selection,550,1000,1,181773, 672
selection,550,1000,1,165178, 688
selection,550,1000,1,263522, 704
selection,550,1000,1,184380, 720
selection,550,1000,1,170001, 736
selection,550,1000,1,216038, 752
selection,550,1000,1,164270, 768
selection,550,1000,1,254594, 784
selection,550,1000,1,183188, 800
selection,550,1000,1,186612, 80
selection,550,1000,1,164348, 816
selection,550,1000,1,179846, 832
selection,550,1000,1,223147, 848
selection,550,1000,1,164065, 864
selection,550,1000,1,175705, 880
selection,550,1000,1,192364, 896
selection,550,1000,1,164015, 912
selection,550,1000,1,224363, 928
selection,550,1000,1,176545, 944
selection,550,1000,1,171633, 960
selection,550,1000,1,212790, 96
selection,550,1000,1,164317, 976
selection,550,1000,1,276118, 992
selection,650,1000,1,235170, 0
selection,650,1000,1,233975, 1008
selection,650,1000,1,224709, 1024
selection,650,1000,1,226083, 1040
selection,650,1000,1,347806, 1056
selection,650,1000,1,395160, 1072
selection,650,1000,1,232584, 1088
selection,650,1000,1,254596, 1104
selection,650,1000,1,290691, 1120
selection,650,1000,1,237236, 112
selection,650,1000,1,233561, 1136
selection,650,1000,1,226050, 1152
selection,650,1000,1,365060, 1168
selection,650,1000,1,225987, 1184
selection,650,1000,1,224850, 1200
selection,650,1000,1,360149, 1216
selection,650,1000,1,372316, 1232
selection,650,1000,1,318087, 1248
selection,650,1000,1,235757, 1264
selection,650,1000,1,225615, 1280
selection,650,1000,1,252238, 128
selection,650,1000,1,243201, 1296
selection,650,1000,1,225369, 1312
selection,650,1000,1,225923, 1328
selection,650,1000,1,231723, 1344
selection,650,1000,1,231914, 1360
selection,650,1000,1,248684, 1376
selection,650,1000,1,232151, 1392
selection,650,1000,1,232009, 1408
selection,650,1000,1,227864, 1424
selection,650,1000,1,304301, 1440
selection,650,1000,1,233304, 144
selection,650,1000,1,244744, 1456
selection,650,1000,1,224790, 1472
selection,650,1000,1,233638, 1488
selection,650,1000,1,237416, 1504
selection,650,1000,1,226262, 1520
selection,650,1000,1,268083, 1536
selection,650,1000,1,285064, 1552
selection,650,1000,1,336363, 1568
selection,650,1000,1,245504, 1584
selection,650,1000,1,230780, 1600
selection,650,1000,1,246272, 160
selection,650,1000,1,244105, 1616
selection,650,1000,1,377965, 1632
selection,650,1000,1,240386, 1648
selection,650,1000,1,343422, 1664
selection,650,1000,1,225390, 1680
selection,650,1000,1,231601, 1696
selection,650,1000,1,232823, 16
selection,650,1000,1,362033, 1712
selection,650,1000,1,226249, 1728
selection,650,1000,1,238568, 1744
selection,650,1000,1,233115, 1760
selection,650,1000,1,232979, 176
selection,650,1000,1,233203, 1776
selection,650,1000,1,395788, 1792
selection,650,1000,1,225753, 1808
selection,650,1000,1,262578, 1824
selection,650,1000,1,232822, 1840
selection,650,1000,1,237822, 1856
selection,650,1000,1,243612, 1872
selection,650,1000,1,263118, 1888
selection,650,1000,1,225553, 1904
selection,650,1000,1,245324, 1920
selection,650,1000,1,240964, 192
selection,650,1000,1,236550, 1936
selection,650,1000,1,255053, 1952
selection,650,1000,1,269729, 1968
selection,650,1000,1,240737, 1984
selection,650,1000,1,227801, 2000
selection,650,1000,1,366650, 2016
selection,650,1000,1,290080, 2032
selection,650,1000,1,249338, 2048
selection,650,1000,1,244355, 2064
selection,650,1000,1,232673, 2080
selection,650,1000,1,233356, 208
selection,650,1000,1,230272, 2096
selection,650,1000,1,278231, 2112
selection,650,1000,1,329445, 2128
selection,650,1000,1,240680, 2144
selection,650,1000,1,413440, 2160
selection,650,1000,1,249210, 2176
selection,650,1000,1,241273, 2192
selection,650,1000,1,351866, 2208
selection,650,1000,1,225353, 2224
selection,650,1000,1,245552, 2240
selection,650,1000,1,334445, 224
selection,650,1000,1,327512, 2256
selection,650,1000,1,225196, 2272
selection,650,1000,1,421357, 2288
selection,650,1000,1,301182, 2304
selection,650,1000,1,233542, 2320
selection,650,1000,1,300783, 2336
selection,650,1000,1,233872, 2352
selection,650,1000,1,236421, 2368
selection,650,1000,1,259403, 2384
selection,650,1000,1,260270, 2400
selection,650,1000,1,253724, 240
selection,650,1000,1,310647, 2416
selection,650,1000,1,233841, 2432
selection,650,1000,1,250738, 2448
selection,650,1000,1,328300, 2464
selection,650,1000,1,226119, 2480
selection,650,1000,1,412334, 2496
selection,650,1000,1,415253, 2512
selection,650,1000,1,226554, 2528
selection,650,1000,1,469091, 2544
selection,650,1000,1,233037, 2560
selection,650,1000,1,234305, 256
selection,650,1000,1,418553, 2576
selection,650,1000,1,233885, 2592
selection,650,1000,1,394347, 2608
selection,650,1000,1,407211, 2624
selection,650,1000,1,313025, 2640
selection,650,1000,1,279957, 2656
selection,650,1000,1,233325, 2672
selection,650,1000,1,320851, 2688
selection,650,1000,1,356524, 2704
selection,650,1000,1,254725, 2720
selection,650,1000,1,233252, 272
selection,650,1000,1,226388, 2736
selection,650,1000,1,318981, 2752
selection,650,1000,1,326775, 2768
selection,650,1000,1,238609, 2784
selection,650,1000,1,256784, 2800
selection,650,1000,1,264688, 2816
selection,650,1000,1,465943, 2832
selection,650,1000,1,240987, 2848
selection,650,1000,1,225474, 2864
selection,650,1000,1,261126, 2880
selection,650,1000,1,233326, 288
selection,650,1000,1,226522, 2896
selection,650,1000,1,225223, 2912
selection,650,1000,1,234003, 2928
selection,650,1000,1,234423, 2944
selection,650,1000,1,233133, 2960
selection,650,1000,1,235648, 2976
selection,650,1000,1,224343, 2992
selection,650,1000,1,256975, 3008
selection,650,1000,1,307275, 3024
selection,650,1000,1,233230, 3040
selection,650,1000,1,269367, 304
selection,650,1000,1,268420, 3056
selection,650,1000,1,306188, 3072
selection,650,1000,1,254720, 3088
selection,650,1000,1,241580, 3104
selection,650,1000,1,241266, 3120
selection,650,1000,1,358326, 3136
selection,650,1000,1,233075, 3152
selection,650,1000,1,232884, 3168
selection,650,1000,1,364831, 3184
selection,650,1000,1,233486, 3200
selection,650,1000,1,236367, 320
selection,650,1000,1,395475, 3216
selection,650,1000,1,225953, 3232
selection,650,1000,1,258036, 3248
selection,650,1000,1,272509, 3264
selection,650,1000,1,265622, 3280
selection,650,1000,1,233201, 3296
selection,650,1000,1,404115, 32
selection,650,1000,1,394387, 3312
selection,650,1000,1,233096, 3328
selection,650,1000,1,358639, 3344
selection,650,1000,1,391383, 3360
selection,650,1000,1,225213, 336
selection,650,1000,1,225863, 3376
selection,650,1000,1,375245, 3392
selection,650,1000,1,363768, 3408
selection,650,1000,1,375039, 3424
selection,650,1000,1,232247, 3440
selection,650,1000,1,240188, 3456
selection,650,1000,1,224800, 3472
selection,650,1000,1,237948, 3488
selection,650,1000,1,295713, 3504
selection,650,1000,1,372755, 3520
selection,650,1000,1,241032, 352
selection,650,1000,1,228670, 3536
selection,650,1000,1,238481, 3552
selection,650,1000,1,237150, 3568
selection,650,1000,1,233053, 3584
selection,650,1000,1,275509, 3600
selection,650,1000,1,386944, 3616
selection,650,1000,1,301142, 3632
selection,650,1000,1,233176, 3648
selection,650,1000,1,226266, 3664
selection,650,1000,1,241627, 3680
selection,650,1000,1,226006, 368
selection,650,1000,1,379187, 3696
selection,650,1000,1,267014, 3712
selection,650,1000,1,233734, 3728
selection,650,1000,1,310082, 3744
selection,650,1000,1,254710, 3760
selection,650,1000,1,226035, 3776
selection,650,1000,1,265788, 3792
selection,650,1000,1,225690, 3808
selection,650,1000,1,312929, 3824
selection,650,1000,1,234040, 3840
selection,650,1000,1,230028, 384
selection,650,1000,1,234064, 3856
selection,650,1000,1,265205, 3872
selection,650,1000,1,243511, 3888
selection,650,1000,1,240610, 3904
selection,650,1000,1,225798, 3920
selection,650,1000,1,226544, 3936
selection,650,1000,1,225255, 3952
selection,650,1000,1,251534, 3968
selection,650,1000,1,240789, 3984
selection,650,1000,1,411616, 4000
selection,650,1000,1,230247, 400
selection,650,1000,1,282196, 4016
selection,650,1000,1,242322, 4032
selection,650,1000,1,424855, 4048
selection,650,1000,1,264444, 4064
selection,650,1000,1,324301, 4080
selection,650,1000,1,354590, 4096
selection,650,1000,1,244591, 416
selection,650,1000,1,225174, 432
selection,650,1000,1,232571, 448
selection,650,1000,1,346006, 464
selection,650,1000,1,247714, 480
selection,650,1000,1,324754, 48
selection,650,1000,1,305362, 496
selection,650,1000,1,254895, 512
selection,650,1000,1,225275, 528
selection,650,1000,1,234086, 544
selection,650,1000,1,237688, 560
selection,650,1000,1,254462, 576
selection,650,1000,1,398119, 592
selection,650,1000,1,275229, 608
selection,650,1000,1,252384, 624
selection,650,1000,1,248868, 640
selection,650,1000,1,232562, 64
selection,650,1000,1,239563, 656
selection,650,1000,1,376658, 672
selection,650,1000,1,224344, 688
selection,650,1000,1,295429, 704
selection,650,1000,1,233160, 720
selection,650,1000,1,226072, 736
selection,650,1000,1,249703, 752
selection,650,1000,1,282719, 768
selection,650,1000,1,233365, 784
selection,650,1000,1,232466, 800
selection,650,1000,1,362597, 80
selection,650,1000,1,225659, 816
selection,650,1000,1,425810, 832
selection,650,1000,1,253960, 848
selection,650,1000,1,243793, 864
selection,650,1000,1,292888, 880
selection,650,1000,1,254747, 896
selection,650,1000,1,234041, 912
selection,650,1000,1,237056, 928
selection,650,1000,1,225973, 944
selection,650,1000,1,226358, 960
selection,650,1000,1,225308, 96
selection,650,1000,1,346628, 976
selection,650,1000,1,240762, 992
selection,750,1000,1,335284, 0
selection,750,1000,1,312769, 1008
selection,750,1000,1,309872, 1024
selection,750,1000,1,399184, 1040
selection,750,1000,1,296343, 1056
selection,750,1000,1,318481, 1072
selection,750,1000,1,299478, 1088
selection,750,1000,1,355130, 1104
selection,750,1000,1,310632, 1120
selection,750,1000,1,447091, 112
selection,750,1000,1,325154, 1136
selection,750,1000,1,295578, 1152
selection,750,1000,1,306847, 1168
selection,750,1000,1,344321, 1184
selection,750,1000,1,321663, 1200
selection,750,1000,1,296962, 1216
selection,750,1000,1,451705, 1232
selection,750,1000,1,297789, 1248
selection,750,1000,1,371113, 1264
selection,750,1000,1,469053, 1280
selection,750,1000,1,355265, 128
selection,750,1000,1,325936, 1296
selection,750,1000,1,334394, 1312
selection,750,1000,1,306805, 1328
selection,750,1000,1,310939, 1344
selection,750,1000,1,325533, 1360
selection,750,1000,1,311452, 1376
selection,750,1000,1,296723, 1392
selection,750,1000,1,306833, 1408
selection,750,1000,1,380196, 1424
selection,750,1000,1,347362, 1440
selection,750,1000,1,339639, 144
selection,750,1000,1,459371, 1456
selection,750,1000,1,310437, 1472
selection,750,1000,1,324448, 1488
selection,750,1000,1,495956, 1504
selection,750,1000,1,296814, 1520
selection,750,1000,1,345296, 1536
selection,750,1000,1,321844, 1552
selection,750,1000,1,297192, 1568
selection,750,1000,1,490807, 1584
selection,750,1000,1,346583, 1600
selection,750,1000,1,305158, 160
selection,750,1000,1,296057, 1616
selection,750,1000,1,349187, 1632
selection,750,1000,1,297049, 1648
selection,750,1000,1,489587, 1664
selection,750,1000,1,349100, 1680
selection,750,1000,1,319925, 1696
selection,750,1000,1,307382, 16
selection,750,1000,1,438663, 1712
selection,750,1000,1,310915, 1728
selection,750,1000,1,306308, 1744
selection,750,1000,1,310469, 1760
selection,750,1000,1,321297, 176
selection,750,1000,1,432731, 1776
selection,750,1000,1,313788, 1792
selection,750,1000,1,296640, 1808
selection,750,1000,1,296030, 1824
selection,750,1000,1,306134, 1840
selection,750,1000,1,364522, 1856
selection,750,1000,1,306530, 1872
selection,750,1000,1,491177, 1888
selection,750,1000,1,323215, 1904
selection,750,1000,1,325809, 1920
selection,750,1000,1,306319, 192
selection,750,1000,1,334142, 1936
selection,750,1000,1,324036, 1952
selection,750,1000,1,306283, 1968
selection,750,1000,1,546728, 1984
selection,750,1000,1,354914, 2000
selection,750,1000,1,296779, 2016
selection,750,1000,1,311123, 2032
selection,750,1000,1,457602, 2048
selection,750,1000,1,317692, 2064
selection,750,1000,1,385360, 2080
selection,750,1000,1,321631, 208
selection,750,1000,1,596777, 2096
selection,750,1000,1,300021, 2112
selection,750,1000,1,305798, 2128
selection,750,1000,1,317599, 2144
selection,750,1000,1,296668, 2160
selection,750,1000,1,558274, 2176
selection,750,1000,1,401042, 2192
selection,750,1000,1,305654, 2208
selection,750,1000,1,295576, 2224
selection,750,1000,1,318152, 2240
selection,750,1000,1,380826, 224
selection,750,1000,1,334528, 2256
selection,750,1000,1,322055, 2272
selection,750,1000,1,401702, 2288
selection,750,1000,1,423534, 2304
selection,750,1000,1,326610, 2320
selection,750,1000,1,481985, 2336
selection,750,1000,1,364649, 2352
selection,750,1000,1,306312, 2368
selection,750,1000,1,380854, 2384
selection,750,1000,1,483356, 2400
selection,750,1000,1,310435, 240
selection,750,1000,1,420930, 2416
selection,750,1000,1,312371, 2432
selection,750,1000,1,306963, 2448
selection,750,1000,1,321258, 2464
selection,750,1000,1,539761, 2480
selection,750,1000,1,296473, 2496
selection,750,1000,1,519533, 2512
selection,750,1000,1,325234, 2528
selection,750,1000,1,327104, 2544
selection,750,1000,1,312533, 2560
selection,750,1000,1,311048, 256
selection,750,1000,1,415889, 2576
selection,750,1000,1,350101, 2592
selection,750,1000,1,296085, 2608
selection,750,1000,1,436224, 2624
selection,750,1000,1,534813, 2640
selection,750,1000,1,310773, 2656
selection,750,1000,1,468716, 2672
selection,750,1000,1,307491, 2688
selection,750,1000,1,306430, 2704
selection,750,1000,1,296607, 2720
selection,750,1000,1,345117, 272
selection,750,1000,1,310712, 2736
selection,750,1000,1,488846, 2752
selection,750,1000,1,572418, 2768
selection,750,1000,1,311554, 2784
selection,750,1000,1,457828, 2800
selection,750,1000,1,421202, 2816
selection,750,1000,1,306116, 2832
selection,750,1000,1,295794, 2848
selection,750,1000,1,305607, 2864
selection,750,1000,1,428160, 2880
selection,750,1000,1,310694, 288
selection,750,1000,1,306596, 2896
selection,750,1000,1,391912, 2912
selection,750,1000,1,324239, 2928
selection,750,1000,1,310699, 2944
selection,750,1000,1,344317, 2960
selection,750,1000,1,503921, 2976
selection,750,1000,1,296732, 2992
selection,750,1000,1,306463, 3008
selection,750,1000,1,305852, 3024
selection,750,1000,1,306736, 3040
selection,750,1000,1,342399, 304
selection,750,1000,1,306672, 3056
selection,750,1000,1,324885, 3072
selection,750,1000,1,379774, 3088
selection,750,1000,1,334187, 3104
selection,750,1000,1,317792, 3120
selection,750,1000,1,430084, 3136
selection,750,1000,1,316973, 3152
selection,750,1000,1,296323, 3168
selection,750,1000,1,324203, 3184
selection,750,1000,1,452464, 3200
selection,750,1000,1,324855, 320
selection,750,1000,1,324698, 3216
selection,750,1000,1,306240, 3232
selection,750,1000,1,324149, 3248
selection,750,1000,1,329140, 3264
selection,750,1000,1,307047, 3280
selection,750,1000,1,432106, 3296
selection,750,1000,1,343822, 32
selection,750,1000,1,477737, 3312
selection,750,1000,1,297373, 3328
selection,750,1000,1,463894, 3344
selection,750,1000,1,306899, 3360
selection,750,1000,1,297204, 336
selection,750,1000,1,323469, 3376
selection,750,1000,1,307179, 3392
selection,750,1000,1,472894, 3408
selection,750,1000,1,466076, 3424
selection,750,1000,1,306246, 3440
selection,750,1000,1,322693, 3456
selection,750,1000,1,501009, 3472
selection,750,1000,1,516408, 3488
selection,750,1000,1,413762, 3504
selection,750,1000,1,300386, 3520
selection,750,1000,1,296705, 352
selection,750,1000,1,421000, 3536
selection,750,1000,1,307001, 3552
selection,750,1000,1,381518, 3568
selection,750,1000,1,429598, 3584
selection,750,1000,1,585113, 3600
selection,750,1000,1,307459, 3616
selection,750,1000,1,295841, 3632
selection,750,1000,1,295823, 3648
selection,750,1000,1,487141, 3664
selection,750,1000,1,305721, 3680
selection,750,1000,1,295746, 368
selection,750,1000,1,316071, 3696
selection,750,1000,1,423855, 3712
selection,750,1000,1,431878, 3728
selection,750,1000,1,295586, 3744
selection,750,1000,1,297641, 3760
selection,750,1000,1,309589, 3776
selection,750,1000,1,408588, 3792
selection,750,1000,1,536838, 3808
selection,750,1000,1,381568, 3824
selection,750,1000,1,308860, 3840
selection,750,1000,1,343029, 384
selection,750,1000,1,313408, 3856
selection,750,1000,1,306456, 3872
selection,750,1000,1,313015, 3888
selection,750,1000,1,307739, 3904
selection,750,1000,1,312551, 3920
selection,750,1000,1,306401, 3936
selection,750,1000,1,306192, 3952
selection,750,1000,1,362672, 3968
selection,750,1000,1,320284, 3984
selection,750,1000,1,354950, 4000
selection,750,1000,1,316390, 400
selection,750,1000,1,296379, 4016
selection,750,1000,1,307610, 4032
selection,750,1000,1,358526, 4048
selection,750,1000,1,324583, 4064
selection,750,1000,1,314608, 4080
selection,750,1000,1,380291, 4096
selection,750,1000,1,333817, 416
selection,750,1000,1,359050, 432
selection,750,1000,1,449206, 448
selection,750,1000,1,306099, 464
selection,750,1000,1,355271, 480
selection,750,1000,1,448231, 48
selection,750,1000,1,306622, 496
selection,750,1000,1,325261, 512
selection,750,1000,1,307000, 528
selection,750,1000,1,317606, 544
selection,750,1000,1,306997, 560
selection,750,1000,1,311155, 576
selection,750,1000,1,531587, 592
selection,750,1000,1,307233, 608
selection,750,1000,1,322849, 624
selection,750,1000,1,510797, 640
selection,750,1000,1,321614, 64
selection,750,1000,1,308709, 656
selection,750,1000,1,296603, 672
selection,750,1000,1,488323, 688
selection,750,1000,1,409424, 704
selection,750,1000,1,493391, 720
selection,750,1000,1,310492, 736
selection,750,1000,1,296151, 752
selection,750,1000,1,468168, 768
selection,750,1000,1,467492, 784
selection,750,1000,1,296917, 800
selection,750,1000,1,324413, 80
selection,750,1000,1,305724, 816
selection,750,1000,1,356643, 832
selection,750,1000,1,306157, 848
selection,750,1000,1,346827, 864
selection,750,1000,1,306859, 880
selection,750,1000,1,382411, 896
selection,750,1000,1,305854, 912
selection,750,1000,1,296614, 928
selection,750,1000,1,309637, 944
selection,750,1000,1,311556, 960
selection,750,1000,1,444517, 96
selection,750,1000,1,297213, 976
selection,750,1000,1,349294, 992
