counting,150,1000,1,36104, 0
counting,150,1000,1,35257, 1008
counting,150,1000,1,45904, 1024
counting,150,1000,1,45538, 1040
counting,150,1000,1,41478, 1056
counting,150,1000,1,34981, 1072
counting,150,1000,1,43216, 1088
counting,150,1000,1,38453, 1104
counting,150,1000,1,34790, 1120
counting,150,1000,1,51944, 112
counting,150,1000,1,45887, 1136
counting,150,1000,1,36269, 1152
counting,150,1000,1,34389, 1168
counting,150,1000,1,38144, 1184
counting,150,1000,1,36174, 1200
counting,150,1000,1,62785, 1216
counting,150,1000,1,40283, 1232
counting,150,1000,1,36525, 1248
counting,150,1000,1,35729, 1264
counting,150,1000,1,35853, 1280
counting,150,1000,1,35595, 128
counting,150,1000,1,55387, 1296
counting,150,1000,1,33915, 1312
counting,150,1000,1,50444, 1328
counting,150,1000,1,43863, 1344
counting,150,1000,1,40236, 1360
counting,150,1000,1,35068, 1376
counting,150,1000,1,56629, 1392
counting,150,1000,1,36826, 1408
counting,150,1000,1,36989, 1424
counting,150,1000,1,46345, 1440
counting,150,1000,1,55058, 144
counting,150,1000,1,39357, 1456
counting,150,1000,1,36827, 1472
counting,150,1000,1,44851, 1488
counting,150,1000,1,35931, 1504
counting,150,1000,1,35143, 1520
counting,150,1000,1,37602, 1536
counting,150,1000,1,35779, 1552
counting,150,1000,1,45595, 1568
counting,150,1000,1,35853, 1584
counting,150,1000,1,34518, 1600
counting,150,1000,1,33906, 160
counting,150,1000,1,47129, 1616
counting,150,1000,1,38166, 1632
counting,150,1000,1,36936, 1648
counting,150,1000,1,36321, 1664
counting,150,1000,1,40310, 1680
counting,150,1000,1,35927, 1696
counting,150,1000,1,34793, 16
counting,150,1000,1,37432, 1712
counting,150,1000,1,50433, 1728
counting,150,1000,1,35511, 1744
counting,150,1000,1,35933, 1760
counting,150,1000,1,35370, 176
counting,150,1000,1,44313, 1776
counting,150,1000,1,35703, 1792
counting,150,1000,1,35988, 1808
counting,150,1000,1,51216, 1824
counting,150,1000,1,35367, 1840
counting,150,1000,1,36714, 1856
counting,150,1000,1,35125, 1872
counting,150,1000,1,38138, 1888
counting,150,1000,1,34755, 1904
counting,150,1000,1,35658, 1920
counting,150,1000,1,35945, 192
counting,150,1000,1,35566, 1936
counting,150,1000,1,36923, 1952
counting,150,1000,1,47964, 1968
counting,150,1000,1,37802, 1984
counting,150,1000,1,36027, 2000
counting,150,1000,1,37447, 2016
counting,150,1000,1,34129, 2032
counting,150,1000,1,35438, 2048
counting,150,1000,1,36665, 2064
counting,150,1000,1,45379, 2080
counting,150,1000,1,45688, 208
counting,150,1000,1,44169, 2096
counting,150,1000,1,37094, 2112
counting,150,1000,1,44431, 2128
counting,150,1000,1,50564, 2144
counting,150,1000,1,34967, 2160
counting,150,1000,1,35630, 2176
counting,150,1000,1,34627, 2192
counting,150,1000,1,50403, 2208
counting,150,1000,1,40931, 2224
counting,150,1000,1,50433, 2240
counting,150,1000,1,40968, 224
counting,150,1000,1,47253, 2256
counting,150,1000,1,60137, 2272
counting,150,1000,1,35055, 2288
counting,150,1000,1,37521, 2304
counting,150,1000,1,35665, 2320
counting,150,1000,1,35122, 2336
counting,150,1000,1,38322, 2352
counting,150,1000,1,34680, 2368
counting,150,1000,1,34905, 2384
counting,150,1000,1,35620, 2400
counting,150,1000,1,46814, 240
counting,150,1000,1,36329, 2416
counting,150,1000,1,48328, 2432
counting,150,1000,1,48881, 2448
counting,150,1000,1,34457, 2464
counting,150,1000,1,46574, 2480
counting,150,1000,1,33933, 2496
counting,150,1000,1,34339, 2512
counting,150,1000,1,36307, 2528
counting,150,1000,1,49677, 2544
counting,150,1000,1,37217, 2560
counting,150,1000,1,45154, 256
counting,150,1000,1,48043, 2576
counting,150,1000,1,48358, 2592
counting,150,1000,1,35041, 2608
counting,150,1000,1,45297, 2624
counting,150,1000,1,47425, 2640
counting,150,1000,1,48775, 2656
counting,150,1000,1,37353, 2672
counting,150,1000,1,37140, 2688
counting,150,1000,1,35162, 2704
counting,150,1000,1,46485, 2720
counting,150,1000,1,44774, 272
counting,150,1000,1,46175, 2736
counting,150,1000,1,36092, 2752
counting,150,1000,1,33802, 2768
counting,150,1000,1,49919, 2784
counting,150,1000,1,52749, 2800
counting,150,1000,1,43278, 2816
counting,150,1000,1,46680, 2832
counting,150,1000,1,35835, 2848
counting,150,1000,1,50519, 2864
counting,150,1000,1,45741, 2880
counting,150,1000,1,46428, 288
counting,150,1000,1,35171, 2896
counting,150,1000,1,36280, 2912
counting,150,1000,1,36065, 2928
counting,150,1000,1,37670, 2944
counting,150,1000,1,36402, 2960
counting,150,1000,1,35422, 2976
counting,150,1000,1,36078, 2992
counting,150,1000,1,45194, 3008
counting,150,1000,1,37890, 3024
counting,150,1000,1,35774, 3040
counting,150,1000,1,40863, 304
counting,150,1000,1,35728, 3056
counting,150,1000,1,35706, 3072
counting,150,1000,1,35717, 3088
counting,150,1000,1,36907, 3104
counting,150,1000,1,37905, 3120
counting,150,1000,1,37000, 3136
counting,150,1000,1,45921, 3152
counting,150,1000,1,37734, 3168
counting,150,1000,1,40683, 3184
counting,150,1000,1,37134, 3200
counting,150,1000,1,46559, 320
counting,150,1000,1,37178, 3216
counting,150,1000,1,46135, 3232
counting,150,1000,1,34626, 3248
counting,150,1000,1,70710, 3264
counting,150,1000,1,69349, 3280
counting,150,1000,1,36368, 3296
counting,150,1000,1,46081, 32
counting,150,1000,1,36718, 3312
counting,150,1000,1,37701, 3328
counting,150,1000,1,35208, 3344
counting,150,1000,1,35033, 3360
counting,150,1000,1,48158, 336
counting,150,1000,1,45830, 3376
counting,150,1000,1,47621, 3392
counting,150,1000,1,34417, 3408
counting,150,1000,1,52111, 3424
counting,150,1000,1,51312, 3440
counting,150,1000,1,56049, 3456
counting,150,1000,1,35077, 3472
counting,150,1000,1,53719, 3488
counting,150,1000,1,33698, 3504
counting,150,1000,1,35847, 3520
counting,150,1000,1,34853, 352
counting,150,1000,1,37289, 3536
counting,150,1000,1,35088, 3552
counting,150,1000,1,50354, 3568
counting,150,1000,1,35744, 3584
counting,150,1000,1,42048, 3600
counting,150,1000,1,47169, 3616
counting,150,1000,1,42195, 3632
counting,150,1000,1,67591, 3648
counting,150,1000,1,36597, 3664
counting,150,1000,1,42218, 3680
counting,150,1000,1,36220, 368
counting,150,1000,1,37599, 3696
counting,150,1000,1,37712, 3712
counting,150,1000,1,36192, 3728
counting,150,1000,1,37682, 3744
counting,150,1000,1,51602, 3760
counting,150,1000,1,37608, 3776
counting,150,1000,1,36609, 3792
counting,150,1000,1,40816, 3808
counting,150,1000,1,36322, 3824
counting,150,1000,1,44672, 3840
counting,150,1000,1,35384, 384
counting,150,1000,1,36102, 3856
counting,150,1000,1,50756, 3872
counting,150,1000,1,36898, 3888
counting,150,1000,1,36827, 3904
counting,150,1000,1,35194, 3920
counting,150,1000,1,56001, 3936
counting,150,1000,1,43595, 3952
counting,150,1000,1,36281, 3968
counting,150,1000,1,37260, 3984
counting,150,1000,1,37408, 4000
counting,150,1000,1,34982, 400
counting,150,1000,1,35223, 4016
counting,150,1000,1,38937, 4032
counting,150,1000,1,34956, 4048
counting,150,1000,1,47142, 4064
counting,150,1000,1,68507, 4080
counting,150,1000,1,46988, 4096
counting,150,1000,1,37713, 416
counting,150,1000,1,46396, 432
counting,150,1000,1,37341, 448
counting,150,1000,1,34011, 464
counting,150,1000,1,53258, 480
counting,150,1000,1,35749, 48
counting,150,1000,1,35715, 496
counting,150,1000,1,36249, 512
counting,150,1000,1,35688, 528
counting,150,1000,1,50066, 544
counting,150,1000,1,35554, 560
counting,150,1000,1,35827, 576
counting,150,1000,1,35189, 592
counting,150,1000,1,36686, 608
counting,150,1000,1,33752, 624
counting,150,1000,1,35909, 640
counting,150,1000,1,48634, 64
counting,150,1000,1,35857, 656
counting,150,1000,1,34406, 672
counting,150,1000,1,38074, 688
counting,150,1000,1,35191, 704
counting,150,1000,1,33879, 720
counting,150,1000,1,35466, 736
counting,150,1000,1,51687, 752
counting,150,1000,1,35917, 768
counting,150,1000,1,50438, 784
counting,150,1000,1,35203, 800
counting,150,1000,1,34393, 80
counting,150,1000,1,35733, 816
counting,150,1000,1,49656, 832
counting,150,1000,1,45548, 848
counting,150,1000,1,45674, 864
counting,150,1000,1,35883, 880
counting,150,1000,1,47127, 896
counting,150,1000,1,44283, 912
counting,150,1000,1,36078, 928
counting,150,1000,1,58495, 944
counting,150,1000,1,35607, 960
counting,150,1000,1,35071, 96
counting,150,1000,1,34231, 976
counting,150,1000,1,37700, 992
counting,250,1000,1,37970, 0
counting,250,1000,1,36252, 1008
counting,250,1000,1,36629, 1024
counting,250,1000,1,36345, 1040
counting,250,1000,1,37069, 1056
counting,250,1000,1,37658, 1072
counting,250,1000,1,46630, 1088
counting,250,1000,1,56478, 1104
counting,250,1000,1,46165, 1120
counting,250,1000,1,36526, 112
counting,250,1000,1,39920, 1136
counting,250,1000,1,37859, 1152
counting,250,1000,1,50309, 1168
counting,250,1000,1,36529, 1184
counting,250,1000,1,53913, 1200
counting,250,1000,1,36401, 1216
counting,250,1000,1,37454, 1232
counting,250,1000,1,35263, 1248
counting,250,1000,1,54190, 1264
counting,250,1000,1,38221, 1280
counting,250,1000,1,45613, 128
counting,250,1000,1,42098, 1296
counting,250,1000,1,37808, 1312
counting,250,1000,1,48914, 1328
counting,250,1000,1,50451, 1344
counting,250,1000,1,36387, 1360
counting,250,1000,1,41422, 1376
counting,250,1000,1,36781, 1392
counting,250,1000,1,39656, 1408
counting,250,1000,1,37101, 1424
counting,250,1000,1,36592, 1440
counting,250,1000,1,35496, 144
counting,250,1000,1,43309, 1456
counting,250,1000,1,37691, 1472
counting,250,1000,1,52232, 1488
counting,250,1000,1,46647, 1504
counting,250,1000,1,36354, 1520
counting,250,1000,1,60348, 1536
counting,250,1000,1,42216, 1552
counting,250,1000,1,37363, 1568
counting,250,1000,1,36255, 1584
counting,250,1000,1,41705, 1600
counting,250,1000,1,45998, 160
counting,250,1000,1,35528, 1616
counting,250,1000,1,49450, 1632
counting,250,1000,1,37463, 1648
counting,250,1000,1,37903, 1664
counting,250,1000,1,35398, 1680
counting,250,1000,1,42578, 1696
counting,250,1000,1,36171, 16
counting,250,1000,1,35868, 1712
counting,250,1000,1,45972, 1728
counting,250,1000,1,36389, 1744
counting,250,1000,1,42327, 1760
counting,250,1000,1,41241, 176
counting,250,1000,1,51247, 1776
counting,250,1000,1,60429, 1792
counting,250,1000,1,36621, 1808
counting,250,1000,1,49809, 1824
counting,250,1000,1,39989, 1840
counting,250,1000,1,48638, 1856
counting,250,1000,1,48629, 1872
counting,250,1000,1,38370, 1888
counting,250,1000,1,37115, 1904
counting,250,1000,1,37361, 1920
counting,250,1000,1,58513, 192
counting,250,1000,1,36239, 1936
counting,250,1000,1,36051, 1952
counting,250,1000,1,36217, 1968
counting,250,1000,1,37326, 1984
counting,250,1000,1,38605, 2000
counting,250,1000,1,49106, 2016
counting,250,1000,1,36312, 2032
counting,250,1000,1,38347, 2048
counting,250,1000,1,36468, 2064
counting,250,1000,1,37159, 2080
counting,250,1000,1,58599, 208
counting,250,1000,1,48549, 2096
counting,250,1000,1,49487, 2112
counting,250,1000,1,47576, 2128
counting,250,1000,1,36796, 2144
counting,250,1000,1,60547, 2160
counting,250,1000,1,35604, 2176
counting,250,1000,1,35182, 2192
counting,250,1000,1,38158, 2208
counting,250,1000,1,37418, 2224
counting,250,1000,1,38440, 2240
counting,250,1000,1,39049, 224
counting,250,1000,1,37648, 2256
counting,250,1000,1,60255, 2272
counting,250,1000,1,35804, 2288
counting,250,1000,1,37892, 2304
counting,250,1000,1,37712, 2320
counting,250,1000,1,47632, 2336
counting,250,1000,1,41520, 2352
counting,250,1000,1,43513, 2368
counting,250,1000,1,39300, 2384
counting,250,1000,1,35963, 2400
counting,250,1000,1,47501, 240
counting,250,1000,1,36437, 2416
counting,250,1000,1,37080, 2432
counting,250,1000,1,69916, 2448
counting,250,1000,1,36411, 2464
counting,250,1000,1,35442, 2480
counting,250,1000,1,35811, 2496
counting,250,1000,1,41206, 2512
counting,250,1000,1,36072, 2528
counting,250,1000,1,55029, 2544
counting,250,1000,1,50398, 2560
counting,250,1000,1,53221, 256
counting,250,1000,1,36990, 2576
counting,250,1000,1,36071, 2592
counting,250,1000,1,38867, 2608
counting,250,1000,1,50447, 2624
counting,250,1000,1,55036, 2640
counting,250,1000,1,36454, 2656
counting,250,1000,1,38387, 2672
counting,250,1000,1,38025, 2688
counting,250,1000,1,46582, 2704
counting,250,1000,1,37774, 2720
counting,250,1000,1,37658, 272
counting,250,1000,1,36585, 2736
counting,250,1000,1,48011, 2752
counting,250,1000,1,38045, 2768
counting,250,1000,1,36891, 2784
counting,250,1000,1,46620, 2800
counting,250,1000,1,36181, 2816
counting,250,1000,1,50293, 2832
counting,250,1000,1,46894, 2848
counting,250,1000,1,36771, 2864
counting,250,1000,1,37342, 2880
counting,250,1000,1,36183, 288
counting,250,1000,1,37318, 2896
counting,250,1000,1,38010, 2912
counting,250,1000,1,38098, 2928
counting,250,1000,1,38652, 2944
counting,250,1000,1,36023, 2960
counting,250,1000,1,41774, 2976
counting,250,1000,1,46543, 2992
counting,250,1000,1,37754, 3008
counting,250,1000,1,38126, 3024
counting,250,1000,1,50576, 3040
counting,250,1000,1,51364, 304
counting,250,1000,1,36271, 3056
counting,250,1000,1,55822, 3072
counting,250,1000,1,36142, 3088
counting,250,1000,1,74670, 3104
counting,250,1000,1,46656, 3120
counting,250,1000,1,38471, 3136
counting,250,1000,1,38510, 3152
counting,250,1000,1,36367, 3168
counting,250,1000,1,48927, 3184
counting,250,1000,1,37327, 3200
counting,250,1000,1,36250, 320
counting,250,1000,1,37388, 3216
counting,250,1000,1,36873, 3232
counting,250,1000,1,39068, 3248
counting,250,1000,1,37224, 3264
counting,250,1000,1,61716, 3280
counting,250,1000,1,38186, 3296
counting,250,1000,1,36153, 32
counting,250,1000,1,47893, 3312
counting,250,1000,1,38811, 3328
counting,250,1000,1,37277, 3344
counting,250,1000,1,37483, 3360
counting,250,1000,1,50653, 336
counting,250,1000,1,46644, 3376
counting,250,1000,1,47768, 3392
counting,250,1000,1,35089, 3408
counting,250,1000,1,39800, 3424
counting,250,1000,1,38331, 3440
counting,250,1000,1,40409, 3456
counting,250,1000,1,46759, 3472
counting,250,1000,1,37100, 3488
counting,250,1000,1,37439, 3504
counting,250,1000,1,49486, 3520
counting,250,1000,1,36415, 352
counting,250,1000,1,50157, 3536
counting,250,1000,1,38025, 3552
counting,250,1000,1,37996, 3568
counting,250,1000,1,53640, 3584
counting,250,1000,1,36497, 3600
counting,250,1000,1,36574, 3616
counting,250,1000,1,36813, 3632
counting,250,1000,1,36878, 3648
counting,250,1000,1,53597, 3664
counting,250,1000,1,49287, 3680
counting,250,1000,1,38352, 368
counting,250,1000,1,49271, 3696
counting,250,1000,1,60030, 3712
counting,250,1000,1,36282, 3728
counting,250,1000,1,36481, 3744
counting,250,1000,1,36326, 3760
counting,250,1000,1,35618, 3776
counting,250,1000,1,36362, 3792
counting,250,1000,1,37464, 3808
counting,250,1000,1,37400, 3824
counting,250,1000,1,36386, 3840
counting,250,1000,1,35938, 384
counting,250,1000,1,38911, 3856
counting,250,1000,1,45720, 3872
counting,250,1000,1,49157, 3888
counting,250,1000,1,37238, 3904
counting,250,1000,1,37370, 3920
counting,250,1000,1,36365, 3936
counting,250,1000,1,48891, 3952
counting,250,1000,1,36758, 3968
counting,250,1000,1,37805, 3984
counting,250,1000,1,49305, 4000
counting,250,1000,1,46433, 400
counting,250,1000,1,37839, 4016
counting,250,1000,1,36266, 4032
counting,250,1000,1,36277, 4048
counting,250,1000,1,48972, 4064
counting,250,1000,1,44694, 4080
counting,250,1000,1,37356, 4096
counting,250,1000,1,47076, 416
counting,250,1000,1,43333, 432
counting,250,1000,1,37927, 448
counting,250,1000,1,36468, 464
counting,250,1000,1,36548, 480
counting,250,1000,1,37334, 48
counting,250,1000,1,36529, 496
counting,250,1000,1,38259, 512
counting,250,1000,1,38141, 528
counting,250,1000,1,46515, 544
counting,250,1000,1,35455, 560
counting,250,1000,1,36588, 576
counting,250,1000,1,39011, 592
counting,250,1000,1,57715, 608
counting,250,1000,1,35796, 624
counting,250,1000,1,37660, 640
counting,250,1000,1,36738, 64
counting,250,1000,1,38000, 656
counting,250,1000,1,36736, 672
counting,250,1000,1,48892, 688
counting,250,1000,1,37174, 704
counting,250,1000,1,48543, 720
counting,250,1000,1,36004, 736
counting,250,1000,1,35851, 752
counting,250,1000,1,36352, 768
counting,250,1000,1,47586, 784
counting,250,1000,1,36068, 800
counting,250,1000,1,36575, 80
counting,250,1000,1,47759, 816
counting,250,1000,1,47028, 832
counting,250,1000,1,47888, 848
counting,250,1000,1,36464, 864
counting,250,1000,1,36168, 880
counting,250,1000,1,37979, 896
counting,250,1000,1,35502, 912
counting,250,1000,1,48783, 928
counting,250,1000,1,36506, 944
counting,250,1000,1,36701, 960
counting,250,1000,1,36321, 96
counting,250,1000,1,37485, 976
counting,250,1000,1,38515, 992
counting,350,1000,1,38829, 0
counting,350,1000,1,39832, 1008
counting,350,1000,1,36759, 1024
counting,350,1000,1,38001, 1040
counting,350,1000,1,38291, 1056
counting,350,1000,1,49999, 1072
counting,350,1000,1,47143, 1088
counting,350,1000,1,37187, 1104
counting,350,1000,1,39389, 1120
counting,350,1000,1,39229, 112
counting,350,1000,1,37199, 1136
counting,350,1000,1,38353, 1152
counting,350,1000,1,48978, 1168
counting,350,1000,1,36978, 1184
counting,350,1000,1,46109, 1200
counting,350,1000,1,47828, 1216
counting,350,1000,1,36757, 1232
counting,350,1000,1,36875, 1248
counting,350,1000,1,38179, 1264
counting,350,1000,1,39008, 1280
counting,350,1000,1,39821, 128
counting,350,1000,1,46659, 1296
counting,350,1000,1,45450, 1312
counting,350,1000,1,37544, 1328
counting,350,1000,1,40488, 1344
counting,350,1000,1,47973, 1360
counting,350,1000,1,38384, 1376
counting,350,1000,1,40085, 1392
counting,350,1000,1,38591, 1408
counting,350,1000,1,38848, 1424
counting,350,1000,1,36351, 1440
counting,350,1000,1,37323, 144
counting,350,1000,1,39507, 1456
counting,350,1000,1,44323, 1472
counting,350,1000,1,52865, 1488
counting,350,1000,1,39935, 1504
counting,350,1000,1,63352, 1520
counting,350,1000,1,47982, 1536
counting,350,1000,1,38786, 1552
counting,350,1000,1,37160, 1568
counting,350,1000,1,50091, 1584
counting,350,1000,1,37535, 1600
counting,350,1000,1,49608, 160
counting,350,1000,1,47029, 1616
counting,350,1000,1,37128, 1632
counting,350,1000,1,37417, 1648
counting,350,1000,1,38131, 1664
counting,350,1000,1,37608, 1680
counting,350,1000,1,46518, 1696
counting,350,1000,1,38424, 16
counting,350,1000,1,49708, 1712
counting,350,1000,1,55231, 1728
counting,350,1000,1,46382, 1744
counting,350,1000,1,37416, 1760
counting,350,1000,1,39895, 176
counting,350,1000,1,36719, 1776
counting,350,1000,1,37799, 1792
counting,350,1000,1,52772, 1808
counting,350,1000,1,51312, 1824
counting,350,1000,1,52250, 1840
counting,350,1000,1,38195, 1856
counting,350,1000,1,49591, 1872
counting,350,1000,1,47364, 1888
counting,350,1000,1,57271, 1904
counting,350,1000,1,57640, 1920
counting,350,1000,1,36935, 192
counting,350,1000,1,38786, 1936
counting,350,1000,1,40507, 1952
counting,350,1000,1,41129, 1968
counting,350,1000,1,56495, 1984
counting,350,1000,1,40338, 2000
counting,350,1000,1,37920, 2016
counting,350,1000,1,58059, 2032
counting,350,1000,1,37345, 2048
counting,350,1000,1,39123, 2064
counting,350,1000,1,48647, 2080
counting,350,1000,1,37533, 208
counting,350,1000,1,38103, 2096
counting,350,1000,1,36806, 2112
counting,350,1000,1,40468, 2128
counting,350,1000,1,37635, 2144
counting,350,1000,1,40160, 2160
counting,350,1000,1,49498, 2176
counting,350,1000,1,47765, 2192
counting,350,1000,1,41557, 2208
counting,350,1000,1,36478, 2224
counting,350,1000,1,38077, 2240
counting,350,1000,1,40230, 224
counting,350,1000,1,52095, 2256
counting,350,1000,1,39018, 2272
counting,350,1000,1,38227, 2288
counting,350,1000,1,38788, 2304
counting,350,1000,1,48467, 2320
counting,350,1000,1,36874, 2336
counting,350,1000,1,57989, 2352
counting,350,1000,1,37730, 2368
counting,350,1000,1,37229, 2384
counting,350,1000,1,37722, 2400
counting,350,1000,1,48863, 240
counting,350,1000,1,70187, 2416
counting,350,1000,1,62160, 2432
counting,350,1000,1,38235, 2448
counting,350,1000,1,48852, 2464
counting,350,1000,1,38794, 2480
counting,350,1000,1,38974, 2496
counting,350,1000,1,39848, 2512
counting,350,1000,1,36255, 2528
counting,350,1000,1,51034, 2544
counting,350,1000,1,40715, 2560
counting,350,1000,1,40951, 256
counting,350,1000,1,37713, 2576
counting,350,1000,1,37290, 2592
counting,350,1000,1,39844, 2608
counting,350,1000,1,37508, 2624
counting,350,1000,1,50677, 2640
counting,350,1000,1,37092, 2656
counting,350,1000,1,51078, 2672
counting,350,1000,1,50121, 2688
counting,350,1000,1,52204, 2704
counting,350,1000,1,37650, 2720
counting,350,1000,1,53244, 272
counting,350,1000,1,48903, 2736
counting,350,1000,1,38015, 2752
counting,350,1000,1,38167, 2768
counting,350,1000,1,48552, 2784
counting,350,1000,1,45790, 2800
counting,350,1000,1,37015, 2816
counting,350,1000,1,50567, 2832
counting,350,1000,1,39543, 2848
counting,350,1000,1,50208, 2864
counting,350,1000,1,38322, 2880
counting,350,1000,1,36258, 288
counting,350,1000,1,50206, 2896
counting,350,1000,1,50739, 2912
counting,350,1000,1,46988, 2928
counting,350,1000,1,42419, 2944
counting,350,1000,1,59724, 2960
counting,350,1000,1,48444, 2976
counting,350,1000,1,51080, 2992
counting,350,1000,1,49675, 3008
counting,350,1000,1,37903, 3024
counting,350,1000,1,40594, 3040
counting,350,1000,1,55024, 304
counting,350,1000,1,37359, 3056
counting,350,1000,1,49749, 3072
counting,350,1000,1,39989, 3088
counting,350,1000,1,37628, 3104
counting,350,1000,1,37593, 3120
counting,350,1000,1,37463, 3136
counting,350,1000,1,37299, 3152
counting,350,1000,1,48806, 3168
counting,350,1000,1,40471, 3184
counting,350,1000,1,40130, 3200
counting,350,1000,1,94032, 320
counting,350,1000,1,38924, 3216
counting,350,1000,1,37197, 3232
counting,350,1000,1,49257, 3248
counting,350,1000,1,51322, 3264
counting,350,1000,1,51174, 3280
counting,350,1000,1,38545, 3296
counting,350,1000,1,37091, 32
counting,350,1000,1,39028, 3312
counting,350,1000,1,37460, 3328
counting,350,1000,1,36188, 3344
counting,350,1000,1,50200, 3360
counting,350,1000,1,39208, 336
counting,350,1000,1,38923, 3376
counting,350,1000,1,41849, 3392
counting,350,1000,1,59927, 3408
counting,350,1000,1,37645, 3424
counting,350,1000,1,49836, 3440
counting,350,1000,1,40742, 3456
counting,350,1000,1,47432, 3472
counting,350,1000,1,63533, 3488
counting,350,1000,1,36806, 3504
counting,350,1000,1,46858, 3520
counting,350,1000,1,37692, 352
counting,350,1000,1,37846, 3536
counting,350,1000,1,54947, 3552
counting,350,1000,1,38770, 3568
counting,350,1000,1,37394, 3584
counting,350,1000,1,52418, 3600
counting,350,1000,1,50581, 3616
counting,350,1000,1,47697, 3632
counting,350,1000,1,50104, 3648
counting,350,1000,1,38701, 3664
counting,350,1000,1,48419, 3680
counting,350,1000,1,40624, 368
counting,350,1000,1,39133, 3696
counting,350,1000,1,39597, 3712
counting,350,1000,1,50280, 3728
counting,350,1000,1,38007, 3744
counting,350,1000,1,39492, 3760
counting,350,1000,1,55833, 3776
counting,350,1000,1,39026, 3792
counting,350,1000,1,50345, 3808
counting,350,1000,1,38739, 3824
counting,350,1000,1,38114, 3840
counting,350,1000,1,39003, 384
counting,350,1000,1,38730, 3856
counting,350,1000,1,39631, 3872
counting,350,1000,1,37152, 3888
counting,350,1000,1,64103, 3904
counting,350,1000,1,66096, 3920
counting,350,1000,1,63831, 3936
counting,350,1000,1,36800, 3952
counting,350,1000,1,38441, 3968
counting,350,1000,1,50467, 3984
counting,350,1000,1,36907, 4000
counting,350,1000,1,63663, 400
counting,350,1000,1,39814, 4016
counting,350,1000,1,40378, 4032
counting,350,1000,1,51434, 4048
counting,350,1000,1,37406, 4064
counting,350,1000,1,37856, 4080
counting,350,1000,1,37742, 4096
counting,350,1000,1,38627, 416
counting,350,1000,1,37588, 432
counting,350,1000,1,51054, 448
counting,350,1000,1,36943, 464
counting,350,1000,1,45476, 480
counting,350,1000,1,46284, 48
counting,350,1000,1,46204, 496
counting,350,1000,1,51152, 512
counting,350,1000,1,36863, 528
counting,350,1000,1,64513, 544
counting,350,1000,1,50861, 560
counting,350,1000,1,39125, 576
counting,350,1000,1,50162, 592
counting,350,1000,1,36645, 608
counting,350,1000,1,36155, 624
counting,350,1000,1,66414, 640
counting,350,1000,1,37324, 64
counting,350,1000,1,45101, 656
counting,350,1000,1,37992, 672
counting,350,1000,1,53063, 688
counting,350,1000,1,37469, 704
counting,350,1000,1,37433, 720
counting,350,1000,1,38509, 736
counting,350,1000,1,44894, 752
counting,350,1000,1,48785, 768
counting,350,1000,1,54057, 784
counting,350,1000,1,36705, 800
counting,350,1000,1,40449, 80
counting,350,1000,1,40597, 816
counting,350,1000,1,38789, 832
counting,350,1000,1,38200, 848
counting,350,1000,1,41215, 864
counting,350,1000,1,39242, 880
counting,350,1000,1,37858, 896
counting,350,1000,1,41640, 912
counting,350,1000,1,39051, 928
counting,350,1000,1,54003, 944
counting,350,1000,1,39401, 960
counting,350,1000,1,39043, 96
counting,350,1000,1,46832, 976
counting,350,1000,1,50945, 992
counting,450,1000,1,38168, 0
counting,450,1000,1,50994, 1008
counting,450,1000,1,47775, 1024
counting,450,1000,1,37411, 1040
counting,450,1000,1,40092, 1056
counting,450,1000,1,39506, 1072
counting,450,1000,1,38259, 1088
counting,450,1000,1,47195, 1104
counting,450,1000,1,40557, 1120
counting,450,1000,1,39084, 112
counting,450,1000,1,39103, 1136
counting,450,1000,1,52962, 1152
counting,450,1000,1,45284, 1168
counting,450,1000,1,48699, 1184
counting,450,1000,1,38544, 1200
counting,450,1000,1,40505, 1216
counting,450,1000,1,41257, 1232
counting,450,1000,1,38182, 1248
counting,450,1000,1,38317, 1264
counting,450,1000,1,40500, 1280
counting,450,1000,1,41358, 128
counting,450,1000,1,39409, 1296
counting,450,1000,1,38364, 1312
counting,450,1000,1,37587, 1328
counting,450,1000,1,39268, 1344
counting,450,1000,1,47346, 1360
counting,450,1000,1,39572, 1376
counting,450,1000,1,45454, 1392
counting,450,1000,1,51858, 1408
counting,450,1000,1,50441, 1424
counting,450,1000,1,37227, 1440
counting,450,1000,1,38564, 144
counting,450,1000,1,49213, 1456
counting,450,1000,1,39208, 1472
counting,450,1000,1,38516, 1488
counting,450,1000,1,37761, 1504
counting,450,1000,1,40641, 1520
counting,450,1000,1,51428, 1536
counting,450,1000,1,38093, 1552
counting,450,1000,1,42103, 1568
counting,450,1000,1,37531, 1584
counting,450,1000,1,52947, 1600
counting,450,1000,1,40781, 160
counting,450,1000,1,38669, 1616
counting,450,1000,1,53370, 1632
counting,450,1000,1,39793, 1648
counting,450,1000,1,50361, 1664
counting,450,1000,1,39929, 1680
counting,450,1000,1,39313, 1696
counting,450,1000,1,40081, 16
counting,450,1000,1,43581, 1712
counting,450,1000,1,40523, 1728
counting,450,1000,1,38568, 1744
counting,450,1000,1,39806, 1760
counting,450,1000,1,55083, 176
counting,450,1000,1,39468, 1776
counting,450,1000,1,49799, 1792
counting,450,1000,1,59073, 1808
counting,450,1000,1,59857, 1824
counting,450,1000,1,48328, 1840
counting,450,1000,1,39915, 1856
counting,450,1000,1,37554, 1872
counting,450,1000,1,42770, 1888
counting,450,1000,1,38512, 1904
counting,450,1000,1,38955, 1920
counting,450,1000,1,38731, 192
counting,450,1000,1,38987, 1936
counting,450,1000,1,37421, 1952
counting,450,1000,1,38816, 1968
counting,450,1000,1,37877, 1984
counting,450,1000,1,39442, 2000
counting,450,1000,1,36900, 2016
counting,450,1000,1,40068, 2032
counting,450,1000,1,39766, 2048
counting,450,1000,1,41300, 2064
counting,450,1000,1,40025, 2080
counting,450,1000,1,39463, 208
counting,450,1000,1,38045, 2096
counting,450,1000,1,51497, 2112
counting,450,1000,1,40209, 2128
counting,450,1000,1,46581, 2144
counting,450,1000,1,38634, 2160
counting,450,1000,1,51038, 2176
counting,450,1000,1,38600, 2192
counting,450,1000,1,39189, 2208
counting,450,1000,1,40316, 2224
counting,450,1000,1,40594, 2240
counting,450,1000,1,42204, 224
counting,450,1000,1,60440, 2256
counting,450,1000,1,41349, 2272
counting,450,1000,1,39643, 2288
counting,450,1000,1,41489, 2304
counting,450,1000,1,38512, 2320
counting,450,1000,1,47388, 2336
counting,450,1000,1,38276, 2352
counting,450,1000,1,38709, 2368
counting,450,1000,1,37590, 2384
counting,450,1000,1,47235, 2400
counting,450,1000,1,39851, 240
counting,450,1000,1,38790, 2416
counting,450,1000,1,38430, 2432
counting,450,1000,1,39132, 2448
counting,450,1000,1,45354, 2464
counting,450,1000,1,38812, 2480
counting,450,1000,1,38210, 2496
counting,450,1000,1,40475, 2512
counting,450,1000,1,43344, 2528
counting,450,1000,1,52064, 2544
counting,450,1000,1,38324, 2560
counting,450,1000,1,39099, 256
counting,450,1000,1,37697, 2576
counting,450,1000,1,38123, 2592
counting,450,1000,1,38785, 2608
counting,450,1000,1,48980, 2624
counting,450,1000,1,40580, 2640
counting,450,1000,1,40841, 2656
counting,450,1000,1,36929, 2672
counting,450,1000,1,38888, 2688
counting,450,1000,1,40789, 2704
counting,450,1000,1,39872, 2720
counting,450,1000,1,50649, 272
counting,450,1000,1,38169, 2736
counting,450,1000,1,51029, 2752
counting,450,1000,1,60164, 2768
counting,450,1000,1,41106, 2784
counting,450,1000,1,50658, 2800
counting,450,1000,1,38130, 2816
counting,450,1000,1,53607, 2832
counting,450,1000,1,38212, 2848
counting,450,1000,1,39902, 2864
counting,450,1000,1,41869, 2880
counting,450,1000,1,38480, 288
counting,450,1000,1,40969, 2896
counting,450,1000,1,39063, 2912
counting,450,1000,1,43394, 2928
counting,450,1000,1,52184, 2944
counting,450,1000,1,38514, 2960
counting,450,1000,1,38816, 2976
counting,450,1000,1,37761, 2992
counting,450,1000,1,38507, 3008
counting,450,1000,1,38898, 3024
counting,450,1000,1,38002, 3040
counting,450,1000,1,57044, 304
counting,450,1000,1,41056, 3056
counting,450,1000,1,38536, 3072
counting,450,1000,1,50558, 3088
counting,450,1000,1,59053, 3104
counting,450,1000,1,37097, 3120
counting,450,1000,1,40585, 3136
counting,450,1000,1,47360, 3152
counting,450,1000,1,37520, 3168
counting,450,1000,1,38743, 3184
counting,450,1000,1,49809, 3200
counting,450,1000,1,50983, 320
counting,450,1000,1,49940, 3216
counting,450,1000,1,41539, 3232
counting,450,1000,1,49533, 3248
counting,450,1000,1,55984, 3264
counting,450,1000,1,39854, 3280
counting,450,1000,1,37856, 3296
counting,450,1000,1,39334, 32
counting,450,1000,1,38683, 3312
counting,450,1000,1,38803, 3328
counting,450,1000,1,39642, 3344
counting,450,1000,1,52537, 3360
counting,450,1000,1,37957, 336
counting,450,1000,1,49008, 3376
counting,450,1000,1,41580, 3392
counting,450,1000,1,37965, 3408
counting,450,1000,1,49606, 3424
counting,450,1000,1,39793, 3440
counting,450,1000,1,37829, 3456
counting,450,1000,1,39040, 3472
counting,450,1000,1,40579, 3488
counting,450,1000,1,39446, 3504
counting,450,1000,1,37971, 3520
counting,450,1000,1,48801, 352
counting,450,1000,1,38618, 3536
counting,450,1000,1,38201, 3552
counting,450,1000,1,40424, 3568
counting,450,1000,1,38948, 3584
counting,450,1000,1,38054, 3600
counting,450,1000,1,38497, 3616
counting,450,1000,1,39289, 3632
counting,450,1000,1,49411, 3648
counting,450,1000,1,43029, 3664
counting,450,1000,1,39822, 3680
counting,450,1000,1,41881, 368
counting,450,1000,1,39389, 3696
counting,450,1000,1,55730, 3712
counting,450,1000,1,49964, 3728
counting,450,1000,1,38735, 3744
counting,450,1000,1,38253, 3760
counting,450,1000,1,39792, 3776
counting,450,1000,1,39083, 3792
counting,450,1000,1,38518, 3808
counting,450,1000,1,54598, 3824
counting,450,1000,1,53417, 3840
counting,450,1000,1,38664, 384
counting,450,1000,1,39214, 3856
counting,450,1000,1,51275, 3872
counting,450,1000,1,51434, 3888
counting,450,1000,1,39703, 3904
counting,450,1000,1,38121, 3920
counting,450,1000,1,38401, 3936
counting,450,1000,1,50079, 3952
counting,450,1000,1,37570, 3968
counting,450,1000,1,37293, 3984
counting,450,1000,1,42354, 4000
counting,450,1000,1,40085, 400
counting,450,1000,1,56462, 4016
counting,450,1000,1,39876, 4032
counting,450,1000,1,49698, 4048
counting,450,1000,1,42221, 4064
counting,450,1000,1,40754, 4080
counting,450,1000,1,50393, 4096
counting,450,1000,1,38779, 416
counting,450,1000,1,49125, 432
counting,450,1000,1,51801, 448
counting,450,1000,1,38485, 464
counting,450,1000,1,37628, 480
counting,450,1000,1,50219, 48
counting,450,1000,1,43387, 496
counting,450,1000,1,56447, 512
counting,450,1000,1,38439, 528
counting,450,1000,1,56370, 544
counting,450,1000,1,39952, 560
counting,450,1000,1,46235, 576
counting,450,1000,1,39766, 592
counting,450,1000,1,52762, 608
counting,450,1000,1,38457, 624
counting,450,1000,1,38259, 640
counting,450,1000,1,39102, 64
counting,450,1000,1,39820, 656
counting,450,1000,1,39237, 672
counting,450,1000,1,40824, 688
counting,450,1000,1,39436, 704
counting,450,1000,1,40037, 720
counting,450,1000,1,39916, 736
counting,450,1000,1,42296, 752
counting,450,1000,1,38170, 768
counting,450,1000,1,37418, 784
counting,450,1000,1,38564, 800
counting,450,1000,1,39624, 80
counting,450,1000,1,39430, 816
counting,450,1000,1,68988, 832
counting,450,1000,1,39275, 848
counting,450,1000,1,43636, 864
counting,450,1000,1,49606, 880
counting,450,1000,1,38889, 896
counting,450,1000,1,48683, 912
counting,450,1000,1,40256, 928
counting,450,1000,1,49422, 944
counting,450,1000,1,47562, 960
counting,450,1000,1,38303, 96
counting,450,1000,1,46658, 976
counting,450,1000,1,39363, 992
counting,50,1000,1,43121, 0
counting,50,1000,1,53131, 1008
counting,50,1000,1,39680, 1024
counting,50,1000,1,35089, 1040
counting,50,1000,1,51125, 1056
counting,50,1000,1,33519, 1072
counting,50,1000,1,33453, 1088
counting,50,1000,1,33735, 1104
counting,50,1000,1,34016, 1120
counting,50,1000,1,35586, 112
counting,50,1000,1,34074, 1136
counting,50,1000,1,65298, 1152
counting,50,1000,1,35438, 1168
counting,50,1000,1,39670, 1184
counting,50,1000,1,35493, 1200
counting,50,1000,1,37284, 1216
counting,50,1000,1,34349, 1232
counting,50,1000,1,34036, 1248
counting,50,1000,1,40502, 1264
counting,50,1000,1,36503, 1280
counting,50,1000,1,36804, 128
counting,50,1000,1,44888, 1296
counting,50,1000,1,40845, 1312
counting,50,1000,1,45853, 1328
counting,50,1000,1,49259, 1344
counting,50,1000,1,37339, 1360
counting,50,1000,1,34776, 1376
counting,50,1000,1,35246, 1392
counting,50,1000,1,34768, 1408
counting,50,1000,1,35986, 1424
counting,50,1000,1,33184, 1440
counting,50,1000,1,34359, 144
counting,50,1000,1,37073, 1456
counting,50,1000,1,44980, 1472
counting,50,1000,1,36810, 1488
counting,50,1000,1,34018, 1504
counting,50,1000,1,50701, 1520
counting,50,1000,1,45119, 1536
counting,50,1000,1,33764, 1552
counting,50,1000,1,34485, 1568
counting,50,1000,1,35398, 1584
counting,50,1000,1,36672, 1600
counting,50,1000,1,41036, 160
counting,50,1000,1,36385, 1616
counting,50,1000,1,34104, 1632
counting,50,1000,1,32983, 1648
counting,50,1000,1,60361, 1664
counting,50,1000,1,33617, 1680
counting,50,1000,1,32795, 1696
counting,50,1000,1,34356, 16
counting,50,1000,1,37135, 1712
counting,50,1000,1,34604, 1728
counting,50,1000,1,43347, 1744
counting,50,1000,1,60007, 1760
counting,50,1000,1,44740, 176
counting,50,1000,1,33796, 1776
counting,50,1000,1,38187, 1792
counting,50,1000,1,37294, 1808
counting,50,1000,1,34978, 1824
counting,50,1000,1,35546, 1840
counting,50,1000,1,44589, 1856
counting,50,1000,1,33366, 1872
counting,50,1000,1,34552, 1888
counting,50,1000,1,33946, 1904
counting,50,1000,1,52647, 1920
counting,50,1000,1,35714, 192
counting,50,1000,1,33744, 1936
counting,50,1000,1,45734, 1952
counting,50,1000,1,36013, 1968
counting,50,1000,1,34780, 1984
counting,50,1000,1,35328, 2000
counting,50,1000,1,38175, 2016
counting,50,1000,1,34107, 2032
counting,50,1000,1,44291, 2048
counting,50,1000,1,33811, 2064
counting,50,1000,1,35575, 2080
counting,50,1000,1,33040, 208
counting,50,1000,1,35797, 2096
counting,50,1000,1,46256, 2112
counting,50,1000,1,35843, 2128
counting,50,1000,1,78034, 2144
counting,50,1000,1,36285, 2160
counting,50,1000,1,35659, 2176
counting,50,1000,1,33893, 2192
counting,50,1000,1,36257, 2208
counting,50,1000,1,34393, 2224
counting,50,1000,1,34676, 2240
counting,50,1000,1,60587, 224
counting,50,1000,1,45563, 2256
counting,50,1000,1,45423, 2272
counting,50,1000,1,45019, 2288
counting,50,1000,1,46041, 2304
counting,50,1000,1,33099, 2320
counting,50,1000,1,44309, 2336
counting,50,1000,1,34039, 2352
counting,50,1000,1,34810, 2368
counting,50,1000,1,34784, 2384
counting,50,1000,1,34119, 2400
counting,50,1000,1,43317, 240
counting,50,1000,1,33479, 2416
counting,50,1000,1,35556, 2432
counting,50,1000,1,36922, 2448
counting,50,1000,1,35030, 2464
counting,50,1000,1,35104, 2480
counting,50,1000,1,38654, 2496
counting,50,1000,1,33715, 2512
counting,50,1000,1,33823, 2528
counting,50,1000,1,32728, 2544
counting,50,1000,1,46083, 2560
counting,50,1000,1,34692, 256
counting,50,1000,1,44446, 2576
counting,50,1000,1,44292, 2592
counting,50,1000,1,33698, 2608
counting,50,1000,1,43191, 2624
counting,50,1000,1,34059, 2640
counting,50,1000,1,42869, 2656
counting,50,1000,1,32634, 2672
counting,50,1000,1,35245, 2688
counting,50,1000,1,34129, 2704
counting,50,1000,1,39031, 2720
counting,50,1000,1,33933, 272
counting,50,1000,1,36123, 2736
counting,50,1000,1,54374, 2752
counting,50,1000,1,37911, 2768
counting,50,1000,1,42734, 2784
counting,50,1000,1,33942, 2800
counting,50,1000,1,35578, 2816
counting,50,1000,1,33582, 2832
counting,50,1000,1,35038, 2848
counting,50,1000,1,54775, 2864
counting,50,1000,1,34363, 2880
counting,50,1000,1,33840, 288
counting,50,1000,1,33343, 2896
counting,50,1000,1,36968, 2912
counting,50,1000,1,35375, 2928
counting,50,1000,1,46621, 2944
counting,50,1000,1,34710, 2960
counting,50,1000,1,34567, 2976
counting,50,1000,1,41421, 2992
counting,50,1000,1,42088, 3008
counting,50,1000,1,58641, 3024
counting,50,1000,1,35468, 3040
counting,50,1000,1,34995, 304
counting,50,1000,1,34394, 3056
counting,50,1000,1,36553, 3072
counting,50,1000,1,44467, 3088
counting,50,1000,1,33786, 3104
counting,50,1000,1,61720, 3120
counting,50,1000,1,36500, 3136
counting,50,1000,1,42708, 3152
counting,50,1000,1,33991, 3168
counting,50,1000,1,34065, 3184
counting,50,1000,1,55178, 3200
counting,50,1000,1,45399, 320
counting,50,1000,1,33623, 3216
counting,50,1000,1,35735, 3232
counting,50,1000,1,36278, 3248
counting,50,1000,1,45327, 3264
counting,50,1000,1,36930, 3280
counting,50,1000,1,33837, 3296
counting,50,1000,1,35307, 32
counting,50,1000,1,37118, 3312
counting,50,1000,1,34407, 3328
counting,50,1000,1,59537, 3344
counting,50,1000,1,34913, 3360
counting,50,1000,1,33969, 336
counting,50,1000,1,34370, 3376
counting,50,1000,1,34313, 3392
counting,50,1000,1,34529, 3408
counting,50,1000,1,34350, 3424
counting,50,1000,1,45187, 3440
counting,50,1000,1,35303, 3456
counting,50,1000,1,37218, 3472
counting,50,1000,1,55487, 3488
counting,50,1000,1,34319, 3504
counting,50,1000,1,34062, 3520
counting,50,1000,1,37932, 352
counting,50,1000,1,33912, 3536
counting,50,1000,1,46581, 3552
counting,50,1000,1,43025, 3568
counting,50,1000,1,47407, 3584
counting,50,1000,1,34755, 3600
counting,50,1000,1,47573, 3616
counting,50,1000,1,34035, 3632
counting,50,1000,1,34197, 3648
counting,50,1000,1,35309, 3664
counting,50,1000,1,35457, 3680
counting,50,1000,1,57990, 368
counting,50,1000,1,34014, 3696
counting,50,1000,1,46135, 3712
counting,50,1000,1,34204, 3728
counting,50,1000,1,48320, 3744
counting,50,1000,1,46049, 3760
counting,50,1000,1,35363, 3776
counting,50,1000,1,43537, 3792
counting,50,1000,1,34458, 3808
counting,50,1000,1,51030, 3824
counting,50,1000,1,42616, 3840
counting,50,1000,1,34248, 384
counting,50,1000,1,35027, 3856
counting,50,1000,1,36591, 3872
counting,50,1000,1,35673, 3888
counting,50,1000,1,34903, 3904
counting,50,1000,1,37525, 3920
counting,50,1000,1,46251, 3936
counting,50,1000,1,44506, 3952
counting,50,1000,1,34273, 3968
counting,50,1000,1,44090, 3984
counting,50,1000,1,35240, 4000
counting,50,1000,1,36398, 400
counting,50,1000,1,34180, 4016
counting,50,1000,1,33202, 4032
counting,50,1000,1,32910, 4048
counting,50,1000,1,33110, 4064
counting,50,1000,1,35015, 4080
counting,50,1000,1,33334, 4096
counting,50,1000,1,38215, 416
counting,50,1000,1,43413, 432
counting,50,1000,1,37490, 448
counting,50,1000,1,37130, 464
counting,50,1000,1,33935, 480
counting,50,1000,1,35849, 48
counting,50,1000,1,35657, 496
counting,50,1000,1,34318, 512
counting,50,1000,1,46827, 528
counting,50,1000,1,32339, 544
counting,50,1000,1,34423, 560
counting,50,1000,1,46765, 576
counting,50,1000,1,33904, 592
counting,50,1000,1,32524, 608
counting,50,1000,1,34818, 624
counting,50,1000,1,36801, 640
counting,50,1000,1,36870, 64
counting,50,1000,1,33850, 656
counting,50,1000,1,37321, 672
counting,50,1000,1,33264, 688
counting,50,1000,1,46802, 704
counting,50,1000,1,44695, 720
counting,50,1000,1,34095, 736
counting,50,1000,1,46368, 752
counting,50,1000,1,34910, 768
counting,50,1000,1,49277, 784
counting,50,1000,1,34151, 800
counting,50,1000,1,36625, 80
counting,50,1000,1,49728, 816
counting,50,1000,1,35843, 832
counting,50,1000,1,33675, 848
counting,50,1000,1,46231, 864
counting,50,1000,1,35381, 880
counting,50,1000,1,34225, 896
counting,50,1000,1,34077, 912
counting,50,1000,1,35172, 928
counting,50,1000,1,40853, 944
counting,50,1000,1,34208, 960
counting,50,1000,1,42614, 96
counting,50,1000,1,35998, 976
counting,50,1000,1,44192, 992
counting,550,1000,1,40935, 0
counting,550,1000,1,48585, 1008
counting,550,1000,1,39004, 1024
counting,550,1000,1,48767, 1040
counting,550,1000,1,40014, 1056
counting,550,1000,1,39415, 1072
counting,550,1000,1,40052, 1088
counting,550,1000,1,47744, 1104
counting,550,1000,1,38840, 1120
counting,550,1000,1,48930, 112
counting,550,1000,1,40593, 1136
counting,550,1000,1,39421, 1152
counting,550,1000,1,52636, 1168
counting,550,1000,1,44137, 1184
counting,550,1000,1,39196, 1200
counting,550,1000,1,39661, 1216
counting,550,1000,1,53157, 1232
counting,550,1000,1,39954, 1248
counting,550,1000,1,51651, 1264
counting,550,1000,1,42099, 1280
counting,550,1000,1,46896, 128
counting,550,1000,1,39085, 1296
counting,550,1000,1,47462, 1312
counting,550,1000,1,39856, 1328
counting,550,1000,1,61428, 1344
counting,550,1000,1,64840, 1360
counting,550,1000,1,40088, 1376
counting,550,1000,1,40153, 1392
counting,550,1000,1,40897, 1408
counting,550,1000,1,40056, 1424
counting,550,1000,1,40200, 1440
counting,550,1000,1,42027, 144
counting,550,1000,1,39653, 1456
counting,550,1000,1,41200, 1472
counting,550,1000,1,38208, 1488
counting,550,1000,1,44021, 1504
counting,550,1000,1,53791, 1520
counting,550,1000,1,50549, 1536
counting,550,1000,1,50888, 1552
counting,550,1000,1,53756, 1568
counting,550,1000,1,53558, 1584
counting,550,1000,1,39607, 1600
counting,550,1000,1,40111, 160
counting,550,1000,1,40266, 1616
counting,550,1000,1,38365, 1632
counting,550,1000,1,39231, 1648
counting,550,1000,1,53266, 1664
counting,550,1000,1,38459, 1680
counting,550,1000,1,40068, 1696
counting,550,1000,1,51636, 16
counting,550,1000,1,40028, 1712
counting,550,1000,1,42548, 1728
counting,550,1000,1,57192, 1744
counting,550,1000,1,39270, 1760
counting,550,1000,1,50128, 176
counting,550,1000,1,51842, 1776
counting,550,1000,1,40016, 1792
counting,550,1000,1,50447, 1808
counting,550,1000,1,45496, 1824
counting,550,1000,1,40554, 1840
counting,550,1000,1,51388, 1856
counting,550,1000,1,38961, 1872
counting,550,1000,1,40986, 1888
counting,550,1000,1,51177, 1904
counting,550,1000,1,41604, 1920
counting,550,1000,1,45117, 192
counting,550,1000,1,37959, 1936
counting,550,1000,1,45218, 1952
counting,550,1000,1,42238, 1968
counting,550,1000,1,50915, 1984
counting,550,1000,1,40171, 2000
counting,550,1000,1,40224, 2016
counting,550,1000,1,63060, 2032
counting,550,1000,1,38596, 2048
counting,550,1000,1,40783, 2064
counting,550,1000,1,39923, 2080
counting,550,1000,1,40029, 208
counting,550,1000,1,40186, 2096
counting,550,1000,1,39587, 2112
counting,550,1000,1,52262, 2128
counting,550,1000,1,39915, 2144
counting,550,1000,1,45727, 2160
counting,550,1000,1,51310, 2176
counting,550,1000,1,50020, 2192
counting,550,1000,1,40315, 2208
counting,550,1000,1,41171, 2224
counting,550,1000,1,42560, 2240
counting,550,1000,1,39011, 224
counting,550,1000,1,47621, 2256
counting,550,1000,1,43862, 2272
counting,550,1000,1,40529, 2288
counting,550,1000,1,51410, 2304
counting,550,1000,1,39512, 2320
counting,550,1000,1,40708, 2336
counting,550,1000,1,41542, 2352
counting,550,1000,1,69716, 2368
counting,550,1000,1,45683, 2384
counting,550,1000,1,52404, 2400
counting,550,1000,1,37454, 240
counting,550,1000,1,38894, 2416
counting,550,1000,1,41429, 2432
counting,550,1000,1,39658, 2448
counting,550,1000,1,39053, 2464
counting,550,1000,1,40907, 2480
counting,550,1000,1,68951, 2496
counting,550,1000,1,72191, 2512
counting,550,1000,1,39381, 2528
counting,550,1000,1,54590, 2544
counting,550,1000,1,39964, 2560
counting,550,1000,1,40041, 256
counting,550,1000,1,52856, 2576
counting,550,1000,1,39050, 2592
counting,550,1000,1,42255, 2608
counting,550,1000,1,75973, 2624
counting,550,1000,1,40098, 2640
counting,550,1000,1,37832, 2656
counting,550,1000,1,40740, 2672
counting,550,1000,1,41690, 2688
counting,550,1000,1,67507, 2704
counting,550,1000,1,51536, 2720
counting,550,1000,1,39683, 272
counting,550,1000,1,40592, 2736
counting,550,1000,1,41683, 2752
counting,550,1000,1,39357, 2768
counting,550,1000,1,53961, 2784
counting,550,1000,1,47484, 2800
counting,550,1000,1,39060, 2816
counting,550,1000,1,51271, 2832
counting,550,1000,1,40085, 2848
counting,550,1000,1,69496, 2864
counting,550,1000,1,40670, 2880
counting,550,1000,1,40505, 288
counting,550,1000,1,41096, 2896
counting,550,1000,1,38443, 2912
counting,550,1000,1,46525, 2928
counting,550,1000,1,54862, 2944
counting,550,1000,1,41084, 2960
counting,550,1000,1,52326, 2976
counting,550,1000,1,40287, 2992
counting,550,1000,1,41339, 3008
counting,550,1000,1,62278, 3024
counting,550,1000,1,51276, 3040
counting,550,1000,1,39706, 304
counting,550,1000,1,39227, 3056
counting,550,1000,1,39494, 3072
counting,550,1000,1,41903, 3088
counting,550,1000,1,40692, 3104
counting,550,1000,1,39340, 3120
counting,550,1000,1,37730, 3136
counting,550,1000,1,39577, 3152
counting,550,1000,1,37865, 3168
counting,550,1000,1,41190, 3184
counting,550,1000,1,51406, 3200
counting,550,1000,1,41826, 320
counting,550,1000,1,42182, 3216
counting,550,1000,1,49061, 3232
counting,550,1000,1,39442, 3248
counting,550,1000,1,50194, 3264
counting,550,1000,1,40693, 3280
counting,550,1000,1,42212, 3296
counting,550,1000,1,51610, 32
counting,550,1000,1,38624, 3312
counting,550,1000,1,39299, 3328
counting,550,1000,1,50800, 3344
counting,550,1000,1,50732, 3360
counting,550,1000,1,42656, 336
counting,550,1000,1,41262, 3376
counting,550,1000,1,41117, 3392
counting,550,1000,1,40886, 3408
counting,550,1000,1,42996, 3424
counting,550,1000,1,40189, 3440
counting,550,1000,1,52318, 3456
counting,550,1000,1,39069, 3472
counting,550,1000,1,51433, 3488
counting,550,1000,1,40157, 3504
counting,550,1000,1,48486, 3520
counting,550,1000,1,39161, 352
counting,550,1000,1,40514, 3536
counting,550,1000,1,40528, 3552
counting,550,1000,1,38856, 3568
counting,550,1000,1,40519, 3584
counting,550,1000,1,49513, 3600
counting,550,1000,1,51275, 3616
counting,550,1000,1,43470, 3632
counting,550,1000,1,52452, 3648
counting,550,1000,1,39344, 3664
counting,550,1000,1,54184, 3680
counting,550,1000,1,50196, 368
counting,550,1000,1,41438, 3696
counting,550,1000,1,42774, 3712
counting,550,1000,1,40489, 3728
counting,550,1000,1,39142, 3744
counting,550,1000,1,59350, 3760
counting,550,1000,1,53596, 3776
counting,550,1000,1,41037, 3792
counting,550,1000,1,39023, 3808
counting,550,1000,1,41594, 3824
counting,550,1000,1,40251, 3840
counting,550,1000,1,51579, 384
counting,550,1000,1,51968, 3856
counting,550,1000,1,50561, 3872
counting,550,1000,1,53958, 3888
counting,550,1000,1,39678, 3904
counting,550,1000,1,43933, 3920
counting,550,1000,1,40231, 3936
counting,550,1000,1,42505, 3952
counting,550,1000,1,41023, 3968
counting,550,1000,1,53244, 3984
counting,550,1000,1,39412, 4000
counting,550,1000,1,38768, 400
counting,550,1000,1,52856, 4016
counting,550,1000,1,41001, 4032
counting,550,1000,1,51218, 4048
counting,550,1000,1,41678, 4064
counting,550,1000,1,40089, 4080
counting,550,1000,1,38513, 4096
counting,550,1000,1,42164, 416
counting,550,1000,1,41336, 432
counting,550,1000,1,43373, 448
counting,550,1000,1,39829, 464
counting,550,1000,1,41890, 480
counting,550,1000,1,51185, 48
counting,550,1000,1,39777, 496
counting,550,1000,1,40440, 512
counting,550,1000,1,56220, 528
counting,550,1000,1,39317, 544
counting,550,1000,1,39159, 560
counting,550,1000,1,39571, 576
counting,550,1000,1,40109, 592
counting,550,1000,1,40981, 608
counting,550,1000,1,39294, 624
counting,550,1000,1,39381, 640
counting,550,1000,1,40232, 64
counting,550,1000,1,67539, 656
counting,550,1000,1,48265, 672
counting,550,1000,1,39962, 688
counting,550,1000,1,39570, 704
counting,550,1000,1,39137, 720
counting,550,1000,1,38838, 736
counting,550,1000,1,39172, 752
counting,550,1000,1,64299, 768
counting,550,1000,1,39971, 784
counting,550,1000,1,39100, 800
counting,550,1000,1,40358, 80
counting,550,1000,1,49774, 816
counting,550,1000,1,53074, 832
counting,550,1000,1,40543, 848
counting,550,1000,1,52676, 864
counting,550,1000,1,39309, 880
counting,550,1000,1,39904, 896
counting,550,1000,1,39332, 912
counting,550,1000,1,41911, 928
counting,550,1000,1,53753, 944
counting,550,1000,1,39489, 960
counting,550,1000,1,41576, 96
counting,550,1000,1,39020, 976
counting,550,1000,1,38636, 992
counting,650,1000,1,51099, 0
counting,650,1000,1,43187, 1008
counting,650,1000,1,55149, 1024
counting,650,1000,1,40845, 1040
counting,650,1000,1,48410, 1056
counting,650,1000,1,40897, 1072
counting,650,1000,1,61955, 1088
counting,650,1000,1,39505, 1104
counting,650,1000,1,40837, 1120
counting,650,1000,1,52281, 112
counting,650,1000,1,50608, 1136
counting,650,1000,1,66722, 1152
counting,650,1000,1,39007, 1168
counting,650,1000,1,40785, 1184
counting,650,1000,1,52603, 1200
counting,650,1000,1,50441, 1216
counting,650,1000,1,39110, 1232
counting,650,1000,1,53310, 1248
counting,650,1000,1,49738, 1264
counting,650,1000,1,40041, 1280
counting,650,1000,1,41262, 128
counting,650,1000,1,54087, 1296
counting,650,1000,1,57868, 1312
counting,650,1000,1,39599, 1328
counting,650,1000,1,53826, 1344
counting,650,1000,1,43655, 1360
counting,650,1000,1,41194, 1376
counting,650,1000,1,41665, 1392
counting,650,1000,1,42665, 1408
counting,650,1000,1,39105, 1424
counting,650,1000,1,40596, 1440
counting,650,1000,1,48020, 144
counting,650,1000,1,39936, 1456
counting,650,1000,1,57289, 1472
counting,650,1000,1,49405, 1488
counting,650,1000,1,55939, 1504
counting,650,1000,1,40887, 1520
counting,650,1000,1,41790, 1536
counting,650,1000,1,58660, 1552
counting,650,1000,1,41414, 1568
counting,650,1000,1,40963, 1584
counting,650,1000,1,40006, 1600
counting,650,1000,1,39888, 160
counting,650,1000,1,56476, 1616
counting,650,1000,1,39253, 1632
counting,650,1000,1,40529, 1648
counting,650,1000,1,40944, 1664
counting,650,1000,1,39745, 1680
counting,650,1000,1,42000, 1696
counting,650,1000,1,52682, 16
counting,650,1000,1,54429, 1712
counting,650,1000,1,42264, 1728
counting,650,1000,1,48852, 1744
counting,650,1000,1,62089, 1760
counting,650,1000,1,49070, 176
counting,650,1000,1,53643, 1776
counting,650,1000,1,51897, 1792
counting,650,1000,1,40158, 1808
counting,650,1000,1,51290, 1824
counting,650,1000,1,49723, 1840
counting,650,1000,1,51156, 1856
counting,650,1000,1,71000, 1872
counting,650,1000,1,72357, 1888
counting,650,1000,1,42193, 1904
counting,650,1000,1,52511, 1920
counting,650,1000,1,51565, 192
counting,650,1000,1,41155, 1936
counting,650,1000,1,39935, 1952
counting,650,1000,1,41950, 1968
counting,650,1000,1,40267, 1984
counting,650,1000,1,42211, 2000
counting,650,1000,1,44197, 2016
counting,650,1000,1,53941, 2032
counting,650,1000,1,40188, 2048
counting,650,1000,1,47292, 2064
counting,650,1000,1,50296, 2080
counting,650,1000,1,40703, 208
counting,650,1000,1,52589, 2096
counting,650,1000,1,40663, 2112
counting,650,1000,1,43041, 2128
counting,650,1000,1,40105, 2144
counting,650,1000,1,52580, 2160
counting,650,1000,1,50304, 2176
counting,650,1000,1,51791, 2192
counting,650,1000,1,39769, 2208
counting,650,1000,1,38851, 2224
counting,650,1000,1,50371, 2240
counting,650,1000,1,40428, 224
counting,650,1000,1,62678, 2256
counting,650,1000,1,44025, 2272
counting,650,1000,1,40449, 2288
counting,650,1000,1,64754, 2304
counting,650,1000,1,40581, 2320
counting,650,1000,1,40171, 2336
counting,650,1000,1,40116, 2352
counting,650,1000,1,70691, 2368
counting,650,1000,1,53267, 2384
counting,650,1000,1,46519, 2400
counting,650,1000,1,40060, 240
counting,650,1000,1,52672, 2416
counting,650,1000,1,41667, 2432
counting,650,1000,1,40285, 2448
counting,650,1000,1,50263, 2464
counting,650,1000,1,39293, 2480
counting,650,1000,1,40767, 2496
counting,650,1000,1,39807, 2512
counting,650,1000,1,52760, 2528
counting,650,1000,1,40712, 2544
counting,650,1000,1,42426, 2560
counting,650,1000,1,41216, 256
counting,650,1000,1,41466, 2576
counting,650,1000,1,44494, 2592
counting,650,1000,1,39757, 2608
counting,650,1000,1,46789, 2624
counting,650,1000,1,43153, 2640
counting,650,1000,1,38516, 2656
counting,650,1000,1,89810, 2672
counting,650,1000,1,39840, 2688
counting,650,1000,1,51932, 2704
counting,650,1000,1,53659, 2720
counting,650,1000,1,41639, 272
counting,650,1000,1,43514, 2736
counting,650,1000,1,58917, 2752
counting,650,1000,1,59086, 2768
counting,650,1000,1,49007, 2784
counting,650,1000,1,55243, 2800
counting,650,1000,1,52597, 2816
counting,650,1000,1,39989, 2832
counting,650,1000,1,39283, 2848
counting,650,1000,1,39495, 2864
counting,650,1000,1,39382, 2880
counting,650,1000,1,39750, 288
counting,650,1000,1,40596, 2896
counting,650,1000,1,43210, 2912
counting,650,1000,1,45030, 2928
counting,650,1000,1,53138, 2944
counting,650,1000,1,40763, 2960
counting,650,1000,1,40172, 2976
counting,650,1000,1,40817, 2992
counting,650,1000,1,41109, 3008
counting,650,1000,1,40367, 3024
counting,650,1000,1,41112, 3040
counting,650,1000,1,39921, 304
counting,650,1000,1,43498, 3056
counting,650,1000,1,45253, 3072
counting,650,1000,1,41538, 3088
counting,650,1000,1,42525, 3104
counting,650,1000,1,40973, 3120
counting,650,1000,1,41058, 3136
counting,650,1000,1,65952, 3152
counting,650,1000,1,52501, 3168
counting,650,1000,1,59650, 3184
counting,650,1000,1,54278, 3200
counting,650,1000,1,50247, 320
counting,650,1000,1,52435, 3216
counting,650,1000,1,40796, 3232
counting,650,1000,1,40048, 3248
counting,650,1000,1,43394, 3264
counting,650,1000,1,40299, 3280
counting,650,1000,1,41160, 3296
counting,650,1000,1,39808, 32
counting,650,1000,1,39529, 3312
counting,650,1000,1,39938, 3328
counting,650,1000,1,54585, 3344
counting,650,1000,1,40167, 3360
counting,650,1000,1,41535, 336
counting,650,1000,1,40423, 3376
counting,650,1000,1,40862, 3392
counting,650,1000,1,42054, 3408
counting,650,1000,1,43704, 3424
counting,650,1000,1,53183, 3440
counting,650,1000,1,41632, 3456
counting,650,1000,1,39554, 3472
counting,650,1000,1,40154, 3488
counting,650,1000,1,40115, 3504
counting,650,1000,1,43374, 3520
counting,650,1000,1,45774, 352
counting,650,1000,1,41884, 3536
counting,650,1000,1,44805, 3552
counting,650,1000,1,39562, 3568
counting,650,1000,1,40034, 3584
counting,650,1000,1,41459, 3600
counting,650,1000,1,52674, 3616
counting,650,1000,1,39469, 3632
counting,650,1000,1,40465, 3648
counting,650,1000,1,59489, 3664
counting,650,1000,1,41752, 3680
counting,650,1000,1,40256, 368
counting,650,1000,1,39965, 3696
counting,650,1000,1,40441, 3712
counting,650,1000,1,42249, 3728
counting,650,1000,1,41204, 3744
counting,650,1000,1,43033, 3760
counting,650,1000,1,39824, 3776
counting,650,1000,1,43430, 3792
counting,650,1000,1,43670, 3808
counting,650,1000,1,52730, 3824
counting,650,1000,1,42130, 3840
counting,650,1000,1,43670, 384
counting,650,1000,1,43389, 3856
counting,650,1000,1,39525, 3872
counting,650,1000,1,43275, 3888
counting,650,1000,1,41734, 3904
counting,650,1000,1,39595, 3920
counting,650,1000,1,53207, 3936
counting,650,1000,1,53877, 3952
counting,650,1000,1,55926, 3968
counting,650,1000,1,65808, 3984
counting,650,1000,1,40900, 4000
counting,650,1000,1,40979, 400
counting,650,1000,1,53579, 4016
counting,650,1000,1,40811, 4032
counting,650,1000,1,49488, 4048
counting,650,1000,1,52525, 4064
counting,650,1000,1,40569, 4080
counting,650,1000,1,43974, 4096
counting,650,1000,1,46167, 416
counting,650,1000,1,50532, 432
counting,650,1000,1,41957, 448
counting,650,1000,1,40193, 464
counting,650,1000,1,40035, 480
counting,650,1000,1,53144, 48
counting,650,1000,1,53481, 496
counting,650,1000,1,42992, 512
counting,650,1000,1,39812, 528
counting,650,1000,1,53930, 544
counting,650,1000,1,39163, 560
counting,650,1000,1,41405, 576
counting,650,1000,1,38631, 592
counting,650,1000,1,50432, 608
counting,650,1000,1,40437, 624
counting,650,1000,1,43234, 640
counting,650,1000,1,41698, 64
counting,650,1000,1,44858, 656
counting,650,1000,1,39797, 672
counting,650,1000,1,41236, 688
counting,650,1000,1,47893, 704
counting,650,1000,1,57346, 720
counting,650,1000,1,40761, 736
counting,650,1000,1,39327, 752
counting,650,1000,1,41280, 768
counting,650,1000,1,64889, 784
counting,650,1000,1,42145, 800
counting,650,1000,1,40249, 80
counting,650,1000,1,38501, 816
counting,650,1000,1,42464, 832
counting,650,1000,1,49850, 848
counting,650,1000,1,52122, 864
counting,650,1000,1,40194, 880
counting,650,1000,1,53422, 896
counting,650,1000,1,39731, 912
counting,650,1000,1,40040, 928
counting,650,1000,1,43888, 944
counting,650,1000,1,38986, 960
counting,650,1000,1,41106, 96
counting,650,1000,1,41058, 976
counting,650,1000,1,40418, 992
counting,750,1000,1,42540, 0
counting,750,1000,1,64533, 1008
counting,750,1000,1,53717, 1024
counting,750,1000,1,40466, 1040
counting,750,1000,1,41159, 1056
counting,750,1000,1,40394, 1072
counting,750,1000,1,54980, 1088
counting,750,1000,1,39926, 1104
counting,750,1000,1,40891, 1120
counting,750,1000,1,41940, 112
counting,750,1000,1,39457, 1136
counting,750,1000,1,42113, 1152
counting,750,1000,1,39814, 1168
counting,750,1000,1,41946, 1184
counting,750,1000,1,41154, 1200
counting,750,1000,1,42718, 1216
counting,750,1000,1,40483, 1232
counting,750,1000,1,52614, 1248
counting,750,1000,1,52530, 1264
counting,750,1000,1,45177, 1280
counting,750,1000,1,47302, 128
counting,750,1000,1,41455, 1296
counting,750,1000,1,40996, 1312
counting,750,1000,1,56153, 1328
counting,750,1000,1,39605, 1344
counting,750,1000,1,41886, 1360
counting,750,1000,1,42801, 1376
counting,750,1000,1,40098, 1392
counting,750,1000,1,40366, 1408
counting,750,1000,1,40443, 1424
counting,750,1000,1,52145, 1440
counting,750,1000,1,44225, 144
counting,750,1000,1,40559, 1456
counting,750,1000,1,46583, 1472
counting,750,1000,1,42152, 1488
counting,750,1000,1,40584, 1504
counting,750,1000,1,42540, 1520
counting,750,1000,1,60021, 1536
counting,750,1000,1,59902, 1552
counting,750,1000,1,39226, 1568
counting,750,1000,1,46809, 1584
counting,750,1000,1,42187, 1600
counting,750,1000,1,53371, 160
counting,750,1000,1,47165, 1616
counting,750,1000,1,40633, 1632
counting,750,1000,1,39893, 1648
counting,750,1000,1,41484, 1664
counting,750,1000,1,42674, 1680
counting,750,1000,1,52248, 1696
counting,750,1000,1,41366, 16
counting,750,1000,1,39974, 1712
counting,750,1000,1,45564, 1728
counting,750,1000,1,41134, 1744
counting,750,1000,1,41379, 1760
counting,750,1000,1,40636, 176
counting,750,1000,1,41225, 1776
counting,750,1000,1,41217, 1792
counting,750,1000,1,40208, 1808
counting,750,1000,1,40620, 1824
counting,750,1000,1,41655, 1840
counting,750,1000,1,40457, 1856
counting,750,1000,1,44177, 1872
counting,750,1000,1,44094, 1888
counting,750,1000,1,40214, 1904
counting,750,1000,1,42238, 1920
counting,750,1000,1,42575, 192
counting,750,1000,1,54198, 1936
counting,750,1000,1,48534, 1952
counting,750,1000,1,42551, 1968
counting,750,1000,1,49279, 1984
counting,750,1000,1,42193, 2000
counting,750,1000,1,52382, 2016
counting,750,1000,1,38849, 2032
counting,750,1000,1,40558, 2048
counting,750,1000,1,43194, 2064
counting,750,1000,1,43780, 2080
counting,750,1000,1,40519, 208
counting,750,1000,1,72828, 2096
counting,750,1000,1,42792, 2112
counting,750,1000,1,39691, 2128
counting,750,1000,1,43678, 2144
counting,750,1000,1,41244, 2160
counting,750,1000,1,59894, 2176
counting,750,1000,1,41613, 2192
counting,750,1000,1,57305, 2208
counting,750,1000,1,52421, 2224
counting,750,1000,1,41638, 2240
counting,750,1000,1,52186, 224
counting,750,1000,1,42003, 2256
counting,750,1000,1,46156, 2272
counting,750,1000,1,44799, 2288
counting,750,1000,1,39635, 2304
counting,750,1000,1,59784, 2320
counting,750,1000,1,43384, 2336
counting,750,1000,1,41456, 2352
counting,750,1000,1,42662, 2368
counting,750,1000,1,48370, 2384
counting,750,1000,1,62197, 2400
counting,750,1000,1,40079, 240
counting,750,1000,1,54385, 2416
counting,750,1000,1,41031, 2432
counting,750,1000,1,41333, 2448
counting,750,1000,1,41717, 2464
counting,750,1000,1,43232, 2480
counting,750,1000,1,51664, 2496
counting,750,1000,1,53984, 2512
counting,750,1000,1,40359, 2528
counting,750,1000,1,40379, 2544
counting,750,1000,1,40706, 2560
counting,750,1000,1,42026, 256
counting,750,1000,1,40474, 2576
counting,750,1000,1,40030, 2592
counting,750,1000,1,42991, 2608
counting,750,1000,1,55470, 2624
counting,750,1000,1,40149, 2640
counting,750,1000,1,40274, 2656
counting,750,1000,1,44139, 2672
counting,750,1000,1,54527, 2688
counting,750,1000,1,43024, 2704
counting,750,1000,1,41231, 2720
counting,750,1000,1,40153, 272
counting,750,1000,1,39853, 2736
counting,750,1000,1,55629, 2752
counting,750,1000,1,51003, 2768
counting,750,1000,1,39844, 2784
counting,750,1000,1,42207, 2800
counting,750,1000,1,41843, 2816
counting,750,1000,1,44366, 2832
counting,750,1000,1,51802, 2848
counting,750,1000,1,39860, 2864
counting,750,1000,1,58959, 2880
counting,750,1000,1,55452, 288
counting,750,1000,1,40536, 2896
counting,750,1000,1,42657, 2912
counting,750,1000,1,67814, 2928
counting,750,1000,1,55573, 2944
counting,750,1000,1,42564, 2960
counting,750,1000,1,54771, 2976
counting,750,1000,1,42639, 2992
counting,750,1000,1,47730, 3008
counting,750,1000,1,59304, 3024
counting,750,1000,1,43155, 3040
counting,750,1000,1,54992, 304
counting,750,1000,1,63062, 3056
counting,750,1000,1,41668, 3072
counting,750,1000,1,40850, 3088
counting,750,1000,1,40782, 3104
counting,750,1000,1,40236, 3120
counting,750,1000,1,39677, 3136
counting,750,1000,1,40507, 3152
counting,750,1000,1,40330, 3168
counting,750,1000,1,42090, 3184
counting,750,1000,1,53509, 3200
counting,750,1000,1,46556, 320
counting,750,1000,1,42360, 3216
counting,750,1000,1,40441, 3232
counting,750,1000,1,57297, 3248
counting,750,1000,1,53955, 3264
counting,750,1000,1,55671, 3280
counting,750,1000,1,54788, 3296
counting,750,1000,1,42363, 32
counting,750,1000,1,56590, 3312
counting,750,1000,1,40981, 3328
counting,750,1000,1,40844, 3344
counting,750,1000,1,52813, 3360
counting,750,1000,1,49730, 336
counting,750,1000,1,40282, 3376
counting,750,1000,1,46557, 3392
counting,750,1000,1,41520, 3408
counting,750,1000,1,41821, 3424
counting,750,1000,1,49113, 3440
counting,750,1000,1,52432, 3456
counting,750,1000,1,76750, 3472
counting,750,1000,1,54896, 3488
counting,750,1000,1,52476, 3504
counting,750,1000,1,42409, 3520
counting,750,1000,1,43439, 352
counting,750,1000,1,55840, 3536
counting,750,1000,1,51720, 3552
counting,750,1000,1,38997, 3568
counting,750,1000,1,41302, 3584
counting,750,1000,1,41795, 3600
counting,750,1000,1,40365, 3616
counting,750,1000,1,42760, 3632
counting,750,1000,1,40739, 3648
counting,750,1000,1,55842, 3664
counting,750,1000,1,39194, 3680
counting,750,1000,1,40345, 368
counting,750,1000,1,55642, 3696
counting,750,1000,1,41488, 3712
counting,750,1000,1,40860, 3728
counting,750,1000,1,43492, 3744
counting,750,1000,1,52274, 3760
counting,750,1000,1,40830, 3776
counting,750,1000,1,40657, 3792
counting,750,1000,1,41891, 3808
counting,750,1000,1,38951, 3824
counting,750,1000,1,55958, 3840
counting,750,1000,1,41127, 384
counting,750,1000,1,45758, 3856
counting,750,1000,1,53360, 3872
counting,750,1000,1,39410, 3888
counting,750,1000,1,41523, 3904
counting,750,1000,1,40767, 3920
counting,750,1000,1,53457, 3936
counting,750,1000,1,43029, 3952
counting,750,1000,1,43373, 3968
counting,750,1000,1,41261, 3984
counting,750,1000,1,52279, 4000
counting,750,1000,1,41874, 400
counting,750,1000,1,40943, 4016
counting,750,1000,1,60663, 4032
counting,750,1000,1,43326, 4048
counting,750,1000,1,52287, 4064
counting,750,1000,1,42304, 4080
counting,750,1000,1,39816, 4096
counting,750,1000,1,40925, 416
counting,750,1000,1,51181, 432
counting,750,1000,1,51458, 448
counting,750,1000,1,41575, 464
counting,750,1000,1,40559, 480
counting,750,1000,1,40611, 48
counting,750,1000,1,42101, 496
counting,750,1000,1,41680, 512
counting,750,1000,1,52602, 528
counting,750,1000,1,51320, 544
counting,750,1000,1,42390, 560
counting,750,1000,1,41123, 576
counting,750,1000,1,40959, 592
counting,750,1000,1,50290, 608
counting,750,1000,1,40557, 624
counting,750,1000,1,40680, 640
counting,750,1000,1,43737, 64
counting,750,1000,1,59266, 656
counting,750,1000,1,55582, 672
counting,750,1000,1,41057, 688
counting,750,1000,1,41666, 704
counting,750,1000,1,41703, 720
counting,750,1000,1,54584, 736
counting,750,1000,1,40619, 752
counting,750,1000,1,40895, 768
counting,750,1000,1,40980, 784
counting,750,1000,1,39875, 800
counting,750,1000,1,41974, 80
counting,750,1000,1,54068, 816
counting,750,1000,1,39752, 832
counting,750,1000,1,40283, 848
counting,750,1000,1,52392, 864
counting,750,1000,1,41244, 880
counting,750,1000,1,42369, 896
counting,750,1000,1,48947, 912
counting,750,1000,1,40668, 928
counting,750,1000,1,40876, 944
counting,750,1000,1,40966, 960
counting,750,1000,1,41694, 96
counting,750,1000,1,67841, 976
counting,750,1000,1,40322, 992
