insertion,150,1000,1,7736, 0
insertion,150,1000,1,7526, 1008
insertion,150,1000,1,7361, 1024
insertion,150,1000,1,7452, 1040
insertion,150,1000,1,7587, 1056
insertion,150,1000,1,7805, 1072
insertion,150,1000,1,7493, 1088
insertion,150,1000,1,7490, 1104
insertion,150,1000,1,23521, 1120
insertion,150,1000,1,7378, 112
insertion,150,1000,1,7832, 1136
insertion,150,1000,1,7614, 1152
insertion,150,1000,1,7671, 1168
insertion,150,1000,1,7739, 1184
insertion,150,1000,1,9889, 1200
insertion,150,1000,1,7789, 1216
insertion,150,1000,1,10751, 1232
insertion,150,1000,1,7398, 1248
insertion,150,1000,1,7704, 1264
insertion,150,1000,1,7600, 1280
insertion,150,1000,1,11690, 128
insertion,150,1000,1,10062, 1296
insertion,150,1000,1,7764, 1312
insertion,150,1000,1,7897, 1328
insertion,150,1000,1,10514, 1344
insertion,150,1000,1,7032, 1360
insertion,150,1000,1,7193, 1376
insertion,150,1000,1,7498, 1392
insertion,150,1000,1,7890, 1408
insertion,150,1000,1,9932, 1424
insertion,150,1000,1,7635, 1440
insertion,150,1000,1,19767, 144
insertion,150,1000,1,7525, 1456
insertion,150,1000,1,7305, 1472
insertion,150,1000,1,7867, 1488
insertion,150,1000,1,11536, 1504
insertion,150,1000,1,7416, 1520
insertion,150,1000,1,7704, 1536
insertion,150,1000,1,7399, 1552
insertion,150,1000,1,11909, 1568
insertion,150,1000,1,11174, 1584
insertion,150,1000,1,7784, 1600
insertion,150,1000,1,8095, 160
insertion,150,1000,1,7627, 1616
insertion,150,1000,1,7553, 1632
insertion,150,1000,1,7474, 1648
insertion,150,1000,1,7388, 1664
insertion,150,1000,1,11959, 1680
insertion,150,1000,1,8163, 1696
insertion,150,1000,1,8228, 16
insertion,150,1000,1,8047, 1712
insertion,150,1000,1,8434, 1728
insertion,150,1000,1,7676, 1744
insertion,150,1000,1,7523, 1760
insertion,150,1000,1,7280, 176
insertion,150,1000,1,9905, 1776
insertion,150,1000,1,7593, 1792
insertion,150,1000,1,8367, 1808
insertion,150,1000,1,8745, 1824
insertion,150,1000,1,8212, 1840
insertion,150,1000,1,8855, 1856
insertion,150,1000,1,8032, 1872
insertion,150,1000,1,8157, 1888
insertion,150,1000,1,7692, 1904
insertion,150,1000,1,8205, 1920
insertion,150,1000,1,10074, 192
insertion,150,1000,1,7633, 1936
insertion,150,1000,1,8232, 1952
insertion,150,1000,1,8499, 1968
insertion,150,1000,1,7303, 1984
insertion,150,1000,1,8120, 2000
insertion,150,1000,1,7310, 2016
insertion,150,1000,1,7690, 2032
insertion,150,1000,1,10438, 2048
insertion,150,1000,1,7730, 2064
insertion,150,1000,1,7548, 2080
insertion,150,1000,1,12243, 208
insertion,150,1000,1,9953, 2096
insertion,150,1000,1,11318, 2112
insertion,150,1000,1,7531, 2128
insertion,150,1000,1,7088, 2144
insertion,150,1000,1,7263, 2160
insertion,150,1000,1,7560, 2176
insertion,150,1000,1,20129, 2192
insertion,150,1000,1,7673, 2208
insertion,150,1000,1,10856, 2224
insertion,150,1000,1,7667, 2240
insertion,150,1000,1,7883, 224
insertion,150,1000,1,8109, 2256
insertion,150,1000,1,12170, 2272
insertion,150,1000,1,7487, 2288
insertion,150,1000,1,7396, 2304
insertion,150,1000,1,7160, 2320
insertion,150,1000,1,7300, 2336
insertion,150,1000,1,8120, 2352
insertion,150,1000,1,7073, 2368
insertion,150,1000,1,7479, 2384
insertion,150,1000,1,7731, 2400
insertion,150,1000,1,7451, 240
insertion,150,1000,1,11838, 2416
insertion,150,1000,1,7403, 2432
insertion,150,1000,1,7478, 2448
insertion,150,1000,1,9856, 2464
insertion,150,1000,1,8219, 2480
insertion,150,1000,1,10830, 2496
insertion,150,1000,1,9739, 2512
insertion,150,1000,1,10415, 2528
insertion,150,1000,1,9687, 2544
insertion,150,1000,1,7968, 2560
insertion,150,1000,1,19186, 256
insertion,150,1000,1,7595, 2576
insertion,150,1000,1,8190, 2592
insertion,150,1000,1,8135, 2608
insertion,150,1000,1,11060, 2624
insertion,150,1000,1,7422, 2640
insertion,150,1000,1,7179, 2656
insertion,150,1000,1,7506, 2672
insertion,150,1000,1,10209, 2688
insertion,150,1000,1,7860, 2704
insertion,150,1000,1,10677, 2720
insertion,150,1000,1,7694, 272
insertion,150,1000,1,7738, 2736
insertion,150,1000,1,8031, 2752
insertion,150,1000,1,11239, 2768
insertion,150,1000,1,10918, 2784
insertion,150,1000,1,7632, 2800
insertion,150,1000,1,7447, 2816
insertion,150,1000,1,11494, 2832
insertion,150,1000,1,7843, 2848
insertion,150,1000,1,10575, 2864
insertion,150,1000,1,10224, 2880
insertion,150,1000,1,7970, 288
insertion,150,1000,1,7355, 2896
insertion,150,1000,1,6971, 2912
insertion,150,1000,1,10394, 2928
insertion,150,1000,1,11273, 2944
insertion,150,1000,1,7483, 2960
insertion,150,1000,1,7472, 2976
insertion,150,1000,1,7551, 2992
insertion,150,1000,1,7844, 3008
insertion,150,1000,1,7434, 3024
insertion,150,1000,1,7497, 3040
insertion,150,1000,1,8041, 304
insertion,150,1000,1,7425, 3056
insertion,150,1000,1,7623, 3072
insertion,150,1000,1,7759, 3088
insertion,150,1000,1,10846, 3104
insertion,150,1000,1,7707, 3120
insertion,150,1000,1,10411, 3136
insertion,150,1000,1,7301, 3152
insertion,150,1000,1,7751, 3168
insertion,150,1000,1,11100, 3184
insertion,150,1000,1,10934, 3200
insertion,150,1000,1,8273, 320
insertion,150,1000,1,7342, 3216
insertion,150,1000,1,10288, 3232
insertion,150,1000,1,19126, 3248
insertion,150,1000,1,12408, 3264
insertion,150,1000,1,7736, 3280
insertion,150,1000,1,7378, 3296
insertion,150,1000,1,8313, 32
insertion,150,1000,1,10473, 3312
insertion,150,1000,1,7472, 3328
insertion,150,1000,1,9488, 3344
insertion,150,1000,1,7318, 3360
insertion,150,1000,1,7407, 336
insertion,150,1000,1,11891, 3376
insertion,150,1000,1,11511, 3392
insertion,150,1000,1,6994, 3408
insertion,150,1000,1,7790, 3424
insertion,150,1000,1,7268, 3440
insertion,150,1000,1,7333, 3456
insertion,150,1000,1,7253, 3472
insertion,150,1000,1,7690, 3488
insertion,150,1000,1,7316, 3504
insertion,150,1000,1,7184, 3520
insertion,150,1000,1,7865, 352
insertion,150,1000,1,7803, 3536
insertion,150,1000,1,10133, 3552
insertion,150,1000,1,7806, 3568
insertion,150,1000,1,19662, 3584
insertion,150,1000,1,7804, 3600
insertion,150,1000,1,7892, 3616
insertion,150,1000,1,7525, 3632
insertion,150,1000,1,7787, 3648
insertion,150,1000,1,7625, 3664
insertion,150,1000,1,10732, 3680
insertion,150,1000,1,13042, 368
insertion,150,1000,1,7679, 3696
insertion,150,1000,1,7615, 3712
insertion,150,1000,1,12237, 3728
insertion,150,1000,1,12019, 3744
insertion,150,1000,1,8227, 3760
insertion,150,1000,1,10684, 3776
insertion,150,1000,1,7661, 3792
insertion,150,1000,1,7334, 3808
insertion,150,1000,1,10621, 3824
insertion,150,1000,1,7494, 3840
insertion,150,1000,1,12271, 384
insertion,150,1000,1,11449, 3856
insertion,150,1000,1,7832, 3872
insertion,150,1000,1,11030, 3888
insertion,150,1000,1,8975, 3904
insertion,150,1000,1,7662, 3920
insertion,150,1000,1,9560, 3936
insertion,150,1000,1,7559, 3952
insertion,150,1000,1,7649, 3968
insertion,150,1000,1,7624, 3984
insertion,150,1000,1,10022, 4000
insertion,150,1000,1,7429, 400
insertion,150,1000,1,10106, 4016
insertion,150,1000,1,7568, 4032
insertion,150,1000,1,7348, 4048
insertion,150,1000,1,7971, 4064
insertion,150,1000,1,6987, 4080
insertion,150,1000,1,6847, 4096
insertion,150,1000,1,11693, 416
insertion,150,1000,1,7480, 432
insertion,150,1000,1,7752, 448
insertion,150,1000,1,11556, 464
insertion,150,1000,1,11493, 480
insertion,150,1000,1,7980, 48
insertion,150,1000,1,7525, 496
insertion,150,1000,1,7529, 512
insertion,150,1000,1,7617, 528
insertion,150,1000,1,7727, 544
insertion,150,1000,1,7539, 560
insertion,150,1000,1,7603, 576
insertion,150,1000,1,7318, 592
insertion,150,1000,1,19622, 608
insertion,150,1000,1,8557, 624
insertion,150,1000,1,7334, 640
insertion,150,1000,1,7840, 64
insertion,150,1000,1,7571, 656
insertion,150,1000,1,7503, 672
insertion,150,1000,1,7282, 688
insertion,150,1000,1,7682, 704
insertion,150,1000,1,7568, 720
insertion,150,1000,1,7452, 736
insertion,150,1000,1,8182, 752
insertion,150,1000,1,7842, 768
insertion,150,1000,1,23956, 784
insertion,150,1000,1,10683, 800
insertion,150,1000,1,12152, 80
insertion,150,1000,1,7617, 816
insertion,150,1000,1,7039, 832
insertion,150,1000,1,7897, 848
insertion,150,1000,1,7988, 864
insertion,150,1000,1,10634, 880
insertion,150,1000,1,7037, 896
insertion,150,1000,1,8717, 912
insertion,150,1000,1,7601, 928
insertion,150,1000,1,7911, 944
insertion,150,1000,1,7593, 960
insertion,150,1000,1,11250, 96
insertion,150,1000,1,7589, 976
insertion,150,1000,1,11231, 992
insertion,250,1000,1,20156, 0
insertion,250,1000,1,20358, 1008
insertion,250,1000,1,35505, 1024
insertion,250,1000,1,17624, 1040
insertion,250,1000,1,20514, 1056
insertion,250,1000,1,26903, 1072
insertion,250,1000,1,18395, 1088
insertion,250,1000,1,18152, 1104
insertion,250,1000,1,26172, 1120
insertion,250,1000,1,18040, 112
insertion,250,1000,1,17748, 1136
insertion,250,1000,1,30511, 1152
insertion,250,1000,1,17612, 1168
insertion,250,1000,1,18767, 1184
insertion,250,1000,1,17784, 1200
insertion,250,1000,1,18306, 1216
insertion,250,1000,1,18133, 1232
insertion,250,1000,1,18137, 1248
insertion,250,1000,1,23675, 1264
insertion,250,1000,1,18910, 1280
insertion,250,1000,1,37484, 128
insertion,250,1000,1,18975, 1296
insertion,250,1000,1,20121, 1312
insertion,250,1000,1,19492, 1328
insertion,250,1000,1,19941, 1344
insertion,250,1000,1,19447, 1360
insertion,250,1000,1,18113, 1376
insertion,250,1000,1,18952, 1392
insertion,250,1000,1,18238, 1408
insertion,250,1000,1,22877, 1424
insertion,250,1000,1,29754, 1440
insertion,250,1000,1,29457, 144
insertion,250,1000,1,19624, 1456
insertion,250,1000,1,30685, 1472
insertion,250,1000,1,18104, 1488
insertion,250,1000,1,17819, 1504
insertion,250,1000,1,24151, 1520
insertion,250,1000,1,18819, 1536
insertion,250,1000,1,27432, 1552
insertion,250,1000,1,19775, 1568
insertion,250,1000,1,19994, 1584
insertion,250,1000,1,18646, 1600
insertion,250,1000,1,25234, 160
insertion,250,1000,1,18745, 1616
insertion,250,1000,1,18464, 1632
insertion,250,1000,1,40056, 1648
insertion,250,1000,1,19925, 1664
insertion,250,1000,1,18786, 1680
insertion,250,1000,1,29622, 1696
insertion,250,1000,1,18585, 16
insertion,250,1000,1,18028, 1712
insertion,250,1000,1,39815, 1728
insertion,250,1000,1,17212, 1744
insertion,250,1000,1,25440, 1760
insertion,250,1000,1,17434, 176
insertion,250,1000,1,29317, 1776
insertion,250,1000,1,18431, 1792
insertion,250,1000,1,19939, 1808
insertion,250,1000,1,18724, 1824
insertion,250,1000,1,27188, 1840
insertion,250,1000,1,36392, 1856
insertion,250,1000,1,44508, 1872
insertion,250,1000,1,17289, 1888
insertion,250,1000,1,24115, 1904
insertion,250,1000,1,19457, 1920
insertion,250,1000,1,18999, 192
insertion,250,1000,1,18060, 1936
insertion,250,1000,1,18529, 1952
insertion,250,1000,1,18693, 1968
insertion,250,1000,1,18722, 1984
insertion,250,1000,1,29684, 2000
insertion,250,1000,1,18535, 2016
insertion,250,1000,1,18488, 2032
insertion,250,1000,1,18157, 2048
insertion,250,1000,1,18877, 2064
insertion,250,1000,1,18607, 2080
insertion,250,1000,1,19362, 208
insertion,250,1000,1,18928, 2096
insertion,250,1000,1,19022, 2112
insertion,250,1000,1,18100, 2128
insertion,250,1000,1,18026, 2144
insertion,250,1000,1,18470, 2160
insertion,250,1000,1,20878, 2176
insertion,250,1000,1,18995, 2192
insertion,250,1000,1,19563, 2208
insertion,250,1000,1,29812, 2224
insertion,250,1000,1,19185, 2240
insertion,250,1000,1,18563, 224
insertion,250,1000,1,19041, 2256
insertion,250,1000,1,29774, 2272
insertion,250,1000,1,18786, 2288
insertion,250,1000,1,19165, 2304
insertion,250,1000,1,18991, 2320
insertion,250,1000,1,18477, 2336
insertion,250,1000,1,18425, 2352
insertion,250,1000,1,18403, 2368
insertion,250,1000,1,18248, 2384
insertion,250,1000,1,31135, 2400
insertion,250,1000,1,18734, 240
insertion,250,1000,1,18191, 2416
insertion,250,1000,1,19074, 2432
insertion,250,1000,1,25225, 2448
insertion,250,1000,1,18288, 2464
insertion,250,1000,1,26545, 2480
insertion,250,1000,1,18477, 2496
insertion,250,1000,1,19018, 2512
insertion,250,1000,1,31182, 2528
insertion,250,1000,1,18906, 2544
insertion,250,1000,1,19716, 2560
insertion,250,1000,1,18090, 256
insertion,250,1000,1,27806, 2576
insertion,250,1000,1,18226, 2592
insertion,250,1000,1,26143, 2608
insertion,250,1000,1,17999, 2624
insertion,250,1000,1,28772, 2640
insertion,250,1000,1,27894, 2656
insertion,250,1000,1,18449, 2672
insertion,250,1000,1,19126, 2688
insertion,250,1000,1,18377, 2704
insertion,250,1000,1,18969, 2720
insertion,250,1000,1,18960, 272
insertion,250,1000,1,27202, 2736
insertion,250,1000,1,18936, 2752
insertion,250,1000,1,33513, 2768
insertion,250,1000,1,17276, 2784
insertion,250,1000,1,17082, 2800
insertion,250,1000,1,18041, 2816
insertion,250,1000,1,18186, 2832
insertion,250,1000,1,18885, 2848
insertion,250,1000,1,32605, 2864
insertion,250,1000,1,18761, 2880
insertion,250,1000,1,18256, 288
insertion,250,1000,1,19201, 2896
insertion,250,1000,1,19214, 2912
insertion,250,1000,1,22122, 2928
insertion,250,1000,1,24491, 2944
insertion,250,1000,1,17466, 2960
insertion,250,1000,1,19573, 2976
insertion,250,1000,1,30289, 2992
insertion,250,1000,1,19134, 3008
insertion,250,1000,1,26308, 3024
insertion,250,1000,1,18742, 3040
insertion,250,1000,1,18974, 304
insertion,250,1000,1,18888, 3056
insertion,250,1000,1,19334, 3072
insertion,250,1000,1,33817, 3088
insertion,250,1000,1,18232, 3104
insertion,250,1000,1,23147, 3120
insertion,250,1000,1,18544, 3136
insertion,250,1000,1,18734, 3152
insertion,250,1000,1,18078, 3168
insertion,250,1000,1,18764, 3184
insertion,250,1000,1,18519, 3200
insertion,250,1000,1,26944, 320
insertion,250,1000,1,18574, 3216
insertion,250,1000,1,28686, 3232
insertion,250,1000,1,18529, 3248
insertion,250,1000,1,18284, 3264
insertion,250,1000,1,18625, 3280
insertion,250,1000,1,29001, 3296
insertion,250,1000,1,26751, 32
insertion,250,1000,1,29498, 3312
insertion,250,1000,1,27423, 3328
insertion,250,1000,1,18532, 3344
insertion,250,1000,1,18211, 3360
insertion,250,1000,1,23038, 336
insertion,250,1000,1,17715, 3376
insertion,250,1000,1,21023, 3392
insertion,250,1000,1,19479, 3408
insertion,250,1000,1,17949, 3424
insertion,250,1000,1,18310, 3440
insertion,250,1000,1,20299, 3456
insertion,250,1000,1,18300, 3472
insertion,250,1000,1,18886, 3488
insertion,250,1000,1,32884, 3504
insertion,250,1000,1,27011, 3520
insertion,250,1000,1,18039, 352
insertion,250,1000,1,19215, 3536
insertion,250,1000,1,22967, 3552
insertion,250,1000,1,26191, 3568
insertion,250,1000,1,22877, 3584
insertion,250,1000,1,18322, 3600
insertion,250,1000,1,17596, 3616
insertion,250,1000,1,18199, 3632
insertion,250,1000,1,30661, 3648
insertion,250,1000,1,18223, 3664
insertion,250,1000,1,19559, 3680
insertion,250,1000,1,17917, 368
insertion,250,1000,1,25612, 3696
insertion,250,1000,1,26302, 3712
insertion,250,1000,1,19295, 3728
insertion,250,1000,1,20315, 3744
insertion,250,1000,1,18968, 3760
insertion,250,1000,1,18918, 3776
insertion,250,1000,1,25877, 3792
insertion,250,1000,1,17521, 3808
insertion,250,1000,1,17710, 3824
insertion,250,1000,1,18944, 3840
insertion,250,1000,1,20387, 384
insertion,250,1000,1,18909, 3856
insertion,250,1000,1,17524, 3872
insertion,250,1000,1,18413, 3888
insertion,250,1000,1,19594, 3904
insertion,250,1000,1,19475, 3920
insertion,250,1000,1,24856, 3936
insertion,250,1000,1,18307, 3952
insertion,250,1000,1,18924, 3968
insertion,250,1000,1,19567, 3984
insertion,250,1000,1,18781, 4000
insertion,250,1000,1,19348, 400
insertion,250,1000,1,30245, 4016
insertion,250,1000,1,19087, 4032
insertion,250,1000,1,19137, 4048
insertion,250,1000,1,28456, 4064
insertion,250,1000,1,19019, 4080
insertion,250,1000,1,26430, 4096
insertion,250,1000,1,17369, 416
insertion,250,1000,1,18704, 432
insertion,250,1000,1,19301, 448
insertion,250,1000,1,18854, 464
insertion,250,1000,1,25884, 480
insertion,250,1000,1,18110, 48
insertion,250,1000,1,18623, 496
insertion,250,1000,1,18015, 512
insertion,250,1000,1,19821, 528
insertion,250,1000,1,28323, 544
insertion,250,1000,1,26410, 560
insertion,250,1000,1,19447, 576
insertion,250,1000,1,19775, 592
insertion,250,1000,1,20379, 608
insertion,250,1000,1,18187, 624
insertion,250,1000,1,18663, 640
insertion,250,1000,1,18154, 64
insertion,250,1000,1,18972, 656
insertion,250,1000,1,18656, 672
insertion,250,1000,1,18881, 688
insertion,250,1000,1,18130, 704
insertion,250,1000,1,30167, 720
insertion,250,1000,1,19413, 736
insertion,250,1000,1,19284, 752
insertion,250,1000,1,18895, 768
insertion,250,1000,1,18747, 784
insertion,250,1000,1,18647, 800
insertion,250,1000,1,17985, 80
insertion,250,1000,1,29523, 816
insertion,250,1000,1,17850, 832
insertion,250,1000,1,22249, 848
insertion,250,1000,1,19319, 864
insertion,250,1000,1,35895, 880
insertion,250,1000,1,36312, 896
insertion,250,1000,1,18674, 912
insertion,250,1000,1,18775, 928
insertion,250,1000,1,18489, 944
insertion,250,1000,1,25161, 960
insertion,250,1000,1,49337, 96
insertion,250,1000,1,19431, 976
insertion,250,1000,1,27808, 992
insertion,350,1000,1,50073, 0
insertion,350,1000,1,50837, 1008
insertion,350,1000,1,35525, 1024
insertion,350,1000,1,34103, 1040
insertion,350,1000,1,34084, 1056
insertion,350,1000,1,33015, 1072
insertion,350,1000,1,35670, 1088
insertion,350,1000,1,34084, 1104
insertion,350,1000,1,46186, 1120
insertion,350,1000,1,54050, 112
insertion,350,1000,1,33831, 1136
insertion,350,1000,1,35642, 1152
insertion,350,1000,1,52845, 1168
insertion,350,1000,1,35707, 1184
insertion,350,1000,1,34595, 1200
insertion,350,1000,1,46142, 1216
insertion,350,1000,1,35808, 1232
insertion,350,1000,1,33031, 1248
insertion,350,1000,1,34953, 1264
insertion,350,1000,1,33680, 1280
insertion,350,1000,1,44895, 128
insertion,350,1000,1,53628, 1296
insertion,350,1000,1,34946, 1312
insertion,350,1000,1,51225, 1328
insertion,350,1000,1,33507, 1344
insertion,350,1000,1,50178, 1360
insertion,350,1000,1,33471, 1376
insertion,350,1000,1,49976, 1392
insertion,350,1000,1,35078, 1408
insertion,350,1000,1,53012, 1424
insertion,350,1000,1,38386, 1440
insertion,350,1000,1,44828, 144
insertion,350,1000,1,34198, 1456
insertion,350,1000,1,52573, 1472
insertion,350,1000,1,59843, 1488
insertion,350,1000,1,33017, 1504
insertion,350,1000,1,33027, 1520
insertion,350,1000,1,51566, 1536
insertion,350,1000,1,33988, 1552
insertion,350,1000,1,34038, 1568
insertion,350,1000,1,34519, 1584
insertion,350,1000,1,59386, 1600
insertion,350,1000,1,35281, 160
insertion,350,1000,1,35189, 1616
insertion,350,1000,1,41116, 1632
insertion,350,1000,1,47201, 1648
insertion,350,1000,1,45691, 1664
insertion,350,1000,1,34054, 1680
insertion,350,1000,1,49299, 1696
insertion,350,1000,1,35363, 16
insertion,350,1000,1,65139, 1712
insertion,350,1000,1,50728, 1728
insertion,350,1000,1,34223, 1744
insertion,350,1000,1,34079, 1760
insertion,350,1000,1,32630, 176
insertion,350,1000,1,34059, 1776
insertion,350,1000,1,46141, 1792
insertion,350,1000,1,50325, 1808
insertion,350,1000,1,35583, 1824
insertion,350,1000,1,35779, 1840
insertion,350,1000,1,35630, 1856
insertion,350,1000,1,34562, 1872
insertion,350,1000,1,36656, 1888
insertion,350,1000,1,34287, 1904
insertion,350,1000,1,32717, 1920
insertion,350,1000,1,32600, 192
insertion,350,1000,1,32825, 1936
insertion,350,1000,1,52741, 1952
insertion,350,1000,1,32904, 1968
insertion,350,1000,1,32798, 1984
insertion,350,1000,1,32842, 2000
insertion,350,1000,1,54838, 2016
insertion,350,1000,1,32722, 2032
insertion,350,1000,1,44955, 2048
insertion,350,1000,1,36631, 2064
insertion,350,1000,1,34279, 2080
insertion,350,1000,1,46653, 208
insertion,350,1000,1,34282, 2096
insertion,350,1000,1,32350, 2112
insertion,350,1000,1,38398, 2128
insertion,350,1000,1,33480, 2144
insertion,350,1000,1,53075, 2160
insertion,350,1000,1,34593, 2176
insertion,350,1000,1,54269, 2192
insertion,350,1000,1,33447, 2208
insertion,350,1000,1,36326, 2224
insertion,350,1000,1,45497, 2240
insertion,350,1000,1,34299, 224
insertion,350,1000,1,65356, 2256
insertion,350,1000,1,32274, 2272
insertion,350,1000,1,33891, 2288
insertion,350,1000,1,33211, 2304
insertion,350,1000,1,66811, 2320
insertion,350,1000,1,32352, 2336
insertion,350,1000,1,34416, 2352
insertion,350,1000,1,46751, 2368
insertion,350,1000,1,35534, 2384
insertion,350,1000,1,35527, 2400
insertion,350,1000,1,36686, 240
insertion,350,1000,1,33156, 2416
insertion,350,1000,1,52514, 2432
insertion,350,1000,1,62810, 2448
insertion,350,1000,1,33162, 2464
insertion,350,1000,1,62224, 2480
insertion,350,1000,1,47462, 2496
insertion,350,1000,1,34246, 2512
insertion,350,1000,1,49306, 2528
insertion,350,1000,1,35561, 2544
insertion,350,1000,1,33954, 2560
insertion,350,1000,1,33283, 256
insertion,350,1000,1,56112, 2576
insertion,350,1000,1,33884, 2592
insertion,350,1000,1,39290, 2608
insertion,350,1000,1,53212, 2624
insertion,350,1000,1,36215, 2640
insertion,350,1000,1,32694, 2656
insertion,350,1000,1,32830, 2672
insertion,350,1000,1,55012, 2688
insertion,350,1000,1,36156, 2704
insertion,350,1000,1,35134, 2720
insertion,350,1000,1,34984, 272
insertion,350,1000,1,35032, 2736
insertion,350,1000,1,35775, 2752
insertion,350,1000,1,35650, 2768
insertion,350,1000,1,33666, 2784
insertion,350,1000,1,34564, 2800
insertion,350,1000,1,34636, 2816
insertion,350,1000,1,34547, 2832
insertion,350,1000,1,55677, 2848
insertion,350,1000,1,36523, 2864
insertion,350,1000,1,32677, 2880
insertion,350,1000,1,33759, 288
insertion,350,1000,1,33894, 2896
insertion,350,1000,1,71268, 2912
insertion,350,1000,1,32439, 2928
insertion,350,1000,1,32348, 2944
insertion,350,1000,1,35047, 2960
insertion,350,1000,1,34044, 2976
insertion,350,1000,1,32882, 2992
insertion,350,1000,1,34700, 3008
insertion,350,1000,1,50777, 3024
insertion,350,1000,1,48893, 3040
insertion,350,1000,1,31564, 304
insertion,350,1000,1,49515, 3056
insertion,350,1000,1,33426, 3072
insertion,350,1000,1,59482, 3088
insertion,350,1000,1,50636, 3104
insertion,350,1000,1,44577, 3120
insertion,350,1000,1,32077, 3136
insertion,350,1000,1,33062, 3152
insertion,350,1000,1,35546, 3168
insertion,350,1000,1,35033, 3184
insertion,350,1000,1,35072, 3200
insertion,350,1000,1,32653, 320
insertion,350,1000,1,34981, 3216
insertion,350,1000,1,48398, 3232
insertion,350,1000,1,35749, 3248
insertion,350,1000,1,37093, 3264
insertion,350,1000,1,34595, 3280
insertion,350,1000,1,33296, 3296
insertion,350,1000,1,37126, 32
insertion,350,1000,1,32764, 3312
insertion,350,1000,1,33935, 3328
insertion,350,1000,1,36741, 3344
insertion,350,1000,1,35518, 3360
insertion,350,1000,1,36571, 336
insertion,350,1000,1,34521, 3376
insertion,350,1000,1,36803, 3392
insertion,350,1000,1,49909, 3408
insertion,350,1000,1,35077, 3424
insertion,350,1000,1,34939, 3440
insertion,350,1000,1,34691, 3456
insertion,350,1000,1,33500, 3472
insertion,350,1000,1,55827, 3488
insertion,350,1000,1,45572, 3504
insertion,350,1000,1,37693, 3520
insertion,350,1000,1,64437, 352
insertion,350,1000,1,33007, 3536
insertion,350,1000,1,56253, 3552
insertion,350,1000,1,33025, 3568
insertion,350,1000,1,34084, 3584
insertion,350,1000,1,45339, 3600
insertion,350,1000,1,52623, 3616
insertion,350,1000,1,34687, 3632
insertion,350,1000,1,34708, 3648
insertion,350,1000,1,34880, 3664
insertion,350,1000,1,34528, 3680
insertion,350,1000,1,35497, 368
insertion,350,1000,1,36222, 3696
insertion,350,1000,1,45617, 3712
insertion,350,1000,1,50305, 3728
insertion,350,1000,1,52614, 3744
insertion,350,1000,1,35424, 3760
insertion,350,1000,1,54059, 3776
insertion,350,1000,1,52197, 3792
insertion,350,1000,1,35021, 3808
insertion,350,1000,1,35166, 3824
insertion,350,1000,1,42688, 3840
insertion,350,1000,1,36555, 384
insertion,350,1000,1,34015, 3856
insertion,350,1000,1,35010, 3872
insertion,350,1000,1,55609, 3888
insertion,350,1000,1,71832, 3904
insertion,350,1000,1,36500, 3920
insertion,350,1000,1,53448, 3936
insertion,350,1000,1,35536, 3952
insertion,350,1000,1,41744, 3968
insertion,350,1000,1,33627, 3984
insertion,350,1000,1,36222, 4000
insertion,350,1000,1,36445, 400
insertion,350,1000,1,35054, 4016
insertion,350,1000,1,36284, 4032
insertion,350,1000,1,35043, 4048
insertion,350,1000,1,37062, 4064
insertion,350,1000,1,35777, 4080
insertion,350,1000,1,35977, 4096
insertion,350,1000,1,69559, 416
insertion,350,1000,1,36716, 432
insertion,350,1000,1,64673, 448
insertion,350,1000,1,35338, 464
insertion,350,1000,1,47123, 480
insertion,350,1000,1,44876, 48
insertion,350,1000,1,35442, 496
insertion,350,1000,1,35335, 512
insertion,350,1000,1,33464, 528
insertion,350,1000,1,56579, 544
insertion,350,1000,1,34393, 560
insertion,350,1000,1,35101, 576
insertion,350,1000,1,58922, 592
insertion,350,1000,1,35501, 608
insertion,350,1000,1,34164, 624
insertion,350,1000,1,35134, 640
insertion,350,1000,1,33629, 64
insertion,350,1000,1,46135, 656
insertion,350,1000,1,40166, 672
insertion,350,1000,1,35322, 688
insertion,350,1000,1,32142, 704
insertion,350,1000,1,32352, 720
insertion,350,1000,1,31031, 736
insertion,350,1000,1,34462, 752
insertion,350,1000,1,33560, 768
insertion,350,1000,1,56153, 784
insertion,350,1000,1,35111, 800
insertion,350,1000,1,33649, 80
insertion,350,1000,1,49209, 816
insertion,350,1000,1,34238, 832
insertion,350,1000,1,35290, 848
insertion,350,1000,1,37689, 864
insertion,350,1000,1,33282, 880
insertion,350,1000,1,50582, 896
insertion,350,1000,1,34493, 912
insertion,350,1000,1,34981, 928
insertion,350,1000,1,35363, 944
insertion,350,1000,1,52090, 960
insertion,350,1000,1,55012, 96
insertion,350,1000,1,54065, 976
insertion,350,1000,1,39727, 992
insertion,450,1000,1,54017, 0
insertion,450,1000,1,54803, 1008
insertion,450,1000,1,55110, 1024
insertion,450,1000,1,55516, 1040
insertion,450,1000,1,66044, 1056
insertion,450,1000,1,53421, 1072
insertion,450,1000,1,70891, 1088
insertion,450,1000,1,58767, 1104
insertion,450,1000,1,56963, 1120
insertion,450,1000,1,58446, 112
insertion,450,1000,1,58954, 1136
insertion,450,1000,1,60792, 1152
insertion,450,1000,1,63228, 1168
insertion,450,1000,1,70360, 1184
insertion,450,1000,1,59070, 1200
insertion,450,1000,1,58899, 1216
insertion,450,1000,1,67803, 1232
insertion,450,1000,1,69740, 1248
insertion,450,1000,1,52052, 1264
insertion,450,1000,1,58761, 1280
insertion,450,1000,1,56577, 128
insertion,450,1000,1,55095, 1296
insertion,450,1000,1,53786, 1312
insertion,450,1000,1,54421, 1328
insertion,450,1000,1,93630, 1344
insertion,450,1000,1,109188, 1360
insertion,450,1000,1,53785, 1376
insertion,450,1000,1,91469, 1392
insertion,450,1000,1,64107, 1408
insertion,450,1000,1,85295, 1424
insertion,450,1000,1,94858, 1440
insertion,450,1000,1,67063, 144
insertion,450,1000,1,55252, 1456
insertion,450,1000,1,55255, 1472
insertion,450,1000,1,52938, 1488
insertion,450,1000,1,87376, 1504
insertion,450,1000,1,67937, 1520
insertion,450,1000,1,53246, 1536
insertion,450,1000,1,90928, 1552
insertion,450,1000,1,68020, 1568
insertion,450,1000,1,53219, 1584
insertion,450,1000,1,52033, 1600
insertion,450,1000,1,55530, 160
insertion,450,1000,1,55570, 1616
insertion,450,1000,1,74458, 1632
insertion,450,1000,1,83088, 1648
insertion,450,1000,1,55233, 1664
insertion,450,1000,1,51564, 1680
insertion,450,1000,1,51597, 1696
insertion,450,1000,1,55748, 16
insertion,450,1000,1,52012, 1712
insertion,450,1000,1,52850, 1728
insertion,450,1000,1,85591, 1744
insertion,450,1000,1,54657, 1760
insertion,450,1000,1,77883, 176
insertion,450,1000,1,75420, 1776
insertion,450,1000,1,51879, 1792
insertion,450,1000,1,51901, 1808
insertion,450,1000,1,90700, 1824
insertion,450,1000,1,66834, 1840
insertion,450,1000,1,93533, 1856
insertion,450,1000,1,82399, 1872
insertion,450,1000,1,51624, 1888
insertion,450,1000,1,57771, 1904
insertion,450,1000,1,55818, 1920
insertion,450,1000,1,54525, 192
insertion,450,1000,1,65160, 1936
insertion,450,1000,1,120138, 1952
insertion,450,1000,1,53874, 1968
insertion,450,1000,1,55829, 1984
insertion,450,1000,1,66759, 2000
insertion,450,1000,1,85561, 2016
insertion,450,1000,1,53051, 2032
insertion,450,1000,1,73162, 2048
insertion,450,1000,1,53936, 2064
insertion,450,1000,1,53415, 2080
insertion,450,1000,1,70797, 208
insertion,450,1000,1,53436, 2096
insertion,450,1000,1,63535, 2112
insertion,450,1000,1,51838, 2128
insertion,450,1000,1,54430, 2144
insertion,450,1000,1,64429, 2160
insertion,450,1000,1,51760, 2176
insertion,450,1000,1,57399, 2192
insertion,450,1000,1,53942, 2208
insertion,450,1000,1,56097, 2224
insertion,450,1000,1,57512, 2240
insertion,450,1000,1,81485, 224
insertion,450,1000,1,54036, 2256
insertion,450,1000,1,54119, 2272
insertion,450,1000,1,53959, 2288
insertion,450,1000,1,66270, 2304
insertion,450,1000,1,56293, 2320
insertion,450,1000,1,58095, 2336
insertion,450,1000,1,58182, 2352
insertion,450,1000,1,55600, 2368
insertion,450,1000,1,55476, 2384
insertion,450,1000,1,53813, 2400
insertion,450,1000,1,81301, 240
insertion,450,1000,1,55905, 2416
insertion,450,1000,1,55541, 2432
insertion,450,1000,1,68529, 2448
insertion,450,1000,1,53942, 2464
insertion,450,1000,1,59087, 2480
insertion,450,1000,1,53611, 2496
insertion,450,1000,1,56140, 2512
insertion,450,1000,1,58124, 2528
insertion,450,1000,1,55470, 2544
insertion,450,1000,1,73220, 2560
insertion,450,1000,1,56778, 256
insertion,450,1000,1,55827, 2576
insertion,450,1000,1,53783, 2592
insertion,450,1000,1,90571, 2608
insertion,450,1000,1,55805, 2624
insertion,450,1000,1,55740, 2640
insertion,450,1000,1,55759, 2656
insertion,450,1000,1,65676, 2672
insertion,450,1000,1,54035, 2688
insertion,450,1000,1,52427, 2704
insertion,450,1000,1,100042, 2720
insertion,450,1000,1,54713, 272
insertion,450,1000,1,52189, 2736
insertion,450,1000,1,56360, 2752
insertion,450,1000,1,54622, 2768
insertion,450,1000,1,76075, 2784
insertion,450,1000,1,54342, 2800
insertion,450,1000,1,56431, 2816
insertion,450,1000,1,56630, 2832
insertion,450,1000,1,86907, 2848
insertion,450,1000,1,54276, 2864
insertion,450,1000,1,54218, 2880
insertion,450,1000,1,54824, 288
insertion,450,1000,1,54495, 2896
insertion,450,1000,1,69266, 2912
insertion,450,1000,1,54106, 2928
insertion,450,1000,1,57581, 2944
insertion,450,1000,1,68105, 2960
insertion,450,1000,1,55742, 2976
insertion,450,1000,1,84432, 2992
insertion,450,1000,1,82732, 3008
insertion,450,1000,1,69474, 3024
insertion,450,1000,1,97882, 3040
insertion,450,1000,1,62537, 304
insertion,450,1000,1,57718, 3056
insertion,450,1000,1,57641, 3072
insertion,450,1000,1,52427, 3088
insertion,450,1000,1,64147, 3104
insertion,450,1000,1,55933, 3120
insertion,450,1000,1,54034, 3136
insertion,450,1000,1,68945, 3152
insertion,450,1000,1,57822, 3168
insertion,450,1000,1,55713, 3184
insertion,450,1000,1,57544, 3200
insertion,450,1000,1,56947, 320
insertion,450,1000,1,54080, 3216
insertion,450,1000,1,54055, 3232
insertion,450,1000,1,66409, 3248
insertion,450,1000,1,91167, 3264
insertion,450,1000,1,86276, 3280
insertion,450,1000,1,63327, 3296
insertion,450,1000,1,69407, 32
insertion,450,1000,1,71777, 3312
insertion,450,1000,1,54017, 3328
insertion,450,1000,1,68029, 3344
insertion,450,1000,1,55718, 3360
insertion,450,1000,1,52260, 336
insertion,450,1000,1,51516, 3376
insertion,450,1000,1,88035, 3392
insertion,450,1000,1,83193, 3408
insertion,450,1000,1,65312, 3424
insertion,450,1000,1,53117, 3440
insertion,450,1000,1,62376, 3456
insertion,450,1000,1,82180, 3472
insertion,450,1000,1,66044, 3488
insertion,450,1000,1,78627, 3504
insertion,450,1000,1,56694, 3520
insertion,450,1000,1,54147, 352
insertion,450,1000,1,78537, 3536
insertion,450,1000,1,51590, 3552
insertion,450,1000,1,55378, 3568
insertion,450,1000,1,56277, 3584
insertion,450,1000,1,73529, 3600
insertion,450,1000,1,58555, 3616
insertion,450,1000,1,51784, 3632
insertion,450,1000,1,55209, 3648
insertion,450,1000,1,55346, 3664
insertion,450,1000,1,56606, 3680
insertion,450,1000,1,54874, 368
insertion,450,1000,1,55287, 3696
insertion,450,1000,1,65668, 3712
insertion,450,1000,1,57000, 3728
insertion,450,1000,1,88904, 3744
insertion,450,1000,1,98289, 3760
insertion,450,1000,1,87993, 3776
insertion,450,1000,1,53885, 3792
insertion,450,1000,1,58793, 3808
insertion,450,1000,1,53358, 3824
insertion,450,1000,1,53309, 3840
insertion,450,1000,1,68863, 384
insertion,450,1000,1,53952, 3856
insertion,450,1000,1,54123, 3872
insertion,450,1000,1,54097, 3888
insertion,450,1000,1,64621, 3904
insertion,450,1000,1,52446, 3920
insertion,450,1000,1,52401, 3936
insertion,450,1000,1,57260, 3952
insertion,450,1000,1,51970, 3968
insertion,450,1000,1,93714, 3984
insertion,450,1000,1,53798, 4000
insertion,450,1000,1,65106, 400
insertion,450,1000,1,80476, 4016
insertion,450,1000,1,58923, 4032
insertion,450,1000,1,57460, 4048
insertion,450,1000,1,60571, 4064
insertion,450,1000,1,66860, 4080
insertion,450,1000,1,55487, 4096
insertion,450,1000,1,85170, 416
insertion,450,1000,1,54246, 432
insertion,450,1000,1,54087, 448
insertion,450,1000,1,69245, 464
insertion,450,1000,1,54295, 480
insertion,450,1000,1,58837, 48
insertion,450,1000,1,53927, 496
insertion,450,1000,1,84026, 512
insertion,450,1000,1,92657, 528
insertion,450,1000,1,57275, 544
insertion,450,1000,1,52235, 560
insertion,450,1000,1,69636, 576
insertion,450,1000,1,93035, 592
insertion,450,1000,1,57260, 608
insertion,450,1000,1,57230, 624
insertion,450,1000,1,55363, 640
insertion,450,1000,1,85039, 64
insertion,450,1000,1,52932, 656
insertion,450,1000,1,55300, 672
insertion,450,1000,1,51669, 688
insertion,450,1000,1,66196, 704
insertion,450,1000,1,52927, 720
insertion,450,1000,1,52250, 736
insertion,450,1000,1,80400, 752
insertion,450,1000,1,54636, 768
insertion,450,1000,1,65548, 784
insertion,450,1000,1,98091, 800
insertion,450,1000,1,56128, 80
insertion,450,1000,1,65160, 816
insertion,450,1000,1,81365, 832
insertion,450,1000,1,56117, 848
insertion,450,1000,1,51641, 864
insertion,450,1000,1,66901, 880
insertion,450,1000,1,53873, 896
insertion,450,1000,1,90453, 912
insertion,450,1000,1,57878, 928
insertion,450,1000,1,98910, 944
insertion,450,1000,1,84678, 960
insertion,450,1000,1,64996, 96
insertion,450,1000,1,60140, 976
insertion,450,1000,1,51636, 992
insertion,50,1000,1,1824, 0
insertion,50,1000,1,1714, 1008
insertion,50,1000,1,1585, 1024
insertion,50,1000,1,1871, 1040
insertion,50,1000,1,1976, 1056
insertion,50,1000,1,1759, 1072
insertion,50,1000,1,1746, 1088
insertion,50,1000,1,2206, 1104
insertion,50,1000,1,1737, 1120
insertion,50,1000,1,1691, 112
insertion,50,1000,1,1680, 1136
insertion,50,1000,1,1759, 1152
insertion,50,1000,1,2012, 1168
insertion,50,1000,1,1860, 1184
insertion,50,1000,1,1934, 1200
insertion,50,1000,1,1745, 1216
insertion,50,1000,1,2357, 1232
insertion,50,1000,1,1960, 1248
insertion,50,1000,1,1760, 1264
insertion,50,1000,1,2082, 1280
insertion,50,1000,1,2087, 128
insertion,50,1000,1,2018, 1296
insertion,50,1000,1,1802, 1312
insertion,50,1000,1,1694, 1328
insertion,50,1000,1,1736, 1344
insertion,50,1000,1,2605, 1360
insertion,50,1000,1,2575, 1376
insertion,50,1000,1,1905, 1392
insertion,50,1000,1,1938, 1408
insertion,50,1000,1,1649, 1424
insertion,50,1000,1,1927, 1440
insertion,50,1000,1,1676, 144
insertion,50,1000,1,1730, 1456
insertion,50,1000,1,2201, 1472
insertion,50,1000,1,1700, 1488
insertion,50,1000,1,1796, 1504
insertion,50,1000,1,1796, 1520
insertion,50,1000,1,1696, 1536
insertion,50,1000,1,1618, 1552
insertion,50,1000,1,1635, 1568
insertion,50,1000,1,2077, 1584
insertion,50,1000,1,2354, 1600
insertion,50,1000,1,2646, 160
insertion,50,1000,1,2347, 1616
insertion,50,1000,1,1895, 1632
insertion,50,1000,1,2163, 1648
insertion,50,1000,1,1705, 1664
insertion,50,1000,1,1737, 1680
insertion,50,1000,1,2383, 1696
insertion,50,1000,1,1794, 16
insertion,50,1000,1,1649, 1712
insertion,50,1000,1,1678, 1728
insertion,50,1000,1,1732, 1744
insertion,50,1000,1,2046, 1760
insertion,50,1000,1,2397, 176
insertion,50,1000,1,1829, 1776
insertion,50,1000,1,1640, 1792
insertion,50,1000,1,1663, 1808
insertion,50,1000,1,1638, 1824
insertion,50,1000,1,1765, 1840
insertion,50,1000,1,1914, 1856
insertion,50,1000,1,1769, 1872
insertion,50,1000,1,1691, 1888
insertion,50,1000,1,1828, 1904
insertion,50,1000,1,1840, 1920
insertion,50,1000,1,1988, 192
insertion,50,1000,1,1878, 1936
insertion,50,1000,1,1898, 1952
insertion,50,1000,1,2272, 1968
insertion,50,1000,1,1802, 1984
insertion,50,1000,1,1977, 2000
insertion,50,1000,1,2463, 2016
insertion,50,1000,1,1793, 2032
insertion,50,1000,1,1614, 2048
insertion,50,1000,1,1800, 2064
insertion,50,1000,1,1727, 2080
insertion,50,1000,1,1598, 208
insertion,50,1000,1,2407, 2096
insertion,50,1000,1,1717, 2112
insertion,50,1000,1,1791, 2128
insertion,50,1000,1,1847, 2144
insertion,50,1000,1,1532, 2160
insertion,50,1000,1,2293, 2176
insertion,50,1000,1,1900, 2192
insertion,50,1000,1,1867, 2208
insertion,50,1000,1,1671, 2224
insertion,50,1000,1,2161, 2240
insertion,50,1000,1,1640, 224
insertion,50,1000,1,1727, 2256
insertion,50,1000,1,1522, 2272
insertion,50,1000,1,1477, 2288
insertion,50,1000,1,2565, 2304
insertion,50,1000,1,2084, 2320
insertion,50,1000,1,1690, 2336
insertion,50,1000,1,1599, 2352
insertion,50,1000,1,2179, 2368
insertion,50,1000,1,1715, 2384
insertion,50,1000,1,2326, 2400
insertion,50,1000,1,1908, 240
insertion,50,1000,1,1582, 2416
insertion,50,1000,1,1845, 2432
insertion,50,1000,1,1837, 2448
insertion,50,1000,1,1813, 2464
insertion,50,1000,1,1648, 2480
insertion,50,1000,1,1735, 2496
insertion,50,1000,1,2104, 2512
insertion,50,1000,1,1672, 2528
insertion,50,1000,1,1532, 2544
insertion,50,1000,1,1688, 2560
insertion,50,1000,1,1622, 256
insertion,50,1000,1,2358, 2576
insertion,50,1000,1,1838, 2592
insertion,50,1000,1,1822, 2608
insertion,50,1000,1,1581, 2624
insertion,50,1000,1,1652, 2640
insertion,50,1000,1,2525, 2656
insertion,50,1000,1,1755, 2672
insertion,50,1000,1,1845, 2688
insertion,50,1000,1,2288, 2704
insertion,50,1000,1,1696, 2720
insertion,50,1000,1,1698, 272
insertion,50,1000,1,2604, 2736
insertion,50,1000,1,1828, 2752
insertion,50,1000,1,1656, 2768
insertion,50,1000,1,1690, 2784
insertion,50,1000,1,1726, 2800
insertion,50,1000,1,2219, 2816
insertion,50,1000,1,1742, 2832
insertion,50,1000,1,2337, 2848
insertion,50,1000,1,1738, 2864
insertion,50,1000,1,1710, 2880
insertion,50,1000,1,2003, 288
insertion,50,1000,1,1674, 2896
insertion,50,1000,1,2430, 2912
insertion,50,1000,1,1677, 2928
insertion,50,1000,1,1566, 2944
insertion,50,1000,1,2444, 2960
insertion,50,1000,1,1682, 2976
insertion,50,1000,1,1993, 2992
insertion,50,1000,1,1749, 3008
insertion,50,1000,1,1646, 3024
insertion,50,1000,1,1766, 3040
insertion,50,1000,1,2084, 304
insertion,50,1000,1,13817, 3056
insertion,50,1000,1,2239, 3072
insertion,50,1000,1,2616, 3088
insertion,50,1000,1,1744, 3104
insertion,50,1000,1,1806, 3120
insertion,50,1000,1,1676, 3136
insertion,50,1000,1,1575, 3152
insertion,50,1000,1,1767, 3168
insertion,50,1000,1,1541, 3184
insertion,50,1000,1,1785, 3200
insertion,50,1000,1,1717, 320
insertion,50,1000,1,1532, 3216
insertion,50,1000,1,1803, 3232
insertion,50,1000,1,1739, 3248
insertion,50,1000,1,1718, 3264
insertion,50,1000,1,2158, 3280
insertion,50,1000,1,1671, 3296
insertion,50,1000,1,1752, 32
insertion,50,1000,1,1768, 3312
insertion,50,1000,1,1730, 3328
insertion,50,1000,1,1547, 3344
insertion,50,1000,1,1748, 3360
insertion,50,1000,1,1598, 336
insertion,50,1000,1,1747, 3376
insertion,50,1000,1,1825, 3392
insertion,50,1000,1,12980, 3408
insertion,50,1000,1,1573, 3424
insertion,50,1000,1,2255, 3440
insertion,50,1000,1,1931, 3456
insertion,50,1000,1,1757, 3472
insertion,50,1000,1,2552, 3488
insertion,50,1000,1,2689, 3504
insertion,50,1000,1,2357, 3520
insertion,50,1000,1,1503, 352
insertion,50,1000,1,2411, 3536
insertion,50,1000,1,1783, 3552
insertion,50,1000,1,1619, 3568
insertion,50,1000,1,1786, 3584
insertion,50,1000,1,2432, 3600
insertion,50,1000,1,2418, 3616
insertion,50,1000,1,2393, 3632
insertion,50,1000,1,1650, 3648
insertion,50,1000,1,1642, 3664
insertion,50,1000,1,1649, 3680
insertion,50,1000,1,1609, 368
insertion,50,1000,1,2196, 3696
insertion,50,1000,1,1777, 3712
insertion,50,1000,1,2431, 3728
insertion,50,1000,1,1733, 3744
insertion,50,1000,1,1808, 3760
insertion,50,1000,1,2617, 3776
insertion,50,1000,1,1719, 3792
insertion,50,1000,1,1731, 3808
insertion,50,1000,1,1580, 3824
insertion,50,1000,1,2027, 3840
insertion,50,1000,1,1689, 384
insertion,50,1000,1,1848, 3856
insertion,50,1000,1,1770, 3872
insertion,50,1000,1,1893, 3888
insertion,50,1000,1,2874, 3904
insertion,50,1000,1,1696, 3920
insertion,50,1000,1,1801, 3936
insertion,50,1000,1,1664, 3952
insertion,50,1000,1,1781, 3968
insertion,50,1000,1,1668, 3984
insertion,50,1000,1,1896, 4000
insertion,50,1000,1,1858, 400
insertion,50,1000,1,1741, 4016
insertion,50,1000,1,1806, 4032
insertion,50,1000,1,1714, 4048
insertion,50,1000,1,1602, 4064
insertion,50,1000,1,2400, 4080
insertion,50,1000,1,1554, 4096
insertion,50,1000,1,2317, 416
insertion,50,1000,1,1550, 432
insertion,50,1000,1,2147, 448
insertion,50,1000,1,1562, 464
insertion,50,1000,1,1562, 480
insertion,50,1000,1,1795, 48
insertion,50,1000,1,2497, 496
insertion,50,1000,1,1647, 512
insertion,50,1000,1,1648, 528
insertion,50,1000,1,1587, 544
insertion,50,1000,1,1748, 560
insertion,50,1000,1,1618, 576
insertion,50,1000,1,1679, 592
insertion,50,1000,1,1739, 608
insertion,50,1000,1,2250, 624
insertion,50,1000,1,1673, 640
insertion,50,1000,1,1548, 64
insertion,50,1000,1,1685, 656
insertion,50,1000,1,1733, 672
insertion,50,1000,1,1666, 688
insertion,50,1000,1,2274, 704
insertion,50,1000,1,1636, 720
insertion,50,1000,1,1714, 736
insertion,50,1000,1,1713, 752
insertion,50,1000,1,1591, 768
insertion,50,1000,1,1638, 784
insertion,50,1000,1,2554, 800
insertion,50,1000,1,1705, 80
insertion,50,1000,1,1837, 816
insertion,50,1000,1,1770, 832
insertion,50,1000,1,2014, 848
insertion,50,1000,1,1583, 864
insertion,50,1000,1,1674, 880
insertion,50,1000,1,2278, 896
insertion,50,1000,1,1863, 912
insertion,50,1000,1,1784, 928
insertion,50,1000,1,1763, 944
insertion,50,1000,1,1727, 960
insertion,50,1000,1,1715, 96
insertion,50,1000,1,10166, 976
insertion,50,1000,1,2337, 992
insertion,550,1000,1,78570, 0
insertion,550,1000,1,75305, 1008
insertion,550,1000,1,77761, 1024
insertion,550,1000,1,106722, 1040
insertion,550,1000,1,80556, 1056
insertion,550,1000,1,122435, 1072
insertion,550,1000,1,114772, 1088
insertion,550,1000,1,78269, 1104
insertion,550,1000,1,79935, 1120
insertion,550,1000,1,125462, 112
insertion,550,1000,1,78992, 1136
insertion,550,1000,1,142356, 1152
insertion,550,1000,1,79045, 1168
insertion,550,1000,1,80953, 1184
insertion,550,1000,1,125881, 1200
insertion,550,1000,1,78348, 1216
insertion,550,1000,1,103074, 1232
insertion,550,1000,1,79716, 1248
insertion,550,1000,1,81039, 1264
insertion,550,1000,1,149501, 1280
insertion,550,1000,1,114841, 128
insertion,550,1000,1,76424, 1296
insertion,550,1000,1,76555, 1312
insertion,550,1000,1,79060, 1328
insertion,550,1000,1,78251, 1344
insertion,550,1000,1,75661, 1360
insertion,550,1000,1,81788, 1376
insertion,550,1000,1,79153, 1392
insertion,550,1000,1,79043, 1408
insertion,550,1000,1,83519, 1424
insertion,550,1000,1,124797, 1440
insertion,550,1000,1,85052, 144
insertion,550,1000,1,79012, 1456
insertion,550,1000,1,76471, 1472
insertion,550,1000,1,88098, 1488
insertion,550,1000,1,130525, 1504
insertion,550,1000,1,116437, 1520
insertion,550,1000,1,90749, 1536
insertion,550,1000,1,87301, 1552
insertion,550,1000,1,130831, 1568
insertion,550,1000,1,93332, 1584
insertion,550,1000,1,108410, 1600
insertion,550,1000,1,81377, 160
insertion,550,1000,1,130556, 1616
insertion,550,1000,1,80571, 1632
insertion,550,1000,1,84462, 1648
insertion,550,1000,1,83651, 1664
insertion,550,1000,1,124715, 1680
insertion,550,1000,1,83786, 1696
insertion,550,1000,1,82765, 16
insertion,550,1000,1,86272, 1712
insertion,550,1000,1,141496, 1728
insertion,550,1000,1,104365, 1744
insertion,550,1000,1,121796, 1760
insertion,550,1000,1,77900, 176
insertion,550,1000,1,103202, 1776
insertion,550,1000,1,105665, 1792
insertion,550,1000,1,142152, 1808
insertion,550,1000,1,83240, 1824
insertion,550,1000,1,123307, 1840
insertion,550,1000,1,82129, 1856
insertion,550,1000,1,104327, 1872
insertion,550,1000,1,116715, 1888
insertion,550,1000,1,86596, 1904
insertion,550,1000,1,85549, 1920
insertion,550,1000,1,82369, 192
insertion,550,1000,1,84795, 1936
insertion,550,1000,1,137913, 1952
insertion,550,1000,1,114609, 1968
insertion,550,1000,1,88052, 1984
insertion,550,1000,1,82089, 2000
insertion,550,1000,1,79478, 2016
insertion,550,1000,1,82673, 2032
insertion,550,1000,1,81052, 2048
insertion,550,1000,1,81009, 2064
insertion,550,1000,1,77547, 2080
insertion,550,1000,1,80453, 208
insertion,550,1000,1,89711, 2096
insertion,550,1000,1,80103, 2112
insertion,550,1000,1,80043, 2128
insertion,550,1000,1,84701, 2144
insertion,550,1000,1,79953, 2160
insertion,550,1000,1,84191, 2176
insertion,550,1000,1,92328, 2192
insertion,550,1000,1,93526, 2208
insertion,550,1000,1,133133, 2224
insertion,550,1000,1,138814, 2240
insertion,550,1000,1,83848, 224
insertion,550,1000,1,80163, 2256
insertion,550,1000,1,75859, 2272
insertion,550,1000,1,104390, 2288
insertion,550,1000,1,79179, 2304
insertion,550,1000,1,73635, 2320
insertion,550,1000,1,106210, 2336
insertion,550,1000,1,119183, 2352
insertion,550,1000,1,98664, 2368
insertion,550,1000,1,113014, 2384
insertion,550,1000,1,85834, 2400
insertion,550,1000,1,150281, 240
insertion,550,1000,1,116922, 2416
insertion,550,1000,1,73576, 2432
insertion,550,1000,1,150560, 2448
insertion,550,1000,1,85986, 2464
insertion,550,1000,1,85796, 2480
insertion,550,1000,1,88971, 2496
insertion,550,1000,1,88844, 2512
insertion,550,1000,1,98559, 2528
insertion,550,1000,1,83505, 2544
insertion,550,1000,1,82612, 2560
insertion,550,1000,1,80506, 256
insertion,550,1000,1,92371, 2576
insertion,550,1000,1,118067, 2592
insertion,550,1000,1,78500, 2608
insertion,550,1000,1,97511, 2624
insertion,550,1000,1,82330, 2640
insertion,550,1000,1,80225, 2656
insertion,550,1000,1,83126, 2672
insertion,550,1000,1,85190, 2688
insertion,550,1000,1,78771, 2704
insertion,550,1000,1,78606, 2720
insertion,550,1000,1,80270, 272
insertion,550,1000,1,129238, 2736
insertion,550,1000,1,76006, 2752
insertion,550,1000,1,79207, 2768
insertion,550,1000,1,91347, 2784
insertion,550,1000,1,114196, 2800
insertion,550,1000,1,79869, 2816
insertion,550,1000,1,85054, 2832
insertion,550,1000,1,82655, 2848
insertion,550,1000,1,77224, 2864
insertion,550,1000,1,99686, 2880
insertion,550,1000,1,78412, 288
insertion,550,1000,1,96688, 2896
insertion,550,1000,1,79295, 2912
insertion,550,1000,1,78530, 2928
insertion,550,1000,1,79881, 2944
insertion,550,1000,1,76752, 2960
insertion,550,1000,1,81163, 2976
insertion,550,1000,1,78500, 2992
insertion,550,1000,1,79617, 3008
insertion,550,1000,1,143734, 3024
insertion,550,1000,1,134405, 3040
insertion,550,1000,1,112927, 304
insertion,550,1000,1,167930, 3056
insertion,550,1000,1,79480, 3072
insertion,550,1000,1,84151, 3088
insertion,550,1000,1,85212, 3104
insertion,550,1000,1,87285, 3120
insertion,550,1000,1,127391, 3136
insertion,550,1000,1,132071, 3152
insertion,550,1000,1,84057, 3168
insertion,550,1000,1,79582, 3184
insertion,550,1000,1,76923, 3200
insertion,550,1000,1,78948, 320
insertion,550,1000,1,119442, 3216
insertion,550,1000,1,80892, 3232
insertion,550,1000,1,83740, 3248
insertion,550,1000,1,81315, 3264
insertion,550,1000,1,93271, 3280
insertion,550,1000,1,80912, 3296
insertion,550,1000,1,82986, 32
insertion,550,1000,1,80878, 3312
insertion,550,1000,1,83496, 3328
insertion,550,1000,1,102661, 3344
insertion,550,1000,1,80621, 3360
insertion,550,1000,1,76451, 336
insertion,550,1000,1,83277, 3376
insertion,550,1000,1,83105, 3392
insertion,550,1000,1,83146, 3408
insertion,550,1000,1,91530, 3424
insertion,550,1000,1,117771, 3440
insertion,550,1000,1,117373, 3456
insertion,550,1000,1,80186, 3472
insertion,550,1000,1,77467, 3488
insertion,550,1000,1,159468, 3504
insertion,550,1000,1,136376, 3520
insertion,550,1000,1,97673, 352
insertion,550,1000,1,83678, 3536
insertion,550,1000,1,82982, 3552
insertion,550,1000,1,99913, 3568
insertion,550,1000,1,83193, 3584
insertion,550,1000,1,80570, 3600
insertion,550,1000,1,76746, 3616
insertion,550,1000,1,132985, 3632
insertion,550,1000,1,82447, 3648
insertion,550,1000,1,108094, 3664
insertion,550,1000,1,82221, 3680
insertion,550,1000,1,80391, 368
insertion,550,1000,1,102024, 3696
insertion,550,1000,1,106019, 3712
insertion,550,1000,1,130460, 3728
insertion,550,1000,1,107863, 3744
insertion,550,1000,1,79027, 3760
insertion,550,1000,1,82263, 3776
insertion,550,1000,1,78782, 3792
insertion,550,1000,1,78918, 3808
insertion,550,1000,1,82488, 3824
insertion,550,1000,1,78733, 3840
insertion,550,1000,1,82961, 384
insertion,550,1000,1,88128, 3856
insertion,550,1000,1,82453, 3872
insertion,550,1000,1,111401, 3888
insertion,550,1000,1,123864, 3904
insertion,550,1000,1,88068, 3920
insertion,550,1000,1,78838, 3936
insertion,550,1000,1,80800, 3952
insertion,550,1000,1,80698, 3968
insertion,550,1000,1,96328, 3984
insertion,550,1000,1,140796, 4000
insertion,550,1000,1,80181, 400
insertion,550,1000,1,77985, 4016
insertion,550,1000,1,75607, 4032
insertion,550,1000,1,122923, 4048
insertion,550,1000,1,88025, 4064
insertion,550,1000,1,77696, 4080
insertion,550,1000,1,80997, 4096
insertion,550,1000,1,80216, 416
insertion,550,1000,1,76521, 432
insertion,550,1000,1,86149, 448
insertion,550,1000,1,78596, 464
insertion,550,1000,1,86015, 480
insertion,550,1000,1,76109, 48
insertion,550,1000,1,121294, 496
insertion,550,1000,1,108942, 512
insertion,550,1000,1,86685, 528
insertion,550,1000,1,96342, 544
insertion,550,1000,1,83416, 560
insertion,550,1000,1,80843, 576
insertion,550,1000,1,83659, 592
insertion,550,1000,1,78208, 608
insertion,550,1000,1,78587, 624
insertion,550,1000,1,81287, 640
insertion,550,1000,1,132282, 64
insertion,550,1000,1,77819, 656
insertion,550,1000,1,90584, 672
insertion,550,1000,1,94022, 688
insertion,550,1000,1,91702, 704
insertion,550,1000,1,80558, 720
insertion,550,1000,1,80339, 736
insertion,550,1000,1,121500, 752
insertion,550,1000,1,143934, 768
insertion,550,1000,1,82006, 784
insertion,550,1000,1,96128, 800
insertion,550,1000,1,85125, 80
insertion,550,1000,1,101541, 816
insertion,550,1000,1,80243, 832
insertion,550,1000,1,130343, 848
insertion,550,1000,1,79994, 864
insertion,550,1000,1,79359, 880
insertion,550,1000,1,79176, 896
insertion,550,1000,1,80388, 912
insertion,550,1000,1,81885, 928
insertion,550,1000,1,87001, 944
insertion,550,1000,1,75218, 960
insertion,550,1000,1,78573, 96
insertion,550,1000,1,82190, 976
insertion,550,1000,1,94261, 992
insertion,650,1000,1,119039, 0
insertion,650,1000,1,130716, 1008
insertion,650,1000,1,112016, 1024
insertion,650,1000,1,175804, 1040
insertion,650,1000,1,160321, 1056
insertion,650,1000,1,109709, 1072
insertion,650,1000,1,191229, 1088
insertion,650,1000,1,200745, 1104
insertion,650,1000,1,110350, 1120
insertion,650,1000,1,161499, 112
insertion,650,1000,1,195143, 1136
insertion,650,1000,1,118201, 1152
insertion,650,1000,1,112435, 1168
insertion,650,1000,1,112320, 1184
insertion,650,1000,1,113255, 1200
insertion,650,1000,1,114741, 1216
insertion,650,1000,1,114346, 1232
insertion,650,1000,1,169099, 1248
insertion,650,1000,1,112302, 1264
insertion,650,1000,1,145478, 1280
insertion,650,1000,1,171288, 128
insertion,650,1000,1,110556, 1296
insertion,650,1000,1,134684, 1312
insertion,650,1000,1,187926, 1328
insertion,650,1000,1,108881, 1344
insertion,650,1000,1,138028, 1360
insertion,650,1000,1,121802, 1376
insertion,650,1000,1,113040, 1392
insertion,650,1000,1,192358, 1408
insertion,650,1000,1,169771, 1424
insertion,650,1000,1,149180, 1440
insertion,650,1000,1,186684, 144
insertion,650,1000,1,149175, 1456
insertion,650,1000,1,175126, 1472
insertion,650,1000,1,112938, 1488
insertion,650,1000,1,150884, 1504
insertion,650,1000,1,177863, 1520
insertion,650,1000,1,108760, 1536
insertion,650,1000,1,213913, 1552
insertion,650,1000,1,120324, 1568
insertion,650,1000,1,127292, 1584
insertion,650,1000,1,191056, 1600
insertion,650,1000,1,116272, 160
insertion,650,1000,1,123412, 1616
insertion,650,1000,1,125339, 1632
insertion,650,1000,1,113749, 1648
insertion,650,1000,1,191157, 1664
insertion,650,1000,1,112835, 1680
insertion,650,1000,1,154608, 1696
insertion,650,1000,1,108394, 16
insertion,650,1000,1,118851, 1712
insertion,650,1000,1,111905, 1728
insertion,650,1000,1,124489, 1744
insertion,650,1000,1,168304, 1760
insertion,650,1000,1,117714, 176
insertion,650,1000,1,144105, 1776
insertion,650,1000,1,160738, 1792
insertion,650,1000,1,129888, 1808
insertion,650,1000,1,122372, 1824
insertion,650,1000,1,145715, 1840
insertion,650,1000,1,189947, 1856
insertion,650,1000,1,111865, 1872
insertion,650,1000,1,106053, 1888
insertion,650,1000,1,156531, 1904
insertion,650,1000,1,188859, 1920
insertion,650,1000,1,107542, 192
insertion,650,1000,1,106570, 1936
insertion,650,1000,1,105878, 1952
insertion,650,1000,1,168734, 1968
insertion,650,1000,1,108306, 1984
insertion,650,1000,1,111040, 2000
insertion,650,1000,1,132768, 2016
insertion,650,1000,1,110994, 2032
insertion,650,1000,1,162960, 2048
insertion,650,1000,1,111179, 2064
insertion,650,1000,1,106449, 2080
insertion,650,1000,1,112127, 208
insertion,650,1000,1,168051, 2096
insertion,650,1000,1,115956, 2112
insertion,650,1000,1,121660, 2128
insertion,650,1000,1,184618, 2144
insertion,650,1000,1,112030, 2160
insertion,650,1000,1,108099, 2176
insertion,650,1000,1,112177, 2192
insertion,650,1000,1,132129, 2208
insertion,650,1000,1,114729, 2224
insertion,650,1000,1,110906, 2240
insertion,650,1000,1,103970, 224
insertion,650,1000,1,114890, 2256
insertion,650,1000,1,124301, 2272
insertion,650,1000,1,107807, 2288
insertion,650,1000,1,121794, 2304
insertion,650,1000,1,117061, 2320
insertion,650,1000,1,112428, 2336
insertion,650,1000,1,139947, 2352
insertion,650,1000,1,179636, 2368
insertion,650,1000,1,131335, 2384
insertion,650,1000,1,116445, 2400
insertion,650,1000,1,116042, 240
insertion,650,1000,1,149318, 2416
insertion,650,1000,1,186162, 2432
insertion,650,1000,1,148056, 2448
insertion,650,1000,1,110859, 2464
insertion,650,1000,1,112619, 2480
insertion,650,1000,1,112329, 2496
insertion,650,1000,1,146712, 2512
insertion,650,1000,1,114128, 2528
insertion,650,1000,1,118284, 2544
insertion,650,1000,1,200801, 2560
insertion,650,1000,1,115996, 256
insertion,650,1000,1,211058, 2576
insertion,650,1000,1,143610, 2592
insertion,650,1000,1,129238, 2608
insertion,650,1000,1,152291, 2624
insertion,650,1000,1,119695, 2640
insertion,650,1000,1,112075, 2656
insertion,650,1000,1,109689, 2672
insertion,650,1000,1,106002, 2688
insertion,650,1000,1,136445, 2704
insertion,650,1000,1,115813, 2720
insertion,650,1000,1,116874, 272
insertion,650,1000,1,115893, 2736
insertion,650,1000,1,108346, 2752
insertion,650,1000,1,114038, 2768
insertion,650,1000,1,108351, 2784
insertion,650,1000,1,108335, 2800
insertion,650,1000,1,159023, 2816
insertion,650,1000,1,120535, 2832
insertion,650,1000,1,105169, 2848
insertion,650,1000,1,119031, 2864
insertion,650,1000,1,160282, 2880
insertion,650,1000,1,118538, 288
insertion,650,1000,1,118952, 2896
insertion,650,1000,1,118897, 2912
insertion,650,1000,1,107279, 2928
insertion,650,1000,1,119040, 2944
insertion,650,1000,1,156207, 2960
insertion,650,1000,1,186393, 2976
insertion,650,1000,1,174452, 2992
insertion,650,1000,1,133068, 3008
insertion,650,1000,1,114277, 3024
insertion,650,1000,1,108859, 3040
insertion,650,1000,1,167300, 304
insertion,650,1000,1,108947, 3056
insertion,650,1000,1,105310, 3072
insertion,650,1000,1,105346, 3088
insertion,650,1000,1,184935, 3104
insertion,650,1000,1,116825, 3120
insertion,650,1000,1,186587, 3136
insertion,650,1000,1,125927, 3152
insertion,650,1000,1,112010, 3168
insertion,650,1000,1,131858, 3184
insertion,650,1000,1,110688, 3200
insertion,650,1000,1,114941, 320
insertion,650,1000,1,120898, 3216
insertion,650,1000,1,113061, 3232
insertion,650,1000,1,163692, 3248
insertion,650,1000,1,110699, 3264
insertion,650,1000,1,111011, 3280
insertion,650,1000,1,135151, 3296
insertion,650,1000,1,108308, 32
insertion,650,1000,1,135592, 3312
insertion,650,1000,1,126731, 3328
insertion,650,1000,1,137770, 3344
insertion,650,1000,1,121059, 3360
insertion,650,1000,1,111117, 336
insertion,650,1000,1,139095, 3376
insertion,650,1000,1,114563, 3392
insertion,650,1000,1,107904, 3408
insertion,650,1000,1,137704, 3424
insertion,650,1000,1,122374, 3440
insertion,650,1000,1,108135, 3456
insertion,650,1000,1,118789, 3472
insertion,650,1000,1,104404, 3488
insertion,650,1000,1,117318, 3504
insertion,650,1000,1,161303, 3520
insertion,650,1000,1,116637, 352
insertion,650,1000,1,225828, 3536
insertion,650,1000,1,176188, 3552
insertion,650,1000,1,126527, 3568
insertion,650,1000,1,185525, 3584
insertion,650,1000,1,111582, 3600
insertion,650,1000,1,108086, 3616
insertion,650,1000,1,110791, 3632
insertion,650,1000,1,137421, 3648
insertion,650,1000,1,110839, 3664
insertion,650,1000,1,117902, 3680
insertion,650,1000,1,112772, 368
insertion,650,1000,1,122191, 3696
insertion,650,1000,1,147817, 3712
insertion,650,1000,1,110866, 3728
insertion,650,1000,1,107283, 3744
insertion,650,1000,1,110794, 3760
insertion,650,1000,1,195371, 3776
insertion,650,1000,1,153603, 3792
insertion,650,1000,1,110904, 3808
insertion,650,1000,1,110770, 3824
insertion,650,1000,1,114663, 3840
insertion,650,1000,1,111287, 384
insertion,650,1000,1,111118, 3856
insertion,650,1000,1,175442, 3872
insertion,650,1000,1,138499, 3888
insertion,650,1000,1,143062, 3904
insertion,650,1000,1,110879, 3920
insertion,650,1000,1,119752, 3936
insertion,650,1000,1,110397, 3952
insertion,650,1000,1,203525, 3968
insertion,650,1000,1,124591, 3984
insertion,650,1000,1,178136, 4000
insertion,650,1000,1,190765, 400
insertion,650,1000,1,110871, 4016
insertion,650,1000,1,110826, 4032
insertion,650,1000,1,110741, 4048
insertion,650,1000,1,114052, 4064
insertion,650,1000,1,120429, 4080
insertion,650,1000,1,120472, 4096
insertion,650,1000,1,111113, 416
insertion,650,1000,1,137128, 432
insertion,650,1000,1,174742, 448
insertion,650,1000,1,112976, 464
insertion,650,1000,1,107393, 480
insertion,650,1000,1,110423, 48
insertion,650,1000,1,107357, 496
insertion,650,1000,1,111081, 512
insertion,650,1000,1,162276, 528
insertion,650,1000,1,107239, 544
insertion,650,1000,1,103601, 560
insertion,650,1000,1,107657, 576
insertion,650,1000,1,107052, 592
insertion,650,1000,1,106945, 608
insertion,650,1000,1,131797, 624
insertion,650,1000,1,115468, 640
insertion,650,1000,1,107434, 64
insertion,650,1000,1,115333, 656
insertion,650,1000,1,111525, 672
insertion,650,1000,1,141832, 688
insertion,650,1000,1,110315, 704
insertion,650,1000,1,111607, 720
insertion,650,1000,1,109867, 736
insertion,650,1000,1,115355, 752
insertion,650,1000,1,119375, 768
insertion,650,1000,1,109856, 784
insertion,650,1000,1,106990, 800
insertion,650,1000,1,161744, 80
insertion,650,1000,1,113633, 816
insertion,650,1000,1,117594, 832
insertion,650,1000,1,110458, 848
insertion,650,1000,1,105298, 864
insertion,650,1000,1,138671, 880
insertion,650,1000,1,181962, 896
insertion,650,1000,1,177859, 912
insertion,650,1000,1,123687, 928
insertion,650,1000,1,125567, 944
insertion,650,1000,1,108449, 960
insertion,650,1000,1,157220, 96
insertion,650,1000,1,156923, 976
insertion,650,1000,1,105401, 992
insertion,750,1000,1,151769, 0
insertion,750,1000,1,154569, 1008
insertion,750,1000,1,148296, 1024
insertion,750,1000,1,151707, 1040
insertion,750,1000,1,232229, 1056
insertion,750,1000,1,186560, 1072
insertion,750,1000,1,156175, 1088
insertion,750,1000,1,262932, 1104
insertion,750,1000,1,150672, 1120
insertion,750,1000,1,146590, 112
insertion,750,1000,1,227736, 1136
insertion,750,1000,1,162382, 1152
insertion,750,1000,1,156232, 1168
insertion,750,1000,1,147040, 1184
insertion,750,1000,1,141917, 1200
insertion,750,1000,1,161060, 1216
insertion,750,1000,1,165626, 1232
insertion,750,1000,1,161955, 1248
insertion,750,1000,1,154337, 1264
insertion,750,1000,1,141947, 1280
insertion,750,1000,1,158000, 128
insertion,750,1000,1,146603, 1296
insertion,750,1000,1,150668, 1312
insertion,750,1000,1,156650, 1328
insertion,750,1000,1,163186, 1344
insertion,750,1000,1,153081, 1360
insertion,750,1000,1,192745, 1376
insertion,750,1000,1,151160, 1392
insertion,750,1000,1,159261, 1408
insertion,750,1000,1,148148, 1424
insertion,750,1000,1,149528, 1440
insertion,750,1000,1,171093, 144
insertion,750,1000,1,149700, 1456
insertion,750,1000,1,144796, 1472
insertion,750,1000,1,143393, 1488
insertion,750,1000,1,178224, 1504
insertion,750,1000,1,152560, 1520
insertion,750,1000,1,182000, 1536
insertion,750,1000,1,186000, 1552
insertion,750,1000,1,147973, 1568
insertion,750,1000,1,148338, 1584
insertion,750,1000,1,148388, 1600
insertion,750,1000,1,160566, 160
insertion,750,1000,1,142918, 1616
insertion,750,1000,1,197066, 1632
insertion,750,1000,1,151998, 1648
insertion,750,1000,1,143339, 1664
insertion,750,1000,1,143470, 1680
insertion,750,1000,1,262968, 1696
insertion,750,1000,1,148811, 16
insertion,750,1000,1,199517, 1712
insertion,750,1000,1,251858, 1728
insertion,750,1000,1,155064, 1744
insertion,750,1000,1,149174, 1760
insertion,750,1000,1,242934, 176
insertion,750,1000,1,230898, 1776
insertion,750,1000,1,181326, 1792
insertion,750,1000,1,229746, 1808
insertion,750,1000,1,264869, 1824
insertion,750,1000,1,189876, 1840
insertion,750,1000,1,170286, 1856
insertion,750,1000,1,192080, 1872
insertion,750,1000,1,140655, 1888
insertion,750,1000,1,147964, 1904
insertion,750,1000,1,181714, 1920
insertion,750,1000,1,139298, 192
insertion,750,1000,1,143489, 1936
insertion,750,1000,1,142318, 1952
insertion,750,1000,1,137777, 1968
insertion,750,1000,1,229211, 1984
insertion,750,1000,1,143485, 2000
insertion,750,1000,1,173106, 2016
insertion,750,1000,1,142402, 2032
insertion,750,1000,1,156124, 2048
insertion,750,1000,1,137761, 2064
insertion,750,1000,1,144842, 2080
insertion,750,1000,1,157666, 208
insertion,750,1000,1,180664, 2096
insertion,750,1000,1,173182, 2112
insertion,750,1000,1,158339, 2128
insertion,750,1000,1,183818, 2144
insertion,750,1000,1,154711, 2160
insertion,750,1000,1,160461, 2176
insertion,750,1000,1,190905, 2192
insertion,750,1000,1,140326, 2208
insertion,750,1000,1,188620, 2224
insertion,750,1000,1,140455, 2240
insertion,750,1000,1,151859, 224
insertion,750,1000,1,157063, 2256
insertion,750,1000,1,154412, 2272
insertion,750,1000,1,146026, 2288
insertion,750,1000,1,141309, 2304
insertion,750,1000,1,189109, 2320
insertion,750,1000,1,172712, 2336
insertion,750,1000,1,230248, 2352
insertion,750,1000,1,150131, 2368
insertion,750,1000,1,150362, 2384
insertion,750,1000,1,171996, 2400
insertion,750,1000,1,331526, 240
insertion,750,1000,1,168187, 2416
insertion,750,1000,1,240602, 2432
insertion,750,1000,1,155834, 2448
insertion,750,1000,1,146208, 2464
insertion,750,1000,1,146158, 2480
insertion,750,1000,1,151172, 2496
insertion,750,1000,1,149368, 2512
insertion,750,1000,1,228272, 2528
insertion,750,1000,1,234670, 2544
insertion,750,1000,1,264920, 2560
insertion,750,1000,1,165308, 256
insertion,750,1000,1,239996, 2576
insertion,750,1000,1,166472, 2592
insertion,750,1000,1,223914, 2608
insertion,750,1000,1,148155, 2624
insertion,750,1000,1,203477, 2640
insertion,750,1000,1,149328, 2656
insertion,750,1000,1,263652, 2672
insertion,750,1000,1,148310, 2688
insertion,750,1000,1,146541, 2704
insertion,750,1000,1,162700, 2720
insertion,750,1000,1,151048, 272
insertion,750,1000,1,151299, 2736
insertion,750,1000,1,178215, 2752
insertion,750,1000,1,149453, 2768
insertion,750,1000,1,177142, 2784
insertion,750,1000,1,144597, 2800
insertion,750,1000,1,160429, 2816
insertion,750,1000,1,155185, 2832
insertion,750,1000,1,176217, 2848
insertion,750,1000,1,148918, 2864
insertion,750,1000,1,244020, 2880
insertion,750,1000,1,171329, 288
insertion,750,1000,1,172479, 2896
insertion,750,1000,1,148086, 2912
insertion,750,1000,1,147968, 2928
insertion,750,1000,1,162300, 2944
insertion,750,1000,1,153158, 2960
insertion,750,1000,1,151497, 2976
insertion,750,1000,1,176298, 2992
insertion,750,1000,1,143437, 3008
insertion,750,1000,1,148161, 3024
insertion,750,1000,1,165047, 3040
insertion,750,1000,1,179255, 304
insertion,750,1000,1,159087, 3056
insertion,750,1000,1,146549, 3072
insertion,750,1000,1,233393, 3088
insertion,750,1000,1,162799, 3104
insertion,750,1000,1,151716, 3120
insertion,750,1000,1,139222, 3136
insertion,750,1000,1,151339, 3152
insertion,750,1000,1,168384, 3168
insertion,750,1000,1,147809, 3184
insertion,750,1000,1,148045, 3200
insertion,750,1000,1,151841, 320
insertion,750,1000,1,273519, 3216
insertion,750,1000,1,249253, 3232
insertion,750,1000,1,144256, 3248
insertion,750,1000,1,148327, 3264
insertion,750,1000,1,189345, 3280
insertion,750,1000,1,211537, 3296
insertion,750,1000,1,222776, 32
insertion,750,1000,1,152827, 3312
insertion,750,1000,1,260723, 3328
insertion,750,1000,1,151536, 3344
insertion,750,1000,1,156148, 3360
insertion,750,1000,1,156918, 336
insertion,750,1000,1,171236, 3376
insertion,750,1000,1,143838, 3392
insertion,750,1000,1,241716, 3408
insertion,750,1000,1,142919, 3424
insertion,750,1000,1,146210, 3440
insertion,750,1000,1,146369, 3456
insertion,750,1000,1,151849, 3472
insertion,750,1000,1,157112, 3488
insertion,750,1000,1,144723, 3504
insertion,750,1000,1,149356, 3520
insertion,750,1000,1,139223, 352
insertion,750,1000,1,146167, 3536
insertion,750,1000,1,146328, 3552
insertion,750,1000,1,260146, 3568
insertion,750,1000,1,149461, 3584
insertion,750,1000,1,139545, 3600
insertion,750,1000,1,147741, 3616
insertion,750,1000,1,151015, 3632
insertion,750,1000,1,219615, 3648
insertion,750,1000,1,167602, 3664
insertion,750,1000,1,223489, 3680
insertion,750,1000,1,147005, 368
insertion,750,1000,1,158879, 3696
insertion,750,1000,1,151203, 3712
insertion,750,1000,1,146219, 3728
insertion,750,1000,1,172060, 3744
insertion,750,1000,1,152534, 3760
insertion,750,1000,1,145619, 3776
insertion,750,1000,1,238758, 3792
insertion,750,1000,1,237863, 3808
insertion,750,1000,1,145447, 3824
insertion,750,1000,1,173742, 3840
insertion,750,1000,1,217500, 384
insertion,750,1000,1,166006, 3856
insertion,750,1000,1,144525, 3872
insertion,750,1000,1,180440, 3888
insertion,750,1000,1,146698, 3904
insertion,750,1000,1,221777, 3920
insertion,750,1000,1,166699, 3936
insertion,750,1000,1,147657, 3952
insertion,750,1000,1,224548, 3968
insertion,750,1000,1,147584, 3984
insertion,750,1000,1,142669, 4000
insertion,750,1000,1,149559, 400
insertion,750,1000,1,151248, 4016
insertion,750,1000,1,182515, 4032
insertion,750,1000,1,198684, 4048
insertion,750,1000,1,164102, 4064
insertion,750,1000,1,147443, 4080
insertion,750,1000,1,184337, 4096
insertion,750,1000,1,151855, 416
insertion,750,1000,1,158543, 432
insertion,750,1000,1,236741, 448
insertion,750,1000,1,154294, 464
insertion,750,1000,1,172716, 480
insertion,750,1000,1,245684, 48
insertion,750,1000,1,184220, 496
insertion,750,1000,1,158473, 512
insertion,750,1000,1,158969, 528
insertion,750,1000,1,145302, 544
insertion,750,1000,1,140623, 560
insertion,750,1000,1,149364, 576
insertion,750,1000,1,245125, 592
insertion,750,1000,1,148629, 608
insertion,750,1000,1,160996, 624
insertion,750,1000,1,183255, 640
insertion,750,1000,1,141933, 64
insertion,750,1000,1,143656, 656
insertion,750,1000,1,148697, 672
insertion,750,1000,1,145319, 688
insertion,750,1000,1,158081, 704
insertion,750,1000,1,153394, 720
insertion,750,1000,1,143442, 736
insertion,750,1000,1,148776, 752
insertion,750,1000,1,226993, 768
insertion,750,1000,1,202537, 784
insertion,750,1000,1,144098, 800
insertion,750,1000,1,151335, 80
insertion,750,1000,1,219300, 816
insertion,750,1000,1,236956, 832
insertion,750,1000,1,148711, 848
insertion,750,1000,1,145301, 864
insertion,750,1000,1,144013, 880
insertion,750,1000,1,145324, 896
insertion,750,1000,1,172400, 912
insertion,750,1000,1,143522, 928
insertion,750,1000,1,145254, 944
insertion,750,1000,1,156281, 960
insertion,750,1000,1,154551, 96
insertion,750,1000,1,148421, 976
insertion,750,1000,1,148384, 992
