radix,150,1000,1,6882, 0
radix,150,1000,1,6782, 1008
radix,150,1000,1,9898, 1024
radix,150,1000,1,7646, 1040
radix,150,1000,1,10336, 1056
radix,150,1000,1,10922, 1072
radix,150,1000,1,10552, 1088
radix,150,1000,1,7007, 1104
radix,150,1000,1,7423, 1120
radix,150,1000,1,7381, 112
radix,150,1000,1,7108, 1136
radix,150,1000,1,7123, 1152
radix,150,1000,1,6790, 1168
radix,150,1000,1,7098, 1184
radix,150,1000,1,6598, 1200
radix,150,1000,1,21138, 1216
radix,150,1000,1,11200, 1232
radix,150,1000,1,9162, 1248
radix,150,1000,1,6636, 1264
radix,150,1000,1,6840, 1280
radix,150,1000,1,7161, 128
radix,150,1000,1,6726, 1296
radix,150,1000,1,18467, 1312
radix,150,1000,1,7292, 1328
radix,150,1000,1,10954, 1344
radix,150,1000,1,6679, 1360
radix,150,1000,1,8088, 1376
radix,150,1000,1,17610, 1392
radix,150,1000,1,7005, 1408
radix,150,1000,1,9809, 1424
radix,150,1000,1,6598, 1440
radix,150,1000,1,10450, 144
radix,150,1000,1,6849, 1456
radix,150,1000,1,7640, 1472
radix,150,1000,1,6820, 1488
radix,150,1000,1,6573, 1504
radix,150,1000,1,6922, 1520
radix,150,1000,1,6752, 1536
radix,150,1000,1,7039, 1552
radix,150,1000,1,6736, 1568
radix,150,1000,1,9630, 1584
radix,150,1000,1,6815, 1600
radix,150,1000,1,7305, 160
radix,150,1000,1,7193, 1616
radix,150,1000,1,6842, 1632
radix,150,1000,1,6699, 1648
radix,150,1000,1,6704, 1664
radix,150,1000,1,24897, 1680
radix,150,1000,1,6510, 1696
radix,150,1000,1,7029, 16
radix,150,1000,1,7060, 1712
radix,150,1000,1,16423, 1728
radix,150,1000,1,6532, 1744
radix,150,1000,1,6802, 1760
radix,150,1000,1,7088, 176
radix,150,1000,1,7049, 1776
radix,150,1000,1,9846, 1792
radix,150,1000,1,11069, 1808
radix,150,1000,1,10209, 1824
radix,150,1000,1,7144, 1840
radix,150,1000,1,9833, 1856
radix,150,1000,1,7107, 1872
radix,150,1000,1,6817, 1888
radix,150,1000,1,6439, 1904
radix,150,1000,1,6818, 1920
radix,150,1000,1,7276, 192
radix,150,1000,1,6534, 1936
radix,150,1000,1,6870, 1952
radix,150,1000,1,9844, 1968
radix,150,1000,1,6810, 1984
radix,150,1000,1,6858, 2000
radix,150,1000,1,6574, 2016
radix,150,1000,1,6755, 2032
radix,150,1000,1,9952, 2048
radix,150,1000,1,10228, 2064
radix,150,1000,1,6774, 2080
radix,150,1000,1,10198, 208
radix,150,1000,1,7073, 2096
radix,150,1000,1,6856, 2112
radix,150,1000,1,6845, 2128
radix,150,1000,1,8810, 2144
radix,150,1000,1,6542, 2160
radix,150,1000,1,9593, 2176
radix,150,1000,1,6603, 2192
radix,150,1000,1,6813, 2208
radix,150,1000,1,7017, 2224
radix,150,1000,1,9934, 2240
radix,150,1000,1,7496, 224
radix,150,1000,1,9642, 2256
radix,150,1000,1,7093, 2272
radix,150,1000,1,6664, 2288
radix,150,1000,1,6860, 2304
radix,150,1000,1,7227, 2320
radix,150,1000,1,10077, 2336
radix,150,1000,1,6536, 2352
radix,150,1000,1,6594, 2368
radix,150,1000,1,6624, 2384
radix,150,1000,1,9875, 2400
radix,150,1000,1,7078, 240
radix,150,1000,1,7005, 2416
radix,150,1000,1,10509, 2432
radix,150,1000,1,6900, 2448
radix,150,1000,1,9804, 2464
radix,150,1000,1,6817, 2480
radix,150,1000,1,6630, 2496
radix,150,1000,1,6912, 2512
radix,150,1000,1,7036, 2528
radix,150,1000,1,6823, 2544
radix,150,1000,1,6844, 2560
radix,150,1000,1,7313, 256
radix,150,1000,1,6639, 2576
radix,150,1000,1,9895, 2592
radix,150,1000,1,6662, 2608
radix,150,1000,1,6906, 2624
radix,150,1000,1,6597, 2640
radix,150,1000,1,6645, 2656
radix,150,1000,1,6859, 2672
radix,150,1000,1,6926, 2688
radix,150,1000,1,6584, 2704
radix,150,1000,1,9643, 2720
radix,150,1000,1,10911, 272
radix,150,1000,1,9602, 2736
radix,150,1000,1,6734, 2752
radix,150,1000,1,6856, 2768
radix,150,1000,1,6824, 2784
radix,150,1000,1,6641, 2800
radix,150,1000,1,18599, 2816
radix,150,1000,1,6847, 2832
radix,150,1000,1,10296, 2848
radix,150,1000,1,6758, 2864
radix,150,1000,1,6969, 2880
radix,150,1000,1,7336, 288
radix,150,1000,1,6709, 2896
radix,150,1000,1,6644, 2912
radix,150,1000,1,6736, 2928
radix,150,1000,1,6821, 2944
radix,150,1000,1,7739, 2960
radix,150,1000,1,7035, 2976
radix,150,1000,1,6704, 2992
radix,150,1000,1,6745, 3008
radix,150,1000,1,6773, 3024
radix,150,1000,1,7437, 3040
radix,150,1000,1,6772, 304
radix,150,1000,1,7645, 3056
radix,150,1000,1,6818, 3072
radix,150,1000,1,7036, 3088
radix,150,1000,1,7675, 3104
radix,150,1000,1,7160, 3120
radix,150,1000,1,6645, 3136
radix,150,1000,1,18922, 3152
radix,150,1000,1,9554, 3168
radix,150,1000,1,6673, 3184
radix,150,1000,1,7078, 3200
radix,150,1000,1,6630, 320
radix,150,1000,1,6748, 3216
radix,150,1000,1,6845, 3232
radix,150,1000,1,19339, 3248
radix,150,1000,1,7064, 3264
radix,150,1000,1,7116, 3280
radix,150,1000,1,9836, 3296
radix,150,1000,1,7032, 32
radix,150,1000,1,7352, 3312
radix,150,1000,1,10457, 3328
radix,150,1000,1,6840, 3344
radix,150,1000,1,7007, 3360
radix,150,1000,1,7324, 336
radix,150,1000,1,7002, 3376
radix,150,1000,1,6699, 3392
radix,150,1000,1,6706, 3408
radix,150,1000,1,6982, 3424
radix,150,1000,1,6864, 3440
radix,150,1000,1,6811, 3456
radix,150,1000,1,6812, 3472
radix,150,1000,1,6809, 3488
radix,150,1000,1,10045, 3504
radix,150,1000,1,6886, 3520
radix,150,1000,1,6848, 352
radix,150,1000,1,6621, 3536
radix,150,1000,1,7352, 3552
radix,150,1000,1,6716, 3568
radix,150,1000,1,6870, 3584
radix,150,1000,1,6590, 3600
radix,150,1000,1,6491, 3616
radix,150,1000,1,6894, 3632
radix,150,1000,1,6874, 3648
radix,150,1000,1,6823, 3664
radix,150,1000,1,7134, 3680
radix,150,1000,1,6898, 368
radix,150,1000,1,7105, 3696
radix,150,1000,1,9946, 3712
radix,150,1000,1,6591, 3728
radix,150,1000,1,6829, 3744
radix,150,1000,1,6713, 3760
radix,150,1000,1,6668, 3776
radix,150,1000,1,6817, 3792
radix,150,1000,1,6488, 3808
radix,150,1000,1,7116, 3824
radix,150,1000,1,6781, 3840
radix,150,1000,1,7179, 384
radix,150,1000,1,6536, 3856
radix,150,1000,1,6790, 3872
radix,150,1000,1,6829, 3888
radix,150,1000,1,6596, 3904
radix,150,1000,1,6624, 3920
radix,150,1000,1,9272, 3936
radix,150,1000,1,9675, 3952
radix,150,1000,1,6519, 3968
radix,150,1000,1,6875, 3984
radix,150,1000,1,7055, 4000
radix,150,1000,1,7094, 400
radix,150,1000,1,10019, 4016
radix,150,1000,1,7124, 4032
radix,150,1000,1,6914, 4048
radix,150,1000,1,10054, 4064
radix,150,1000,1,10514, 4080
radix,150,1000,1,6854, 4096
radix,150,1000,1,10421, 416
radix,150,1000,1,7237, 432
radix,150,1000,1,7145, 448
radix,150,1000,1,7077, 464
radix,150,1000,1,6944, 480
radix,150,1000,1,7781, 48
radix,150,1000,1,10111, 496
radix,150,1000,1,6582, 512
radix,150,1000,1,6746, 528
radix,150,1000,1,7317, 544
radix,150,1000,1,18636, 560
radix,150,1000,1,6875, 576
radix,150,1000,1,7098, 592
radix,150,1000,1,7253, 608
radix,150,1000,1,10230, 624
radix,150,1000,1,10691, 640
radix,150,1000,1,6870, 64
radix,150,1000,1,7120, 656
radix,150,1000,1,7087, 672
radix,150,1000,1,6894, 688
radix,150,1000,1,7309, 704
radix,150,1000,1,7131, 720
radix,150,1000,1,10509, 736
radix,150,1000,1,9585, 752
radix,150,1000,1,7411, 768
radix,150,1000,1,7309, 784
radix,150,1000,1,7203, 800
radix,150,1000,1,6775, 80
radix,150,1000,1,6987, 816
radix,150,1000,1,10398, 832
radix,150,1000,1,6926, 848
radix,150,1000,1,6771, 864
radix,150,1000,1,7880, 880
radix,150,1000,1,7152, 896
radix,150,1000,1,6591, 912
radix,150,1000,1,6759, 928
radix,150,1000,1,10016, 944
radix,150,1000,1,6545, 960
radix,150,1000,1,6936, 96
radix,150,1000,1,7141, 976
radix,150,1000,1,7114, 992
radix,250,1000,1,10348, 0
radix,250,1000,1,10690, 1008
radix,250,1000,1,15013, 1024
radix,250,1000,1,10079, 1040
radix,250,1000,1,9789, 1056
radix,250,1000,1,10101, 1072
radix,250,1000,1,10179, 1088
radix,250,1000,1,9804, 1104
radix,250,1000,1,9790, 1120
radix,250,1000,1,10662, 112
radix,250,1000,1,10244, 1136
radix,250,1000,1,14132, 1152
radix,250,1000,1,14669, 1168
radix,250,1000,1,12827, 1184
radix,250,1000,1,9806, 1200
radix,250,1000,1,16524, 1216
radix,250,1000,1,9807, 1232
radix,250,1000,1,9990, 1248
radix,250,1000,1,10190, 1264
radix,250,1000,1,9943, 1280
radix,250,1000,1,14698, 128
radix,250,1000,1,10017, 1296
radix,250,1000,1,9706, 1312
radix,250,1000,1,9897, 1328
radix,250,1000,1,9787, 1344
radix,250,1000,1,14995, 1360
radix,250,1000,1,23163, 1376
radix,250,1000,1,11188, 1392
radix,250,1000,1,10127, 1408
radix,250,1000,1,14408, 1424
radix,250,1000,1,9843, 1440
radix,250,1000,1,10163, 144
radix,250,1000,1,9834, 1456
radix,250,1000,1,25805, 1472
radix,250,1000,1,14705, 1488
radix,250,1000,1,9746, 1504
radix,250,1000,1,22787, 1520
radix,250,1000,1,15973, 1536
radix,250,1000,1,10466, 1552
radix,250,1000,1,10387, 1568
radix,250,1000,1,10354, 1584
radix,250,1000,1,14876, 1600
radix,250,1000,1,16337, 160
radix,250,1000,1,10312, 1616
radix,250,1000,1,10109, 1632
radix,250,1000,1,15250, 1648
radix,250,1000,1,26615, 1664
radix,250,1000,1,9820, 1680
radix,250,1000,1,14798, 1696
radix,250,1000,1,9994, 16
radix,250,1000,1,10190, 1712
radix,250,1000,1,9961, 1728
radix,250,1000,1,10153, 1744
radix,250,1000,1,10108, 1760
radix,250,1000,1,10078, 176
radix,250,1000,1,10085, 1776
radix,250,1000,1,10127, 1792
radix,250,1000,1,14931, 1808
radix,250,1000,1,9910, 1824
radix,250,1000,1,27001, 1840
radix,250,1000,1,10218, 1856
radix,250,1000,1,10657, 1872
radix,250,1000,1,9919, 1888
radix,250,1000,1,10706, 1904
radix,250,1000,1,24014, 1920
radix,250,1000,1,15191, 192
radix,250,1000,1,14721, 1936
radix,250,1000,1,14282, 1952
radix,250,1000,1,9896, 1968
radix,250,1000,1,9844, 1984
radix,250,1000,1,9775, 2000
radix,250,1000,1,10367, 2016
radix,250,1000,1,10056, 2032
radix,250,1000,1,11127, 2048
radix,250,1000,1,10107, 2064
radix,250,1000,1,13255, 2080
radix,250,1000,1,10309, 208
radix,250,1000,1,13506, 2096
radix,250,1000,1,10176, 2112
radix,250,1000,1,10004, 2128
radix,250,1000,1,21659, 2144
radix,250,1000,1,13797, 2160
radix,250,1000,1,10199, 2176
radix,250,1000,1,10838, 2192
radix,250,1000,1,10044, 2208
radix,250,1000,1,10571, 2224
radix,250,1000,1,10181, 2240
radix,250,1000,1,17253, 224
radix,250,1000,1,13451, 2256
radix,250,1000,1,10101, 2272
radix,250,1000,1,14353, 2288
radix,250,1000,1,9865, 2304
radix,250,1000,1,10085, 2320
radix,250,1000,1,10000, 2336
radix,250,1000,1,10099, 2352
radix,250,1000,1,15970, 2368
radix,250,1000,1,14759, 2384
radix,250,1000,1,15509, 2400
radix,250,1000,1,10726, 240
radix,250,1000,1,10164, 2416
radix,250,1000,1,9716, 2432
radix,250,1000,1,9734, 2448
radix,250,1000,1,10043, 2464
radix,250,1000,1,10081, 2480
radix,250,1000,1,10101, 2496
radix,250,1000,1,10072, 2512
radix,250,1000,1,19504, 2528
radix,250,1000,1,10396, 2544
radix,250,1000,1,10147, 2560
radix,250,1000,1,10456, 256
radix,250,1000,1,10024, 2576
radix,250,1000,1,10098, 2592
radix,250,1000,1,14963, 2608
radix,250,1000,1,14713, 2624
radix,250,1000,1,10390, 2640
radix,250,1000,1,10044, 2656
radix,250,1000,1,10038, 2672
radix,250,1000,1,10768, 2688
radix,250,1000,1,14718, 2704
radix,250,1000,1,10247, 2720
radix,250,1000,1,10222, 272
radix,250,1000,1,14383, 2736
radix,250,1000,1,9778, 2752
radix,250,1000,1,9773, 2768
radix,250,1000,1,9713, 2784
radix,250,1000,1,10470, 2800
radix,250,1000,1,9899, 2816
radix,250,1000,1,9770, 2832
radix,250,1000,1,10008, 2848
radix,250,1000,1,10520, 2864
radix,250,1000,1,15036, 2880
radix,250,1000,1,10450, 288
radix,250,1000,1,9706, 2896
radix,250,1000,1,13468, 2912
radix,250,1000,1,9955, 2928
radix,250,1000,1,10377, 2944
radix,250,1000,1,15217, 2960
radix,250,1000,1,14822, 2976
radix,250,1000,1,9682, 2992
radix,250,1000,1,10187, 3008
radix,250,1000,1,10260, 3024
radix,250,1000,1,10055, 3040
radix,250,1000,1,10198, 304
radix,250,1000,1,10127, 3056
radix,250,1000,1,9931, 3072
radix,250,1000,1,10224, 3088
radix,250,1000,1,10507, 3104
radix,250,1000,1,14539, 3120
radix,250,1000,1,10529, 3136
radix,250,1000,1,11982, 3152
radix,250,1000,1,9888, 3168
radix,250,1000,1,10202, 3184
radix,250,1000,1,10112, 3200
radix,250,1000,1,11055, 320
radix,250,1000,1,9933, 3216
radix,250,1000,1,9907, 3232
radix,250,1000,1,9770, 3248
radix,250,1000,1,9728, 3264
radix,250,1000,1,9791, 3280
radix,250,1000,1,10050, 3296
radix,250,1000,1,10188, 32
radix,250,1000,1,16083, 3312
radix,250,1000,1,9855, 3328
radix,250,1000,1,10124, 3344
radix,250,1000,1,14475, 3360
radix,250,1000,1,10922, 336
radix,250,1000,1,10061, 3376
radix,250,1000,1,10018, 3392
radix,250,1000,1,10031, 3408
radix,250,1000,1,14870, 3424
radix,250,1000,1,10032, 3440
radix,250,1000,1,15605, 3456
radix,250,1000,1,10173, 3472
radix,250,1000,1,16149, 3488
radix,250,1000,1,12757, 3504
radix,250,1000,1,10050, 3520
radix,250,1000,1,15210, 352
radix,250,1000,1,9787, 3536
radix,250,1000,1,26439, 3552
radix,250,1000,1,9805, 3568
radix,250,1000,1,10010, 3584
radix,250,1000,1,21205, 3600
radix,250,1000,1,10114, 3616
radix,250,1000,1,15064, 3632
radix,250,1000,1,10122, 3648
radix,250,1000,1,10188, 3664
radix,250,1000,1,10090, 3680
radix,250,1000,1,9857, 368
radix,250,1000,1,16352, 3696
radix,250,1000,1,10032, 3712
radix,250,1000,1,10039, 3728
radix,250,1000,1,16757, 3744
radix,250,1000,1,10332, 3760
radix,250,1000,1,10487, 3776
radix,250,1000,1,10145, 3792
radix,250,1000,1,10039, 3808
radix,250,1000,1,10418, 3824
radix,250,1000,1,10052, 3840
radix,250,1000,1,10227, 384
radix,250,1000,1,10573, 3856
radix,250,1000,1,10107, 3872
radix,250,1000,1,15465, 3888
radix,250,1000,1,10197, 3904
radix,250,1000,1,10202, 3920
radix,250,1000,1,9923, 3936
radix,250,1000,1,10426, 3952
radix,250,1000,1,9740, 3968
radix,250,1000,1,9799, 3984
radix,250,1000,1,10114, 4000
radix,250,1000,1,10332, 400
radix,250,1000,1,10610, 4016
radix,250,1000,1,23565, 4032
radix,250,1000,1,9822, 4048
radix,250,1000,1,9700, 4064
radix,250,1000,1,9804, 4080
radix,250,1000,1,9858, 4096
radix,250,1000,1,14141, 416
radix,250,1000,1,10164, 432
radix,250,1000,1,10276, 448
radix,250,1000,1,9781, 464
radix,250,1000,1,10199, 480
radix,250,1000,1,10169, 48
radix,250,1000,1,10681, 496
radix,250,1000,1,10164, 512
radix,250,1000,1,10132, 528
radix,250,1000,1,10419, 544
radix,250,1000,1,10123, 560
radix,250,1000,1,10223, 576
radix,250,1000,1,9890, 592
radix,250,1000,1,9875, 608
radix,250,1000,1,10345, 624
radix,250,1000,1,10023, 640
radix,250,1000,1,9688, 64
radix,250,1000,1,9992, 656
radix,250,1000,1,10240, 672
radix,250,1000,1,16211, 688
radix,250,1000,1,10123, 704
radix,250,1000,1,9810, 720
radix,250,1000,1,9964, 736
radix,250,1000,1,9858, 752
radix,250,1000,1,15836, 768
radix,250,1000,1,15154, 784
radix,250,1000,1,10506, 800
radix,250,1000,1,14507, 80
radix,250,1000,1,11392, 816
radix,250,1000,1,10154, 832
radix,250,1000,1,10713, 848
radix,250,1000,1,16185, 864
radix,250,1000,1,11181, 880
radix,250,1000,1,20994, 896
radix,250,1000,1,26228, 912
radix,250,1000,1,16837, 928
radix,250,1000,1,9989, 944
radix,250,1000,1,11117, 960
radix,250,1000,1,10632, 96
radix,250,1000,1,14501, 976
radix,250,1000,1,9821, 992
radix,350,1000,1,14337, 0
radix,350,1000,1,19023, 1008
radix,350,1000,1,22375, 1024
radix,350,1000,1,13934, 1040
radix,350,1000,1,12958, 1056
radix,350,1000,1,12937, 1072
radix,350,1000,1,13338, 1088
radix,350,1000,1,14771, 1104
radix,350,1000,1,13046, 1120
radix,350,1000,1,13279, 112
radix,350,1000,1,13821, 1136
radix,350,1000,1,13371, 1152
radix,350,1000,1,13200, 1168
radix,350,1000,1,13380, 1184
radix,350,1000,1,13906, 1200
radix,350,1000,1,24712, 1216
radix,350,1000,1,13839, 1232
radix,350,1000,1,13046, 1248
radix,350,1000,1,12993, 1264
radix,350,1000,1,20038, 1280
radix,350,1000,1,13370, 128
radix,350,1000,1,13386, 1296
radix,350,1000,1,19820, 1312
radix,350,1000,1,12868, 1328
radix,350,1000,1,13480, 1344
radix,350,1000,1,13401, 1360
radix,350,1000,1,12989, 1376
radix,350,1000,1,20938, 1392
radix,350,1000,1,13360, 1408
radix,350,1000,1,19015, 1424
radix,350,1000,1,19909, 1440
radix,350,1000,1,19506, 144
radix,350,1000,1,17735, 1456
radix,350,1000,1,20492, 1472
radix,350,1000,1,19227, 1488
radix,350,1000,1,12878, 1504
radix,350,1000,1,13479, 1520
radix,350,1000,1,13426, 1536
radix,350,1000,1,14251, 1552
radix,350,1000,1,13957, 1568
radix,350,1000,1,13036, 1584
radix,350,1000,1,14169, 1600
radix,350,1000,1,13628, 160
radix,350,1000,1,13277, 1616
radix,350,1000,1,20566, 1632
radix,350,1000,1,12956, 1648
radix,350,1000,1,13788, 1664
radix,350,1000,1,13350, 1680
radix,350,1000,1,13448, 1696
radix,350,1000,1,13506, 16
radix,350,1000,1,14210, 1712
radix,350,1000,1,13293, 1728
radix,350,1000,1,13752, 1744
radix,350,1000,1,19386, 1760
radix,350,1000,1,13358, 176
radix,350,1000,1,18926, 1776
radix,350,1000,1,13400, 1792
radix,350,1000,1,13423, 1808
radix,350,1000,1,26223, 1824
radix,350,1000,1,13299, 1840
radix,350,1000,1,13992, 1856
radix,350,1000,1,13472, 1872
radix,350,1000,1,27497, 1888
radix,350,1000,1,13040, 1904
radix,350,1000,1,20466, 1920
radix,350,1000,1,13491, 192
radix,350,1000,1,13030, 1936
radix,350,1000,1,13268, 1952
radix,350,1000,1,13418, 1968
radix,350,1000,1,13514, 1984
radix,350,1000,1,13329, 2000
radix,350,1000,1,21665, 2016
radix,350,1000,1,24558, 2032
radix,350,1000,1,28239, 2048
radix,350,1000,1,18847, 2064
radix,350,1000,1,14011, 2080
radix,350,1000,1,13357, 208
radix,350,1000,1,17479, 2096
radix,350,1000,1,13321, 2112
radix,350,1000,1,12908, 2128
radix,350,1000,1,12810, 2144
radix,350,1000,1,24425, 2160
radix,350,1000,1,14152, 2176
radix,350,1000,1,13408, 2192
radix,350,1000,1,13358, 2208
radix,350,1000,1,19417, 2224
radix,350,1000,1,13550, 2240
radix,350,1000,1,14369, 224
radix,350,1000,1,17283, 2256
radix,350,1000,1,13350, 2272
radix,350,1000,1,27284, 2288
radix,350,1000,1,13867, 2304
radix,350,1000,1,14427, 2320
radix,350,1000,1,21263, 2336
radix,350,1000,1,13374, 2352
radix,350,1000,1,14401, 2368
radix,350,1000,1,13395, 2384
radix,350,1000,1,13915, 2400
radix,350,1000,1,18785, 240
radix,350,1000,1,19647, 2416
radix,350,1000,1,13304, 2432
radix,350,1000,1,13596, 2448
radix,350,1000,1,25110, 2464
radix,350,1000,1,13503, 2480
radix,350,1000,1,13431, 2496
radix,350,1000,1,12964, 2512
radix,350,1000,1,19556, 2528
radix,350,1000,1,13011, 2544
radix,350,1000,1,24209, 2560
radix,350,1000,1,25110, 256
radix,350,1000,1,13006, 2576
radix,350,1000,1,12968, 2592
radix,350,1000,1,13547, 2608
radix,350,1000,1,21968, 2624
radix,350,1000,1,13950, 2640
radix,350,1000,1,13332, 2656
radix,350,1000,1,12913, 2672
radix,350,1000,1,12963, 2688
radix,350,1000,1,12903, 2704
radix,350,1000,1,13841, 2720
radix,350,1000,1,20110, 272
radix,350,1000,1,13347, 2736
radix,350,1000,1,13412, 2752
radix,350,1000,1,13556, 2768
radix,350,1000,1,12964, 2784
radix,350,1000,1,14039, 2800
radix,350,1000,1,13864, 2816
radix,350,1000,1,20070, 2832
radix,350,1000,1,19754, 2848
radix,350,1000,1,13517, 2864
radix,350,1000,1,14617, 2880
radix,350,1000,1,14360, 288
radix,350,1000,1,19818, 2896
radix,350,1000,1,12966, 2912
radix,350,1000,1,19903, 2928
radix,350,1000,1,19376, 2944
radix,350,1000,1,47211, 2960
radix,350,1000,1,13912, 2976
radix,350,1000,1,13515, 2992
radix,350,1000,1,20586, 3008
radix,350,1000,1,12874, 3024
radix,350,1000,1,13888, 3040
radix,350,1000,1,13399, 304
radix,350,1000,1,13528, 3056
radix,350,1000,1,37319, 3072
radix,350,1000,1,12976, 3088
radix,350,1000,1,13043, 3104
radix,350,1000,1,13009, 3120
radix,350,1000,1,19759, 3136
radix,350,1000,1,13512, 3152
radix,350,1000,1,20564, 3168
radix,350,1000,1,20585, 3184
radix,350,1000,1,13441, 3200
radix,350,1000,1,13281, 320
radix,350,1000,1,12876, 3216
radix,350,1000,1,13460, 3232
radix,350,1000,1,19799, 3248
radix,350,1000,1,20938, 3264
radix,350,1000,1,20282, 3280
radix,350,1000,1,27434, 3296
radix,350,1000,1,12963, 32
radix,350,1000,1,13409, 3312
radix,350,1000,1,14268, 3328
radix,350,1000,1,13358, 3344
radix,350,1000,1,18274, 3360
radix,350,1000,1,12984, 336
radix,350,1000,1,12945, 3376
radix,350,1000,1,12904, 3392
radix,350,1000,1,15530, 3408
radix,350,1000,1,19739, 3424
radix,350,1000,1,20427, 3440
radix,350,1000,1,18402, 3456
radix,350,1000,1,13503, 3472
radix,350,1000,1,13630, 3488
radix,350,1000,1,12979, 3504
radix,350,1000,1,13427, 3520
radix,350,1000,1,12942, 352
radix,350,1000,1,13748, 3536
radix,350,1000,1,13426, 3552
radix,350,1000,1,12886, 3568
radix,350,1000,1,13012, 3584
radix,350,1000,1,12901, 3600
radix,350,1000,1,12911, 3616
radix,350,1000,1,30953, 3632
radix,350,1000,1,12988, 3648
radix,350,1000,1,20303, 3664
radix,350,1000,1,14103, 3680
radix,350,1000,1,13376, 368
radix,350,1000,1,13326, 3696
radix,350,1000,1,20266, 3712
radix,350,1000,1,19377, 3728
radix,350,1000,1,20421, 3744
radix,350,1000,1,19935, 3760
radix,350,1000,1,13101, 3776
radix,350,1000,1,13413, 3792
radix,350,1000,1,13462, 3808
radix,350,1000,1,49317, 3824
radix,350,1000,1,22821, 3840
radix,350,1000,1,12994, 384
radix,350,1000,1,13574, 3856
radix,350,1000,1,13471, 3872
radix,350,1000,1,20870, 3888
radix,350,1000,1,13385, 3904
radix,350,1000,1,13575, 3920
radix,350,1000,1,13820, 3936
radix,350,1000,1,13432, 3952
radix,350,1000,1,13377, 3968
radix,350,1000,1,20357, 3984
radix,350,1000,1,13388, 4000
radix,350,1000,1,18906, 400
radix,350,1000,1,13341, 4016
radix,350,1000,1,13673, 4032
radix,350,1000,1,18971, 4048
radix,350,1000,1,13550, 4064
radix,350,1000,1,18946, 4080
radix,350,1000,1,13336, 4096
radix,350,1000,1,13614, 416
radix,350,1000,1,13396, 432
radix,350,1000,1,13351, 448
radix,350,1000,1,14024, 464
radix,350,1000,1,15368, 480
radix,350,1000,1,19634, 48
radix,350,1000,1,19351, 496
radix,350,1000,1,18857, 512
radix,350,1000,1,12887, 528
radix,350,1000,1,13389, 544
radix,350,1000,1,12940, 560
radix,350,1000,1,13435, 576
radix,350,1000,1,13270, 592
radix,350,1000,1,13320, 608
radix,350,1000,1,12969, 624
radix,350,1000,1,28197, 640
radix,350,1000,1,13490, 64
radix,350,1000,1,20127, 656
radix,350,1000,1,12963, 672
radix,350,1000,1,13359, 688
radix,350,1000,1,21181, 704
radix,350,1000,1,13434, 720
radix,350,1000,1,13415, 736
radix,350,1000,1,13378, 752
radix,350,1000,1,18357, 768
radix,350,1000,1,25677, 784
radix,350,1000,1,13512, 800
radix,350,1000,1,16605, 80
radix,350,1000,1,13370, 816
radix,350,1000,1,13377, 832
radix,350,1000,1,14166, 848
radix,350,1000,1,12913, 864
radix,350,1000,1,15174, 880
radix,350,1000,1,12999, 896
radix,350,1000,1,14631, 912
radix,350,1000,1,18612, 928
radix,350,1000,1,13026, 944
radix,350,1000,1,13380, 960
radix,350,1000,1,13037, 96
radix,350,1000,1,14942, 976
radix,350,1000,1,13441, 992
radix,450,1000,1,16661, 0
radix,450,1000,1,24134, 1008
radix,450,1000,1,30263, 1024
radix,450,1000,1,18004, 1040
radix,450,1000,1,16161, 1056
radix,450,1000,1,17234, 1072
radix,450,1000,1,16834, 1088
radix,450,1000,1,16658, 1104
radix,450,1000,1,16322, 1120
radix,450,1000,1,24088, 112
radix,450,1000,1,16633, 1136
radix,450,1000,1,16219, 1152
radix,450,1000,1,27888, 1168
radix,450,1000,1,31776, 1184
radix,450,1000,1,16184, 1200
radix,450,1000,1,16239, 1216
radix,450,1000,1,16773, 1232
radix,450,1000,1,16618, 1248
radix,450,1000,1,16100, 1264
radix,450,1000,1,16139, 1280
radix,450,1000,1,26254, 128
radix,450,1000,1,24672, 1296
radix,450,1000,1,24092, 1312
radix,450,1000,1,17625, 1328
radix,450,1000,1,16237, 1344
radix,450,1000,1,16758, 1360
radix,450,1000,1,28273, 1376
radix,450,1000,1,16639, 1392
radix,450,1000,1,17015, 1408
radix,450,1000,1,16656, 1424
radix,450,1000,1,16535, 1440
radix,450,1000,1,24959, 144
radix,450,1000,1,24252, 1456
radix,450,1000,1,16081, 1472
radix,450,1000,1,16041, 1488
radix,450,1000,1,24281, 1504
radix,450,1000,1,23655, 1520
radix,450,1000,1,16573, 1536
radix,450,1000,1,17259, 1552
radix,450,1000,1,16572, 1568
radix,450,1000,1,24244, 1584
radix,450,1000,1,16079, 1600
radix,450,1000,1,16020, 160
radix,450,1000,1,16738, 1616
radix,450,1000,1,16124, 1632
radix,450,1000,1,19362, 1648
radix,450,1000,1,16614, 1664
radix,450,1000,1,16115, 1680
radix,450,1000,1,16139, 1696
radix,450,1000,1,33103, 16
radix,450,1000,1,17587, 1712
radix,450,1000,1,16638, 1728
radix,450,1000,1,16620, 1744
radix,450,1000,1,16721, 1760
radix,450,1000,1,16064, 176
radix,450,1000,1,30512, 1776
radix,450,1000,1,23365, 1792
radix,450,1000,1,16768, 1808
radix,450,1000,1,16673, 1824
radix,450,1000,1,26358, 1840
radix,450,1000,1,16097, 1856
radix,450,1000,1,23261, 1872
radix,450,1000,1,16229, 1888
radix,450,1000,1,16623, 1904
radix,450,1000,1,17464, 1920
radix,450,1000,1,16694, 192
radix,450,1000,1,16131, 1936
radix,450,1000,1,16666, 1952
radix,450,1000,1,32045, 1968
radix,450,1000,1,16212, 1984
radix,450,1000,1,19379, 2000
radix,450,1000,1,38088, 2016
radix,450,1000,1,26781, 2032
radix,450,1000,1,25989, 2048
radix,450,1000,1,16589, 2064
radix,450,1000,1,16766, 2080
radix,450,1000,1,25890, 208
radix,450,1000,1,16153, 2096
radix,450,1000,1,16108, 2112
radix,450,1000,1,16350, 2128
radix,450,1000,1,16233, 2144
radix,450,1000,1,16142, 2160
radix,450,1000,1,17975, 2176
radix,450,1000,1,19491, 2192
radix,450,1000,1,17256, 2208
radix,450,1000,1,16641, 2224
radix,450,1000,1,23037, 2240
radix,450,1000,1,24567, 224
radix,450,1000,1,16085, 2256
radix,450,1000,1,17468, 2272
radix,450,1000,1,16192, 2288
radix,450,1000,1,16607, 2304
radix,450,1000,1,16106, 2320
radix,450,1000,1,16318, 2336
radix,450,1000,1,16864, 2352
radix,450,1000,1,17879, 2368
radix,450,1000,1,16756, 2384
radix,450,1000,1,16601, 2400
radix,450,1000,1,24735, 240
radix,450,1000,1,16144, 2416
radix,450,1000,1,16209, 2432
radix,450,1000,1,18255, 2448
radix,450,1000,1,16650, 2464
radix,450,1000,1,26067, 2480
radix,450,1000,1,25117, 2496
radix,450,1000,1,24696, 2512
radix,450,1000,1,27372, 2528
radix,450,1000,1,16645, 2544
radix,450,1000,1,25498, 2560
radix,450,1000,1,16046, 256
radix,450,1000,1,17622, 2576
radix,450,1000,1,16745, 2592
radix,450,1000,1,24487, 2608
radix,450,1000,1,17300, 2624
radix,450,1000,1,31292, 2640
radix,450,1000,1,16753, 2656
radix,450,1000,1,16673, 2672
radix,450,1000,1,16249, 2688
radix,450,1000,1,16057, 2704
radix,450,1000,1,16625, 2720
radix,450,1000,1,16209, 272
radix,450,1000,1,16382, 2736
radix,450,1000,1,25704, 2752
radix,450,1000,1,17670, 2768
radix,450,1000,1,32270, 2784
radix,450,1000,1,24459, 2800
radix,450,1000,1,23837, 2816
radix,450,1000,1,25293, 2832
radix,450,1000,1,23826, 2848
radix,450,1000,1,16102, 2864
radix,450,1000,1,24404, 2880
radix,450,1000,1,25177, 288
radix,450,1000,1,17249, 2896
radix,450,1000,1,16729, 2912
radix,450,1000,1,20809, 2928
radix,450,1000,1,16753, 2944
radix,450,1000,1,16801, 2960
radix,450,1000,1,24939, 2976
radix,450,1000,1,16682, 2992
radix,450,1000,1,25414, 3008
radix,450,1000,1,16148, 3024
radix,450,1000,1,16616, 3040
radix,450,1000,1,16251, 304
radix,450,1000,1,21851, 3056
radix,450,1000,1,16220, 3072
radix,450,1000,1,16145, 3088
radix,450,1000,1,24336, 3104
radix,450,1000,1,16134, 3120
radix,450,1000,1,16702, 3136
radix,450,1000,1,16577, 3152
radix,450,1000,1,25763, 3168
radix,450,1000,1,16603, 3184
radix,450,1000,1,16126, 3200
radix,450,1000,1,16856, 320
radix,450,1000,1,17278, 3216
radix,450,1000,1,16663, 3232
radix,450,1000,1,20270, 3248
radix,450,1000,1,16797, 3264
radix,450,1000,1,24164, 3280
radix,450,1000,1,16069, 3296
radix,450,1000,1,17736, 32
radix,450,1000,1,25084, 3312
radix,450,1000,1,26107, 3328
radix,450,1000,1,38698, 3344
radix,450,1000,1,17544, 3360
radix,450,1000,1,23747, 336
radix,450,1000,1,16636, 3376
radix,450,1000,1,25442, 3392
radix,450,1000,1,17407, 3408
radix,450,1000,1,28086, 3424
radix,450,1000,1,16181, 3440
radix,450,1000,1,17211, 3456
radix,450,1000,1,16783, 3472
radix,450,1000,1,16688, 3488
radix,450,1000,1,24365, 3504
radix,450,1000,1,30713, 3520
radix,450,1000,1,18440, 352
radix,450,1000,1,16056, 3536
radix,450,1000,1,17563, 3552
radix,450,1000,1,16648, 3568
radix,450,1000,1,17353, 3584
radix,450,1000,1,16618, 3600
radix,450,1000,1,16827, 3616
radix,450,1000,1,16714, 3632
radix,450,1000,1,18700, 3648
radix,450,1000,1,16650, 3664
radix,450,1000,1,16195, 3680
radix,450,1000,1,16646, 368
radix,450,1000,1,24514, 3696
radix,450,1000,1,25086, 3712
radix,450,1000,1,16324, 3728
radix,450,1000,1,17301, 3744
radix,450,1000,1,16608, 3760
radix,450,1000,1,17438, 3776
radix,450,1000,1,18524, 3792
radix,450,1000,1,16669, 3808
radix,450,1000,1,23362, 3824
radix,450,1000,1,16827, 3840
radix,450,1000,1,25297, 384
radix,450,1000,1,17138, 3856
radix,450,1000,1,16810, 3872
radix,450,1000,1,16618, 3888
radix,450,1000,1,16741, 3904
radix,450,1000,1,16599, 3920
radix,450,1000,1,16697, 3936
radix,450,1000,1,16656, 3952
radix,450,1000,1,16777, 3968
radix,450,1000,1,26636, 3984
radix,450,1000,1,23283, 4000
radix,450,1000,1,16191, 400
radix,450,1000,1,26204, 4016
radix,450,1000,1,28050, 4032
radix,450,1000,1,16090, 4048
radix,450,1000,1,16744, 4064
radix,450,1000,1,16684, 4080
radix,450,1000,1,16635, 4096
radix,450,1000,1,21749, 416
radix,450,1000,1,16019, 432
radix,450,1000,1,16706, 448
radix,450,1000,1,16689, 464
radix,450,1000,1,27096, 480
radix,450,1000,1,16616, 48
radix,450,1000,1,24154, 496
radix,450,1000,1,16667, 512
radix,450,1000,1,16229, 528
radix,450,1000,1,16135, 544
radix,450,1000,1,24194, 560
radix,450,1000,1,17302, 576
radix,450,1000,1,25575, 592
radix,450,1000,1,16573, 608
radix,450,1000,1,24306, 624
radix,450,1000,1,16155, 640
radix,450,1000,1,25218, 64
radix,450,1000,1,24014, 656
radix,450,1000,1,16291, 672
radix,450,1000,1,27475, 688
radix,450,1000,1,16095, 704
radix,450,1000,1,25900, 720
radix,450,1000,1,16134, 736
radix,450,1000,1,16204, 752
radix,450,1000,1,16738, 768
radix,450,1000,1,16667, 784
radix,450,1000,1,16710, 800
radix,450,1000,1,19221, 80
radix,450,1000,1,16915, 816
radix,450,1000,1,17050, 832
radix,450,1000,1,16177, 848
radix,450,1000,1,16083, 864
radix,450,1000,1,21299, 880
radix,450,1000,1,16066, 896
radix,450,1000,1,16172, 912
radix,450,1000,1,16705, 928
radix,450,1000,1,23786, 944
radix,450,1000,1,16641, 960
radix,450,1000,1,17427, 96
radix,450,1000,1,16026, 976
radix,450,1000,1,16087, 992
radix,50,1000,1,5394, 0
radix,50,1000,1,3671, 1008
radix,50,1000,1,3538, 1024
radix,50,1000,1,3300, 1040
radix,50,1000,1,4919, 1056
radix,50,1000,1,3724, 1072
radix,50,1000,1,3387, 1088
radix,50,1000,1,3574, 1104
radix,50,1000,1,4000, 1120
radix,50,1000,1,3632, 112
radix,50,1000,1,3748, 1136
radix,50,1000,1,5544, 1152
radix,50,1000,1,3504, 1168
radix,50,1000,1,3457, 1184
radix,50,1000,1,3512, 1200
radix,50,1000,1,3467, 1216
radix,50,1000,1,3449, 1232
radix,50,1000,1,3651, 1248
radix,50,1000,1,5032, 1264
radix,50,1000,1,3720, 1280
radix,50,1000,1,3650, 128
radix,50,1000,1,3480, 1296
radix,50,1000,1,3589, 1312
radix,50,1000,1,3445, 1328
radix,50,1000,1,3710, 1344
radix,50,1000,1,5069, 1360
radix,50,1000,1,3396, 1376
radix,50,1000,1,6701, 1392
radix,50,1000,1,3533, 1408
radix,50,1000,1,3387, 1424
radix,50,1000,1,4222, 1440
radix,50,1000,1,3787, 144
radix,50,1000,1,3404, 1456
radix,50,1000,1,5177, 1472
radix,50,1000,1,3890, 1488
radix,50,1000,1,5645, 1504
radix,50,1000,1,3572, 1520
radix,50,1000,1,5111, 1536
radix,50,1000,1,5444, 1552
radix,50,1000,1,3701, 1568
radix,50,1000,1,3569, 1584
radix,50,1000,1,3367, 1600
radix,50,1000,1,3723, 160
radix,50,1000,1,4699, 1616
radix,50,1000,1,3411, 1632
radix,50,1000,1,3626, 1648
radix,50,1000,1,3605, 1664
radix,50,1000,1,3602, 1680
radix,50,1000,1,5174, 1696
radix,50,1000,1,3484, 16
radix,50,1000,1,3499, 1712
radix,50,1000,1,3764, 1728
radix,50,1000,1,4900, 1744
radix,50,1000,1,4383, 1760
radix,50,1000,1,3623, 176
radix,50,1000,1,3420, 1776
radix,50,1000,1,3957, 1792
radix,50,1000,1,3470, 1808
radix,50,1000,1,5179, 1824
radix,50,1000,1,3508, 1840
radix,50,1000,1,5836, 1856
radix,50,1000,1,5026, 1872
radix,50,1000,1,3608, 1888
radix,50,1000,1,3679, 1904
radix,50,1000,1,4711, 1920
radix,50,1000,1,3488, 192
radix,50,1000,1,4349, 1936
radix,50,1000,1,4715, 1952
radix,50,1000,1,3336, 1968
radix,50,1000,1,4934, 1984
radix,50,1000,1,3523, 2000
radix,50,1000,1,3564, 2016
radix,50,1000,1,3434, 2032
radix,50,1000,1,3576, 2048
radix,50,1000,1,6067, 2064
radix,50,1000,1,5568, 2080
radix,50,1000,1,3712, 208
radix,50,1000,1,3807, 2096
radix,50,1000,1,3525, 2112
radix,50,1000,1,5392, 2128
radix,50,1000,1,5737, 2144
radix,50,1000,1,3452, 2160
radix,50,1000,1,3420, 2176
radix,50,1000,1,4418, 2192
radix,50,1000,1,3362, 2208
radix,50,1000,1,3464, 2224
radix,50,1000,1,5112, 2240
radix,50,1000,1,5131, 224
radix,50,1000,1,4774, 2256
radix,50,1000,1,4312, 2272
radix,50,1000,1,4148, 2288
radix,50,1000,1,3632, 2304
radix,50,1000,1,4897, 2320
radix,50,1000,1,3484, 2336
radix,50,1000,1,3639, 2352
radix,50,1000,1,4673, 2368
radix,50,1000,1,3460, 2384
radix,50,1000,1,3358, 2400
radix,50,1000,1,3340, 240
radix,50,1000,1,3555, 2416
radix,50,1000,1,3585, 2432
radix,50,1000,1,3490, 2448
radix,50,1000,1,3418, 2464
radix,50,1000,1,5408, 2480
radix,50,1000,1,3295, 2496
radix,50,1000,1,3516, 2512
radix,50,1000,1,3466, 2528
radix,50,1000,1,4589, 2544
radix,50,1000,1,4964, 2560
radix,50,1000,1,3461, 256
radix,50,1000,1,3682, 2576
radix,50,1000,1,5219, 2592
radix,50,1000,1,4782, 2608
radix,50,1000,1,3651, 2624
radix,50,1000,1,3529, 2640
radix,50,1000,1,3498, 2656
radix,50,1000,1,5000, 2672
radix,50,1000,1,3499, 2688
radix,50,1000,1,3882, 2704
radix,50,1000,1,3440, 2720
radix,50,1000,1,4694, 272
radix,50,1000,1,3401, 2736
radix,50,1000,1,3456, 2752
radix,50,1000,1,3598, 2768
radix,50,1000,1,3628, 2784
radix,50,1000,1,4989, 2800
radix,50,1000,1,42500, 2816
radix,50,1000,1,3421, 2832
radix,50,1000,1,3595, 2848
radix,50,1000,1,3659, 2864
radix,50,1000,1,3436, 2880
radix,50,1000,1,3623, 288
radix,50,1000,1,3600, 2896
radix,50,1000,1,3409, 2912
radix,50,1000,1,4567, 2928
radix,50,1000,1,3504, 2944
radix,50,1000,1,3469, 2960
radix,50,1000,1,4819, 2976
radix,50,1000,1,3391, 2992
radix,50,1000,1,3441, 3008
radix,50,1000,1,5394, 3024
radix,50,1000,1,3510, 3040
radix,50,1000,1,3742, 304
radix,50,1000,1,5952, 3056
radix,50,1000,1,5610, 3072
radix,50,1000,1,3574, 3088
radix,50,1000,1,3529, 3104
radix,50,1000,1,3552, 3120
radix,50,1000,1,5464, 3136
radix,50,1000,1,4006, 3152
radix,50,1000,1,3650, 3168
radix,50,1000,1,3404, 3184
radix,50,1000,1,3628, 3200
radix,50,1000,1,3761, 320
radix,50,1000,1,3410, 3216
radix,50,1000,1,3393, 3232
radix,50,1000,1,3562, 3248
radix,50,1000,1,3415, 3264
radix,50,1000,1,3554, 3280
radix,50,1000,1,3673, 3296
radix,50,1000,1,3487, 32
radix,50,1000,1,3479, 3312
radix,50,1000,1,3932, 3328
radix,50,1000,1,3408, 3344
radix,50,1000,1,5160, 3360
radix,50,1000,1,4897, 336
radix,50,1000,1,5128, 3376
radix,50,1000,1,3648, 3392
radix,50,1000,1,3385, 3408
radix,50,1000,1,3603, 3424
radix,50,1000,1,3938, 3440
radix,50,1000,1,5157, 3456
radix,50,1000,1,3475, 3472
radix,50,1000,1,3567, 3488
radix,50,1000,1,3330, 3504
radix,50,1000,1,3553, 3520
radix,50,1000,1,3719, 352
radix,50,1000,1,3530, 3536
radix,50,1000,1,3418, 3552
radix,50,1000,1,5149, 3568
radix,50,1000,1,3413, 3584
radix,50,1000,1,3630, 3600
radix,50,1000,1,5593, 3616
radix,50,1000,1,3408, 3632
radix,50,1000,1,5878, 3648
radix,50,1000,1,5004, 3664
radix,50,1000,1,3434, 3680
radix,50,1000,1,15000, 368
radix,50,1000,1,5815, 3696
radix,50,1000,1,3354, 3712
radix,50,1000,1,5314, 3728
radix,50,1000,1,3491, 3744
radix,50,1000,1,3560, 3760
radix,50,1000,1,3429, 3776
radix,50,1000,1,3559, 3792
radix,50,1000,1,3590, 3808
radix,50,1000,1,3694, 3824
radix,50,1000,1,3464, 3840
radix,50,1000,1,3505, 384
radix,50,1000,1,3607, 3856
radix,50,1000,1,3649, 3872
radix,50,1000,1,3649, 3888
radix,50,1000,1,3557, 3904
radix,50,1000,1,3304, 3920
radix,50,1000,1,6388, 3936
radix,50,1000,1,5408, 3952
radix,50,1000,1,3505, 3968
radix,50,1000,1,3677, 3984
radix,50,1000,1,3509, 4000
radix,50,1000,1,3413, 400
radix,50,1000,1,3511, 4016
radix,50,1000,1,5657, 4032
radix,50,1000,1,4405, 4048
radix,50,1000,1,3646, 4064
radix,50,1000,1,3508, 4080
radix,50,1000,1,3686, 4096
radix,50,1000,1,3613, 416
radix,50,1000,1,3404, 432
radix,50,1000,1,3709, 448
radix,50,1000,1,5245, 464
radix,50,1000,1,3733, 480
radix,50,1000,1,3416, 48
radix,50,1000,1,5508, 496
radix,50,1000,1,3620, 512
radix,50,1000,1,3724, 528
radix,50,1000,1,5278, 544
radix,50,1000,1,3786, 560
radix,50,1000,1,3344, 576
radix,50,1000,1,7339, 592
radix,50,1000,1,3689, 608
radix,50,1000,1,4046, 624
radix,50,1000,1,3721, 640
radix,50,1000,1,3328, 64
radix,50,1000,1,3653, 656
radix,50,1000,1,3526, 672
radix,50,1000,1,3770, 688
radix,50,1000,1,3503, 704
radix,50,1000,1,5265, 720
radix,50,1000,1,3702, 736
radix,50,1000,1,3488, 752
radix,50,1000,1,3781, 768
radix,50,1000,1,3434, 784
radix,50,1000,1,4295, 800
radix,50,1000,1,7851, 80
radix,50,1000,1,3824, 816
radix,50,1000,1,3890, 832
radix,50,1000,1,3432, 848
radix,50,1000,1,4039, 864
radix,50,1000,1,6365, 880
radix,50,1000,1,3529, 896
radix,50,1000,1,4788, 912
radix,50,1000,1,5426, 928
radix,50,1000,1,6091, 944
radix,50,1000,1,4542, 960
radix,50,1000,1,3647, 96
radix,50,1000,1,3788, 976
radix,50,1000,1,3690, 992
radix,550,1000,1,31935, 0
radix,550,1000,1,19945, 1008
radix,550,1000,1,20047, 1024
radix,550,1000,1,20188, 1040
radix,550,1000,1,19365, 1056
radix,550,1000,1,23558, 1072
radix,550,1000,1,19754, 1088
radix,550,1000,1,20042, 1104
radix,550,1000,1,40166, 1120
radix,550,1000,1,34379, 112
radix,550,1000,1,20348, 1136
radix,550,1000,1,19683, 1152
radix,550,1000,1,19338, 1168
radix,550,1000,1,20326, 1184
radix,550,1000,1,20822, 1200
radix,550,1000,1,20192, 1216
radix,550,1000,1,20296, 1232
radix,550,1000,1,19504, 1248
radix,550,1000,1,20615, 1264
radix,550,1000,1,20379, 1280
radix,550,1000,1,20146, 128
radix,550,1000,1,28552, 1296
radix,550,1000,1,20590, 1312
radix,550,1000,1,19904, 1328
radix,550,1000,1,19930, 1344
radix,550,1000,1,29892, 1360
radix,550,1000,1,20519, 1376
radix,550,1000,1,19658, 1392
radix,550,1000,1,30914, 1408
radix,550,1000,1,29028, 1424
radix,550,1000,1,19386, 1440
radix,550,1000,1,29592, 144
radix,550,1000,1,31135, 1456
radix,550,1000,1,20004, 1472
radix,550,1000,1,19223, 1488
radix,550,1000,1,31149, 1504
radix,550,1000,1,19466, 1520
radix,550,1000,1,19996, 1536
radix,550,1000,1,20079, 1552
radix,550,1000,1,19402, 1568
radix,550,1000,1,30099, 1584
radix,550,1000,1,20120, 1600
radix,550,1000,1,19800, 160
radix,550,1000,1,20924, 1616
radix,550,1000,1,30417, 1632
radix,550,1000,1,20040, 1648
radix,550,1000,1,19654, 1664
radix,550,1000,1,31129, 1680
radix,550,1000,1,20631, 1696
radix,550,1000,1,19707, 16
radix,550,1000,1,20785, 1712
radix,550,1000,1,19983, 1728
radix,550,1000,1,19678, 1744
radix,550,1000,1,30860, 1760
radix,550,1000,1,20258, 176
radix,550,1000,1,19548, 1776
radix,550,1000,1,20016, 1792
radix,550,1000,1,30105, 1808
radix,550,1000,1,30854, 1824
radix,550,1000,1,20148, 1840
radix,550,1000,1,20136, 1856
radix,550,1000,1,20231, 1872
radix,550,1000,1,20175, 1888
radix,550,1000,1,19548, 1904
radix,550,1000,1,19543, 1920
radix,550,1000,1,29128, 192
radix,550,1000,1,20593, 1936
radix,550,1000,1,27650, 1952
radix,550,1000,1,24500, 1968
radix,550,1000,1,20379, 1984
radix,550,1000,1,19588, 2000
radix,550,1000,1,40479, 2016
radix,550,1000,1,21699, 2032
radix,550,1000,1,30502, 2048
radix,550,1000,1,39993, 2064
radix,550,1000,1,20214, 2080
radix,550,1000,1,19961, 208
radix,550,1000,1,19444, 2096
radix,550,1000,1,20782, 2112
radix,550,1000,1,20719, 2128
radix,550,1000,1,19413, 2144
radix,550,1000,1,19928, 2160
radix,550,1000,1,19279, 2176
radix,550,1000,1,27749, 2192
radix,550,1000,1,30763, 2208
radix,550,1000,1,20067, 2224
radix,550,1000,1,19288, 2240
radix,550,1000,1,20156, 224
radix,550,1000,1,20222, 2256
radix,550,1000,1,21478, 2272
radix,550,1000,1,20580, 2288
radix,550,1000,1,20006, 2304
radix,550,1000,1,19991, 2320
radix,550,1000,1,21406, 2336
radix,550,1000,1,23371, 2352
radix,550,1000,1,19617, 2368
radix,550,1000,1,21010, 2384
radix,550,1000,1,34940, 2400
radix,550,1000,1,22871, 240
radix,550,1000,1,29922, 2416
radix,550,1000,1,29597, 2432
radix,550,1000,1,20028, 2448
radix,550,1000,1,19793, 2464
radix,550,1000,1,19658, 2480
radix,550,1000,1,20999, 2496
radix,550,1000,1,19860, 2512
radix,550,1000,1,21226, 2528
radix,550,1000,1,19866, 2544
radix,550,1000,1,20387, 2560
radix,550,1000,1,21123, 256
radix,550,1000,1,21048, 2576
radix,550,1000,1,32514, 2592
radix,550,1000,1,19415, 2608
radix,550,1000,1,20670, 2624
radix,550,1000,1,20849, 2640
radix,550,1000,1,20815, 2656
radix,550,1000,1,29417, 2672
radix,550,1000,1,23865, 2688
radix,550,1000,1,20997, 2704
radix,550,1000,1,20402, 2720
radix,550,1000,1,20361, 272
radix,550,1000,1,20410, 2736
radix,550,1000,1,19410, 2752
radix,550,1000,1,19388, 2768
radix,550,1000,1,27904, 2784
radix,550,1000,1,45013, 2800
radix,550,1000,1,20342, 2816
radix,550,1000,1,30418, 2832
radix,550,1000,1,20228, 2848
radix,550,1000,1,22226, 2864
radix,550,1000,1,29520, 2880
radix,550,1000,1,20382, 288
radix,550,1000,1,19334, 2896
radix,550,1000,1,19603, 2912
radix,550,1000,1,20077, 2928
radix,550,1000,1,20283, 2944
radix,550,1000,1,30209, 2960
radix,550,1000,1,31168, 2976
radix,550,1000,1,47655, 2992
radix,550,1000,1,19621, 3008
radix,550,1000,1,20184, 3024
radix,550,1000,1,21750, 3040
radix,550,1000,1,32454, 304
radix,550,1000,1,20209, 3056
radix,550,1000,1,19938, 3072
radix,550,1000,1,19605, 3088
radix,550,1000,1,20021, 3104
radix,550,1000,1,19973, 3120
radix,550,1000,1,19420, 3136
radix,550,1000,1,20275, 3152
radix,550,1000,1,31435, 3168
radix,550,1000,1,19268, 3184
radix,550,1000,1,25641, 3200
radix,550,1000,1,20202, 320
radix,550,1000,1,20820, 3216
radix,550,1000,1,20026, 3232
radix,550,1000,1,35857, 3248
radix,550,1000,1,19279, 3264
radix,550,1000,1,22027, 3280
radix,550,1000,1,19884, 3296
radix,550,1000,1,19972, 32
radix,550,1000,1,19962, 3312
radix,550,1000,1,31343, 3328
radix,550,1000,1,20317, 3344
radix,550,1000,1,30173, 3360
radix,550,1000,1,20351, 336
radix,550,1000,1,20078, 3376
radix,550,1000,1,19618, 3392
radix,550,1000,1,32153, 3408
radix,550,1000,1,21170, 3424
radix,550,1000,1,26267, 3440
radix,550,1000,1,20974, 3456
radix,550,1000,1,20105, 3472
radix,550,1000,1,20644, 3488
radix,550,1000,1,19871, 3504
radix,550,1000,1,30131, 3520
radix,550,1000,1,20825, 352
radix,550,1000,1,29956, 3536
radix,550,1000,1,19933, 3552
radix,550,1000,1,23331, 3568
radix,550,1000,1,20736, 3584
radix,550,1000,1,29338, 3600
radix,550,1000,1,19947, 3616
radix,550,1000,1,20087, 3632
radix,550,1000,1,20032, 3648
radix,550,1000,1,30382, 3664
radix,550,1000,1,20040, 3680
radix,550,1000,1,20135, 368
radix,550,1000,1,31842, 3696
radix,550,1000,1,29494, 3712
radix,550,1000,1,21513, 3728
radix,550,1000,1,30157, 3744
radix,550,1000,1,30196, 3760
radix,550,1000,1,19868, 3776
radix,550,1000,1,29824, 3792
radix,550,1000,1,29290, 3808
radix,550,1000,1,20190, 3824
radix,550,1000,1,19952, 3840
radix,550,1000,1,45100, 384
radix,550,1000,1,20580, 3856
radix,550,1000,1,29157, 3872
radix,550,1000,1,20620, 3888
radix,550,1000,1,19213, 3904
radix,550,1000,1,19904, 3920
radix,550,1000,1,20757, 3936
radix,550,1000,1,20183, 3952
radix,550,1000,1,28733, 3968
radix,550,1000,1,30049, 3984
radix,550,1000,1,19723, 4000
radix,550,1000,1,21028, 400
radix,550,1000,1,20169, 4016
radix,550,1000,1,20437, 4032
radix,550,1000,1,30360, 4048
radix,550,1000,1,19988, 4064
radix,550,1000,1,29540, 4080
radix,550,1000,1,19619, 4096
radix,550,1000,1,28355, 416
radix,550,1000,1,32004, 432
radix,550,1000,1,26023, 448
radix,550,1000,1,19645, 464
radix,550,1000,1,20088, 480
radix,550,1000,1,28096, 48
radix,550,1000,1,19884, 496
radix,550,1000,1,19914, 512
radix,550,1000,1,28468, 528
radix,550,1000,1,19692, 544
radix,550,1000,1,29071, 560
radix,550,1000,1,19352, 576
radix,550,1000,1,19443, 592
radix,550,1000,1,19269, 608
radix,550,1000,1,20520, 624
radix,550,1000,1,28734, 640
radix,550,1000,1,29994, 64
radix,550,1000,1,19923, 656
radix,550,1000,1,19389, 672
radix,550,1000,1,19506, 688
radix,550,1000,1,31403, 704
radix,550,1000,1,19217, 720
radix,550,1000,1,20504, 736
radix,550,1000,1,31520, 752
radix,550,1000,1,19808, 768
radix,550,1000,1,20576, 784
radix,550,1000,1,20181, 800
radix,550,1000,1,40596, 80
radix,550,1000,1,20409, 816
radix,550,1000,1,19526, 832
radix,550,1000,1,20044, 848
radix,550,1000,1,24848, 864
radix,550,1000,1,31280, 880
radix,550,1000,1,24106, 896
radix,550,1000,1,29196, 912
radix,550,1000,1,28956, 928
radix,550,1000,1,20135, 944
radix,550,1000,1,19948, 960
radix,550,1000,1,29573, 96
radix,550,1000,1,20249, 976
radix,550,1000,1,19304, 992
radix,650,1000,1,34452, 0
radix,650,1000,1,22579, 1008
radix,650,1000,1,23004, 1024
radix,650,1000,1,34663, 1040
radix,650,1000,1,22810, 1056
radix,650,1000,1,23184, 1072
radix,650,1000,1,24610, 1088
radix,650,1000,1,22611, 1104
radix,650,1000,1,27581, 1120
radix,650,1000,1,22670, 112
radix,650,1000,1,23836, 1136
radix,650,1000,1,38835, 1152
radix,650,1000,1,23822, 1168
radix,650,1000,1,31971, 1184
radix,650,1000,1,23219, 1200
radix,650,1000,1,23100, 1216
radix,650,1000,1,33011, 1232
radix,650,1000,1,33883, 1248
radix,650,1000,1,23609, 1264
radix,650,1000,1,22835, 1280
radix,650,1000,1,22534, 128
radix,650,1000,1,22791, 1296
radix,650,1000,1,23874, 1312
radix,650,1000,1,22873, 1328
radix,650,1000,1,34413, 1344
radix,650,1000,1,23103, 1360
radix,650,1000,1,34979, 1376
radix,650,1000,1,23070, 1392
radix,650,1000,1,34312, 1408
radix,650,1000,1,23056, 1424
radix,650,1000,1,23788, 1440
radix,650,1000,1,34876, 144
radix,650,1000,1,23147, 1456
radix,650,1000,1,24137, 1472
radix,650,1000,1,23930, 1488
radix,650,1000,1,24084, 1504
radix,650,1000,1,23888, 1520
radix,650,1000,1,24084, 1536
radix,650,1000,1,24393, 1552
radix,650,1000,1,30497, 1568
radix,650,1000,1,24122, 1584
radix,650,1000,1,23900, 1600
radix,650,1000,1,34114, 160
radix,650,1000,1,26099, 1616
radix,650,1000,1,22968, 1632
radix,650,1000,1,24902, 1648
radix,650,1000,1,23148, 1664
radix,650,1000,1,23065, 1680
radix,650,1000,1,35246, 1696
radix,650,1000,1,24148, 16
radix,650,1000,1,34029, 1712
radix,650,1000,1,23738, 1728
radix,650,1000,1,23293, 1744
radix,650,1000,1,49463, 1760
radix,650,1000,1,23487, 176
radix,650,1000,1,22990, 1776
radix,650,1000,1,25268, 1792
radix,650,1000,1,23437, 1808
radix,650,1000,1,23265, 1824
radix,650,1000,1,34649, 1840
radix,650,1000,1,22463, 1856
radix,650,1000,1,24811, 1872
radix,650,1000,1,23273, 1888
radix,650,1000,1,33934, 1904
radix,650,1000,1,23600, 1920
radix,650,1000,1,24183, 192
radix,650,1000,1,34300, 1936
radix,650,1000,1,33700, 1952
radix,650,1000,1,22419, 1968
radix,650,1000,1,23211, 1984
radix,650,1000,1,22925, 2000
radix,650,1000,1,23328, 2016
radix,650,1000,1,33062, 2032
radix,650,1000,1,34411, 2048
radix,650,1000,1,23326, 2064
radix,650,1000,1,23382, 2080
radix,650,1000,1,22666, 208
radix,650,1000,1,23522, 2096
radix,650,1000,1,25715, 2112
radix,650,1000,1,29966, 2128
radix,650,1000,1,22926, 2144
radix,650,1000,1,22826, 2160
radix,650,1000,1,23477, 2176
radix,650,1000,1,23542, 2192
radix,650,1000,1,28038, 2208
radix,650,1000,1,22995, 2224
radix,650,1000,1,34331, 2240
radix,650,1000,1,23740, 224
radix,650,1000,1,34981, 2256
radix,650,1000,1,22914, 2272
radix,650,1000,1,23433, 2288
radix,650,1000,1,35190, 2304
radix,650,1000,1,33316, 2320
radix,650,1000,1,22973, 2336
radix,650,1000,1,22978, 2352
radix,650,1000,1,23454, 2368
radix,650,1000,1,45946, 2384
radix,650,1000,1,23914, 2400
radix,650,1000,1,34350, 240
radix,650,1000,1,23907, 2416
radix,650,1000,1,23595, 2432
radix,650,1000,1,23022, 2448
radix,650,1000,1,23760, 2464
radix,650,1000,1,36131, 2480
radix,650,1000,1,23998, 2496
radix,650,1000,1,23948, 2512
radix,650,1000,1,28743, 2528
radix,650,1000,1,35898, 2544
radix,650,1000,1,23274, 2560
radix,650,1000,1,23308, 256
radix,650,1000,1,34308, 2576
radix,650,1000,1,23750, 2592
radix,650,1000,1,24509, 2608
radix,650,1000,1,23967, 2624
radix,650,1000,1,23924, 2640
radix,650,1000,1,23702, 2656
radix,650,1000,1,35293, 2672
radix,650,1000,1,23930, 2688
radix,650,1000,1,23738, 2704
radix,650,1000,1,22932, 2720
radix,650,1000,1,24017, 272
radix,650,1000,1,24241, 2736
radix,650,1000,1,23588, 2752
radix,650,1000,1,23737, 2768
radix,650,1000,1,24427, 2784
radix,650,1000,1,23083, 2800
radix,650,1000,1,23466, 2816
radix,650,1000,1,28710, 2832
radix,650,1000,1,35485, 2848
radix,650,1000,1,23975, 2864
radix,650,1000,1,23404, 2880
radix,650,1000,1,23909, 288
radix,650,1000,1,31237, 2896
radix,650,1000,1,35160, 2912
radix,650,1000,1,35797, 2928
radix,650,1000,1,33506, 2944
radix,650,1000,1,23818, 2960
radix,650,1000,1,24179, 2976
radix,650,1000,1,23855, 2992
radix,650,1000,1,32420, 3008
radix,650,1000,1,23787, 3024
radix,650,1000,1,24706, 3040
radix,650,1000,1,23643, 304
radix,650,1000,1,22995, 3056
radix,650,1000,1,24315, 3072
radix,650,1000,1,35036, 3088
radix,650,1000,1,33777, 3104
radix,650,1000,1,27883, 3120
radix,650,1000,1,24145, 3136
radix,650,1000,1,23618, 3152
radix,650,1000,1,30851, 3168
radix,650,1000,1,51387, 3184
radix,650,1000,1,24061, 3200
radix,650,1000,1,33334, 320
radix,650,1000,1,36517, 3216
radix,650,1000,1,23509, 3232
radix,650,1000,1,33931, 3248
radix,650,1000,1,35201, 3264
radix,650,1000,1,23220, 3280
radix,650,1000,1,38395, 3296
radix,650,1000,1,24531, 32
radix,650,1000,1,38716, 3312
radix,650,1000,1,44734, 3328
radix,650,1000,1,30145, 3344
radix,650,1000,1,22663, 3360
radix,650,1000,1,23521, 336
radix,650,1000,1,27702, 3376
radix,650,1000,1,35751, 3392
radix,650,1000,1,34396, 3408
radix,650,1000,1,34469, 3424
radix,650,1000,1,23297, 3440
radix,650,1000,1,28481, 3456
radix,650,1000,1,23269, 3472
radix,650,1000,1,24112, 3488
radix,650,1000,1,23158, 3504
radix,650,1000,1,35651, 3520
radix,650,1000,1,22588, 352
radix,650,1000,1,23780, 3536
radix,650,1000,1,24497, 3552
radix,650,1000,1,24058, 3568
radix,650,1000,1,24043, 3584
radix,650,1000,1,28079, 3600
radix,650,1000,1,26801, 3616
radix,650,1000,1,24352, 3632
radix,650,1000,1,23285, 3648
radix,650,1000,1,23735, 3664
radix,650,1000,1,23849, 3680
radix,650,1000,1,23884, 368
radix,650,1000,1,23819, 3696
radix,650,1000,1,36733, 3712
radix,650,1000,1,24356, 3728
radix,650,1000,1,24507, 3744
radix,650,1000,1,24469, 3760
radix,650,1000,1,24371, 3776
radix,650,1000,1,22912, 3792
radix,650,1000,1,23546, 3808
radix,650,1000,1,23481, 3824
radix,650,1000,1,23767, 3840
radix,650,1000,1,32628, 384
radix,650,1000,1,24682, 3856
radix,650,1000,1,28010, 3872
radix,650,1000,1,23704, 3888
radix,650,1000,1,23522, 3904
radix,650,1000,1,22642, 3920
radix,650,1000,1,23489, 3936
radix,650,1000,1,25083, 3952
radix,650,1000,1,38932, 3968
radix,650,1000,1,23484, 3984
radix,650,1000,1,34578, 4000
radix,650,1000,1,35640, 400
radix,650,1000,1,23709, 4016
radix,650,1000,1,24339, 4032
radix,650,1000,1,24164, 4048
radix,650,1000,1,23345, 4064
radix,650,1000,1,23445, 4080
radix,650,1000,1,23345, 4096
radix,650,1000,1,33280, 416
radix,650,1000,1,33235, 432
radix,650,1000,1,23690, 448
radix,650,1000,1,23055, 464
radix,650,1000,1,22974, 480
radix,650,1000,1,23949, 48
radix,650,1000,1,22873, 496
radix,650,1000,1,24455, 512
radix,650,1000,1,23701, 528
radix,650,1000,1,23616, 544
radix,650,1000,1,23651, 560
radix,650,1000,1,23167, 576
radix,650,1000,1,24924, 592
radix,650,1000,1,24610, 608
radix,650,1000,1,23504, 624
radix,650,1000,1,22542, 640
radix,650,1000,1,35226, 64
radix,650,1000,1,35941, 656
radix,650,1000,1,23745, 672
radix,650,1000,1,35620, 688
radix,650,1000,1,23594, 704
radix,650,1000,1,23020, 720
radix,650,1000,1,24434, 736
radix,650,1000,1,22926, 752
radix,650,1000,1,23502, 768
radix,650,1000,1,45510, 784
radix,650,1000,1,34253, 800
radix,650,1000,1,23656, 80
radix,650,1000,1,23490, 816
radix,650,1000,1,23734, 832
radix,650,1000,1,24226, 848
radix,650,1000,1,24277, 864
radix,650,1000,1,33585, 880
radix,650,1000,1,23588, 896
radix,650,1000,1,34003, 912
radix,650,1000,1,23364, 928
radix,650,1000,1,23333, 944
radix,650,1000,1,33797, 960
radix,650,1000,1,34299, 96
radix,650,1000,1,36183, 976
radix,650,1000,1,36731, 992
radix,750,1000,1,26691, 0
radix,750,1000,1,25871, 1008
radix,750,1000,1,26516, 1024
radix,750,1000,1,27227, 1040
radix,750,1000,1,52853, 1056
radix,750,1000,1,26524, 1072
radix,750,1000,1,26522, 1088
radix,750,1000,1,31683, 1104
radix,750,1000,1,27262, 1120
radix,750,1000,1,27417, 112
radix,750,1000,1,28460, 1136
radix,750,1000,1,28430, 1152
radix,750,1000,1,26596, 1168
radix,750,1000,1,26774, 1184
radix,750,1000,1,26795, 1200
radix,750,1000,1,26651, 1216
radix,750,1000,1,44793, 1232
radix,750,1000,1,43799, 1248
radix,750,1000,1,39157, 1264
radix,750,1000,1,27232, 1280
radix,750,1000,1,58519, 128
radix,750,1000,1,27193, 1296
radix,750,1000,1,27391, 1312
radix,750,1000,1,26375, 1328
radix,750,1000,1,26591, 1344
radix,750,1000,1,26299, 1360
radix,750,1000,1,27362, 1376
radix,750,1000,1,39643, 1392
radix,750,1000,1,49996, 1408
radix,750,1000,1,61384, 1424
radix,750,1000,1,37000, 1440
radix,750,1000,1,26340, 144
radix,750,1000,1,38560, 1456
radix,750,1000,1,27255, 1472
radix,750,1000,1,41431, 1488
radix,750,1000,1,26267, 1504
radix,750,1000,1,26457, 1520
radix,750,1000,1,27693, 1536
radix,750,1000,1,25819, 1552
radix,750,1000,1,26814, 1568
radix,750,1000,1,27329, 1584
radix,750,1000,1,27060, 1600
radix,750,1000,1,27889, 160
radix,750,1000,1,39366, 1616
radix,750,1000,1,26266, 1632
radix,750,1000,1,27459, 1648
radix,750,1000,1,39064, 1664
radix,750,1000,1,26079, 1680
radix,750,1000,1,40398, 1696
radix,750,1000,1,27110, 16
radix,750,1000,1,27345, 1712
radix,750,1000,1,37502, 1728
radix,750,1000,1,26389, 1744
radix,750,1000,1,27020, 1760
radix,750,1000,1,27997, 176
radix,750,1000,1,25983, 1776
radix,750,1000,1,41613, 1792
radix,750,1000,1,33758, 1808
radix,750,1000,1,28412, 1824
radix,750,1000,1,43247, 1840
radix,750,1000,1,27232, 1856
radix,750,1000,1,38754, 1872
radix,750,1000,1,27972, 1888
radix,750,1000,1,26248, 1904
radix,750,1000,1,27326, 1920
radix,750,1000,1,39083, 192
radix,750,1000,1,28410, 1936
radix,750,1000,1,30562, 1952
radix,750,1000,1,27058, 1968
radix,750,1000,1,39016, 1984
radix,750,1000,1,27025, 2000
radix,750,1000,1,28000, 2016
radix,750,1000,1,50042, 2032
radix,750,1000,1,42671, 2048
radix,750,1000,1,28043, 2064
radix,750,1000,1,46325, 2080
radix,750,1000,1,40937, 208
radix,750,1000,1,27685, 2096
radix,750,1000,1,26393, 2112
radix,750,1000,1,26677, 2128
radix,750,1000,1,27594, 2144
radix,750,1000,1,27531, 2160
radix,750,1000,1,27233, 2176
radix,750,1000,1,26786, 2192
radix,750,1000,1,27219, 2208
radix,750,1000,1,27918, 2224
radix,750,1000,1,27247, 2240
radix,750,1000,1,29473, 224
radix,750,1000,1,27249, 2256
radix,750,1000,1,40442, 2272
radix,750,1000,1,26392, 2288
radix,750,1000,1,37995, 2304
radix,750,1000,1,39502, 2320
radix,750,1000,1,38401, 2336
radix,750,1000,1,30642, 2352
radix,750,1000,1,25934, 2368
radix,750,1000,1,39576, 2384
radix,750,1000,1,40614, 2400
radix,750,1000,1,28644, 240
radix,750,1000,1,26762, 2416
radix,750,1000,1,26725, 2432
radix,750,1000,1,26620, 2448
radix,750,1000,1,26816, 2464
radix,750,1000,1,26132, 2480
radix,750,1000,1,35596, 2496
radix,750,1000,1,26610, 2512
radix,750,1000,1,26452, 2528
radix,750,1000,1,37977, 2544
radix,750,1000,1,27379, 2560
radix,750,1000,1,37841, 256
radix,750,1000,1,26896, 2576
radix,750,1000,1,39357, 2592
radix,750,1000,1,26060, 2608
radix,750,1000,1,26857, 2624
radix,750,1000,1,27005, 2640
radix,750,1000,1,41287, 2656
radix,750,1000,1,38763, 2672
radix,750,1000,1,30424, 2688
radix,750,1000,1,65775, 2704
radix,750,1000,1,41836, 2720
radix,750,1000,1,26712, 272
radix,750,1000,1,26412, 2736
radix,750,1000,1,26830, 2752
radix,750,1000,1,40395, 2768
radix,750,1000,1,50817, 2784
radix,750,1000,1,42834, 2800
radix,750,1000,1,26444, 2816
radix,750,1000,1,27095, 2832
radix,750,1000,1,38867, 2848
radix,750,1000,1,26464, 2864
radix,750,1000,1,27667, 2880
radix,750,1000,1,38419, 288
radix,750,1000,1,46757, 2896
radix,750,1000,1,38415, 2912
radix,750,1000,1,42917, 2928
radix,750,1000,1,27064, 2944
radix,750,1000,1,27244, 2960
radix,750,1000,1,27151, 2976
radix,750,1000,1,26119, 2992
radix,750,1000,1,27235, 3008
radix,750,1000,1,39580, 3024
radix,750,1000,1,26975, 3040
radix,750,1000,1,26687, 304
radix,750,1000,1,27435, 3056
radix,750,1000,1,26727, 3072
radix,750,1000,1,27920, 3088
radix,750,1000,1,40489, 3104
radix,750,1000,1,26912, 3120
radix,750,1000,1,26306, 3136
radix,750,1000,1,39453, 3152
radix,750,1000,1,53597, 3168
radix,750,1000,1,27709, 3184
radix,750,1000,1,38690, 3200
radix,750,1000,1,38537, 320
radix,750,1000,1,26118, 3216
radix,750,1000,1,41088, 3232
radix,750,1000,1,27260, 3248
radix,750,1000,1,26332, 3264
radix,750,1000,1,27256, 3280
radix,750,1000,1,26709, 3296
radix,750,1000,1,44373, 32
radix,750,1000,1,25698, 3312
radix,750,1000,1,27729, 3328
radix,750,1000,1,29356, 3344
radix,750,1000,1,27290, 3360
radix,750,1000,1,27059, 336
radix,750,1000,1,27331, 3376
radix,750,1000,1,26543, 3392
radix,750,1000,1,27272, 3408
radix,750,1000,1,35434, 3424
radix,750,1000,1,40754, 3440
radix,750,1000,1,27376, 3456
radix,750,1000,1,30960, 3472
radix,750,1000,1,39873, 3488
radix,750,1000,1,26399, 3504
radix,750,1000,1,38627, 3520
radix,750,1000,1,26219, 352
radix,750,1000,1,27375, 3536
radix,750,1000,1,26483, 3552
radix,750,1000,1,60645, 3568
radix,750,1000,1,27903, 3584
radix,750,1000,1,27509, 3600
radix,750,1000,1,49823, 3616
radix,750,1000,1,26811, 3632
radix,750,1000,1,39504, 3648
radix,750,1000,1,26379, 3664
radix,750,1000,1,25992, 3680
radix,750,1000,1,39794, 368
radix,750,1000,1,44923, 3696
radix,750,1000,1,39829, 3712
radix,750,1000,1,26168, 3728
radix,750,1000,1,26183, 3744
radix,750,1000,1,25986, 3760
radix,750,1000,1,27801, 3776
radix,750,1000,1,27002, 3792
radix,750,1000,1,26027, 3808
radix,750,1000,1,26191, 3824
radix,750,1000,1,26298, 3840
radix,750,1000,1,26231, 384
radix,750,1000,1,26077, 3856
radix,750,1000,1,33323, 3872
radix,750,1000,1,41934, 3888
radix,750,1000,1,27429, 3904
radix,750,1000,1,28382, 3920
radix,750,1000,1,28455, 3936
radix,750,1000,1,26627, 3952
radix,750,1000,1,27945, 3968
radix,750,1000,1,28870, 3984
radix,750,1000,1,26932, 4000
radix,750,1000,1,26624, 400
radix,750,1000,1,26969, 4016
radix,750,1000,1,26939, 4032
radix,750,1000,1,27715, 4048
radix,750,1000,1,26646, 4064
radix,750,1000,1,27280, 4080
radix,750,1000,1,26268, 4096
radix,750,1000,1,39389, 416
radix,750,1000,1,27252, 432
radix,750,1000,1,27190, 448
radix,750,1000,1,26646, 464
radix,750,1000,1,27273, 480
radix,750,1000,1,26733, 48
radix,750,1000,1,40184, 496
radix,750,1000,1,27897, 512
radix,750,1000,1,26940, 528
radix,750,1000,1,26364, 544
radix,750,1000,1,26560, 560
radix,750,1000,1,42120, 576
radix,750,1000,1,39154, 592
radix,750,1000,1,27448, 608
radix,750,1000,1,27217, 624
radix,750,1000,1,40777, 640
radix,750,1000,1,27657, 64
radix,750,1000,1,27175, 656
radix,750,1000,1,26351, 672
radix,750,1000,1,45342, 688
radix,750,1000,1,27688, 704
radix,750,1000,1,26316, 720
radix,750,1000,1,26089, 736
radix,750,1000,1,27402, 752
radix,750,1000,1,27262, 768
radix,750,1000,1,26298, 784
radix,750,1000,1,27622, 800
radix,750,1000,1,44186, 80
radix,750,1000,1,26527, 816
radix,750,1000,1,27281, 832
radix,750,1000,1,27566, 848
radix,750,1000,1,29449, 864
radix,750,1000,1,40902, 880
radix,750,1000,1,27231, 896
radix,750,1000,1,27197, 912
radix,750,1000,1,26227, 928
radix,750,1000,1,27091, 944
radix,750,1000,1,27464, 960
radix,750,1000,1,27390, 96
radix,750,1000,1,42443, 976
radix,750,1000,1,40720, 992
